id,domain,url,crawled_date,anh_xe,ten,gia_ban,hang_xe,phien_ban,tinh_trang_xe,tinh_thanh,nhien_lieu,mau_ngoai_that,dong_xe,nam_san_xuat,hop_so,kieu_dang,xuat_xu,so_cua,so_ghe_ngoi,dong_co,dung_tich_xi_lanh,dung_tich_binh_nhien_lieu,dan_dong,mo_ta
7ffbaf65-8594-42d1-b257-ba87edb46484,www.carmudi.vn,https://www.carmudi.vn/ban-xe-o-to-ban-porsche-cayenne-coupe-2019-cu-ha-noi-407170/,1656843618.01092,https://static.carmudi.vn/files/07-2021/ad407170/ban-porsche-cayenne-coupe-2019-cu-ha-n-i-1376469071_large.jpg,bán porsche cayenne coupe 2019 cũ hà nội,6599000000.0,porsche,coupe,cũ,hà nội,xăng,cam,cayenne,2019,tự động,coupe,nhập khẩu,5,5,3.0,3,,awd,"orsche Cayenne Coupe model 2020 
 
Odo: 9000km  - tên tư nhân 
Màu cam // nội thất ghi 
Full option với rất nhiều trang bị như: 
Mâm 22"" mang thiết kế 911 Turbo Design 
Đèn LED MATRIX full cao cấp 
Đèn hậu LED 3D kéo dài ngang đuôi xe 
Camera 360Cửa hit 
Nội thất sử dụng da cao cấp Nappa 
Núm xoay chuyển chế độ lái được tích hợp trên vô lăng 
Màn hình cảm ứng lớn 12,3 inch 
Ghế chỉnh điện 18 hướng bao gồm nhớ ghế 3 vị trí 
Điều hoà tự động 4 vùng độc lập 
Nâng hạ gầm Đồng hồ Chrono 
 
có hỗ chợ ngân hàng cho ai có nhu cầu 
Vui lòng liên hệ để có giá và thông tin cụ thể"
5ac8f9b1-d7c7-406f-b46c-19935798fc36,www.carmudi.vn,https://www.carmudi.vn/ban-xe-o-to-ban-rolls-royce-phantom-ewb-phien-ban-100-nam-416044/,1656843618.085815,https://static.carmudi.vn/files/04-2022/ad416044/ban-rolls-royce-phantom-ewb-phien-bcyn-100-nam-1609118797_large.jpg,bán rolls-royce phantom ewb phiên bản 100 năm,19500000000.0,rolls_royce,ewb,cũ,hà nội,xăng,trắng,phantom,2011,tự động,sedan,nhập khẩu,4,4,6.75,6.75,,rwd,"Rolls Royce Phantom EWB 2012 duy nhất tại việt nam.  
Phiên bản kỉ niệm 100 năm 
Full option. 
• Biểu tượng Spirit of Ecstacy xuất hiện nổi bật trên chất liệu thép không gỉ. 
• Nội thất làm thủ công ốp trai và gỗ quý, 
• camera 
• hộp đựng ly kết hợp bàn làm việc với 2 màn hình giải trí cao cấp 
• Ghế ngồi bên trong xe được thiết kế đơn giản với đường chỉ thêu ở tựa đầu mỗi ghế"
ba97c621-df02-4e07-be06-f4ea83e2ed3d,www.carmudi.vn,https://www.carmudi.vn/ban-xe-o-to-mini-cooper-s-5-door-2018-km2v5-chinh-chu-bien-ha-noi-dep-417114/,1656843618.155973,https://static.carmudi.vn/files/07-2022/ad417114/mini-cooper-s-5-door-2018-km2v5-chinh-ch-bi-n-ha-n-i-d-p-2098632653_large.jpg,mini cooper s 5 door 2018 - km2v5 - chính chủ biển hà nội đẹp,1750000000.0,mini,5 door,cũ,hà nội,xăng,trắng,cooper_s,2018,tự động,hatchback,nhập khẩu,5,5,2.0l,1998,,cầu sau,"Bán xe Mini Cooper S sx 2018 - Đăng ký T7/2019 
Dòng thể thao mạnh mẽ, cá tính 
Chính chủ không trung gian 
Xe còn mới, ít đi. Km: 25.000 
Màu trắng/Nội thất nâu 
Biển số đẹp Hà Nội 
Full lịch sử hãng. Ko đâm đụng ngập nước. Bao check  
Còn BH chính hãng hết T7/2022 
 
Ưu tiên người dùng quan tâm &amp; cùng gu 
Xem xe kv Times City, HBT, Hà Nội 
Liên hệ: Nam – 0988 93 90 94"
64a14e2c-a633-4f1e-b9c6-8fa01da46765,www.carmudi.vn,https://www.carmudi.vn/ban-xe-o-to-toyota-alphard-2019-xe-chay-luot-399813/,1656843618.189285,https://static.carmudi.vn/files/10-2020/ad399813/toyota-alphard-2019-xe-chdhy-lu-t-733911148_large.jpg,toyota alphard  2019 xe chạy lướt,3990000000.0,toyota,excutive long,cũ,hà nội,xăng,đen,alphard,2019,tự động,coupe,nhập khẩu,5,7,3.5,3.5,,fwd,"Thông tin mô tả: 
TOYOTA ALPHARD - Chuyên Cơ Mặt đất 
- Động cơ V6 3.5L 
Năm sản xuất 2019, đăng ký tháng 06/2019 
- Tên Cty, hóa đơn xuất 3,5 tỷ 
Số chỗ ngồi : 7 chỗ 
Kiểu dáng : , sang trọng, lịch lãm 
Nhiên liệu : Xăng 
Xuất xứ : Xe nhập khẩu 
Hộp số tự động 8 cấp êm ái 
Tiện nghi hạng nhất: 
- Ghế chỉnh điện 4 hướng, gập ngả 180 độ, đệm đỡ chân và tựa tay, hệ thống sưởi và làm mát. 
Màn hình giải trí 9 inch phía sau 
Hệ thống âm thanh đỉnh cao với 17 loa JBL, nghe cực đã 
.... và rất nhiều Option khác 
Hỗ trợ bank 70%"
053994f5-9f9c-455d-bb76-a6785f538161,www.carmudi.vn,https://www.carmudi.vn/ban-xe-o-to-ban-porsche-panamera-30-v6-2018-cu-ha-noi-416317/,1656843618.289241,https://static.carmudi.vn/files/05-2022/ad416317/ban-porsche-panamera-3-0-v6-2018-cu-ha-n-i-1891633571_large.jpg,bán porsche panamera 3.0 v6 2018 cũ hà nội,5500000000.0,porsche,3.0 v6,cũ,hà nội,xăng,trắng,panamera,2018,tự động,sedan,nhập khẩu,4,4,3.0,3,,rwd,"Bán xe Porsche Panamera sx 2018 nhập khẩu từ Đức . 
Xe bản full đồ loa Bose,cửa nóc,nội thất ốp gỗ rất đẹp,toàn bộ ghế chỉnh điện ,xe nhập khẩu chính hãng ,có vành thể thao,nhiều chế độ chạy,cánh lướt gió ."
3ab1bdc6-8168-4053-925d-577355916d36,www.carmudi.vn,https://www.carmudi.vn/ban-xe-o-to-ban-rolls-royce-phantom-2011-cu-ha-noi-416171/,1656843618.342037,https://static.carmudi.vn/files/05-2022/ad416171/ban-rolls-royce-phantom-2011-cu-ha-n-i-390294779_large.jpg,bán rolls-royce phantom  2011 cũ hà nội,19500000000.0,rolls_royce,ewb,cũ,hà nội,xăng,trắng,phantom,2011,tự động,sedan,nhập khẩu,4,5,6.75,6.75,,awd,"Sản xuất với số lượng ít ỏi và mang ý nghĩ lịch sử của hãng chế tạo xe hơi hạng sang Anh Quốc, nên toàn bộ số xe phiên bản Rolls-Royce Phantom Spirit of Ecstasy Edition đều có sự khác biệt nhất định, đặc biệt là chất liệu cấu thành nội thất của chiếc xe. 
Quý khách vui lòng liên hệ với salon để có thông tin chi tiết nhất."
8be424dd-377c-4928-8987-8b0b9e3b4ebb,www.carmudi.vn,https://www.carmudi.vn/ban-xe-o-to-toyota-vios-g-2019-417101/,1656843618.36077,https://static.carmudi.vn/files/07-2022/ad417101/toyota-vios-g-2015889400_large.jpg,toyota vios g 2019,526000000.0,toyota,g,cũ,đồng nai,xăng,xám,vios,2019,tự động,sedan,nhập khẩu,4,5,1.5,1498,,,"Xe bán ra luôn đảm bảo không đâm đụng, ngập nước 
- Hỗ trợ ngân hàng 70% giá trị xe 
- Hỗ trợ sang tên, thủ tục pháp lý 
- Tặng gói ƯU ĐÃI chỉ có tại Easycar Group: 
- MIỄN PHÍ kiểm tra tổng quát toàn xe cho KH ở 1.000 km đầu tiên. 
- MIỄN PHÍ thay nhớt ở 5.000 km hoặc 3 tháng tiếp theo 
- MIỄN PHÍ thay thế NHỚT, LỌC NHỚT ở 10,000km hoặc 6 tháng tiếp theo 
(Tùy điều kiện nào đến trước) 
-------------------------------------------- 
Liên hệ : 0797 797 515 
- Easycar Đồng Nai : 643 QL 1A, P.Long Bình, TP Biên Hoà, Đồng Nai."
37709f21-8c23-4260-a6d6-79fe9e970e75,www.carmudi.vn,https://www.carmudi.vn/ban-xe-o-to-ban-mercedes-benz-glc200-2021-cu-quan-7-417102/,1656843618.499539,https://static.carmudi.vn/files/07-2022/ad417102/ban-mercedes-benz-glc200-2021-cu-qu-n-1035947238_large.jpeg,bán mercedes-benz glc200 2021 cũ quận 7,1829000000.0,mercedes_benz,2021,cũ,hồ chí minh,xăng,đen,glc200,2021,tự động,suv,nhập khẩu,5,5,xăng,1000,,cầu sau,
e29e24e4-3f9b-4fed-ab18-b81720700561,www.carmudi.vn,https://www.carmudi.vn/ban-xe-o-to-ban-mazda-3-facelift-2017-cu-417103/,1656843618.521963,https://static.carmudi.vn/files/07-2022/ad417103/ban-mazda-3-facelift-2017-cu-1866951049_large.jpg,bán mazda 3 facelift 2017 cũ,540000000.0,mazda,facelift,cũ,khánh hòa,xăng,xanh dương,mazda_3,2017,tự động,sedan,nhập khẩu,4,5,skyactive,1500,,,Chính chủ 1 đời
0a8785df-026c-4fbb-a168-bd51e9fdc291,www.carmudi.vn,https://www.carmudi.vn/ban-xe-o-to-ban-mercedes-benz-e250-2017-luot-nhin-moi-keng-417104/,1656843618.572576,https://static.carmudi.vn/files/07-2022/ad417104/ban-mercedes-benz-e250-2017-lu-t-nhin-m-i-keng-1702707543_large.jpeg,bán mercedes-benz e250 2017 lướt nhìn mới keng,1679000000.0,mercedes_benz,2017,cũ,hồ chí minh,xăng,đen,e250,2017,tự động,sedan,nhập khẩu,5,5,xăng,1000,,cầu sau,"E250 ngoại thất đen, nội thất đen 
 
Sx 2017 
Gia 1ty6xx 
Lướt 26.000km 
 
Salon Good Car hân hạnh phục vụ quý khách"
190486a4-31c8-4d34-8b9a-afcd4f25032e,www.carmudi.vn,https://www.carmudi.vn/ban-xe-o-to-mercedes-benz-e200-exclusive-2021-cu-ho-chi-minh-lien-he-ngay-de-nhan-gia-tot-xe-zin-nguyen-ban-417107/,1656843618.662893,https://static.carmudi.vn/files/07-2022/ad417107/mercedes-benz-e200-exclusive-2021-cu-h-chi-minh-lien-h-ngay-d-nh-n-gia-t-t-xe-zin-nguyen-bcyn-422501626_large.jpg,mercedes-benz e200 exclusive 2021 cũ hồ chí minh - liên hệ ngay để nhận giá tốt - xe zin nguyên bản,2299000000.0,mercedes_benz,exclusive,cũ,hồ chí minh,xăng,trắng,e200,2021,tự động,sedan,nhập khẩu,4,5,2.0,1991,,,"Mercedes-Benz E200 Exclusive Model 2021 
- Màu trắng, nội thất đen 
- Sản xuất 2021 
- Xe mới lăn bánh:10.000 cây. 
Giá: 2 tỷ2xx VNĐ.  
Hỗ trợ trả góp toàn quốc đến 70% _ 90%giá trị xe. 
GOOD CAR CAM KẾT:không bị đâm đụng,không bị thủy kích,km chuẩn hộp số zin. 
- Xác định rõ nguồn gốc xuất xứ và đúng năm sản xuất. 
- Hỗ trợ hồ sơ khó,nợ xấu ,hỗ trợ chứng minh thu nhập. 
290 Nguyễn Văn Linh, Phường Tân Thuận Tây, Quận 7, Tp.Hồ Chí Minh. 
Hotline :  Bấm để xem số điện thoại  ( TẤN PHÁT) 
#Good_Car_Always_Like_New 
#Mercedes_Benz E200ex  
#Sản_xuất_2021 
#Good_Car 
#Xeluot"
53c2f24b-6718-4d5f-9340-8ef107a209c4,www.carmudi.vn,https://www.carmudi.vn/ban-xe-o-to-toyota-highlander-limited-35-2015-cu-ha-noi-397055/,1656843618.798617,https://static.carmudi.vn/files/08-2020/ad397055/toyota-highlander-limited-3-5-2015-cu-ha-n-i-1435566702_large.jpg,toyota highlander limited 3.5 2015 cũ hà nội,2099000000.0,toyota,limited,cũ,hà nội,xăng,vàng đồng,highlander,2015,tự động,suv,nhập khẩu,5,7,3.5,3.5,,awd,"Bán xe Toyota Highlander Limited 3.5 AWD 
Xe sản xuất 2015 đăng ký 2016 nhập Mỹ bản full đồ,phanh khoảng cách,cảnh báo lệch làn,loa JBL,cốp điện,vành thể thao. 
 
xe còn rất mới bản 2 cầu,có sấy ghế và làm mát ghế ,hỗ trợ đổ đèo ,cảnh báo vượt."
e7941f2f-771e-41f2-9988-53d0e0bfae65,www.carmudi.vn,https://www.carmudi.vn/ban-xe-o-to-ban-mercedes-e250-doi-2010-xe-cung-417106/,1656843618.817119,https://static.carmudi.vn/files/07-2022/ad417106/ban-mercedes-e250-d-i-2010-xe-c-ng-968902311_large.jpg,bán mercedes e250 đời 2010 xe cứng,450000000.0,mercedes_benz,thường,cũ,hồ chí minh,xăng,nâu,e250,2010,tự động,sedan,nhập khẩu,4,5,xăng,1.8,,,"XE NHÀ ĐI GHẾ DA, TRẦN DA LỘN CÒN LUNG LINH XE KHÔNG ĐÂM ĐỤNG, NGẬP NƯỚC BẢO DƯỠNG ĐỊNH KỲ THƯỜNG XUYÊN BAO THẦY THỢ,  
Biển số tp.hcm. 
Test hãng thoải mái. Xe được trang bị động cơ 1.8 có turbo tăng áp mạnh mẽ không hao xăng, nội thất nghế da và ốp trần da lộn cao cấp, hai nghế điện nhớ vị trí, dàn lạnh hai vùng độc lập."
12131a95-a998-4994-96e9-b2c724d93be1,www.carmudi.vn,https://www.carmudi.vn/ban-xe-o-to-xe-kia-k250-25-tan-co-san-giao-ngay-tai-mien-nam-417110/?oid=416962,1656843618.901722,https://static.carmudi.vn/files/06-2022/ad417110/xe-kia-k250-2-5-tzhn-co-s-n-giao-ngay-tti-mi-n-nam-1084769665_large.jpg,"xe kia k250 2,5 tấn có sẵn giao ngay tại miền nam",428000000.0,thaco,,cũ,hồ chí minh,,xám,frontier,,,,nhập khẩu,,,,,,,XE TẢI KIA K250 2.49 TẤN THÙNG BẠT DÀI 3M5
7e8c0cbd-414e-45f3-80c8-c0c5939178a7,www.carmudi.vn,https://www.carmudi.vn/ban-xe-o-to-ban-mercedes-benz-c180-2020-luot-nhu-moi-tphcm-quan-7-417105/,1656843618.969891,https://static.carmudi.vn/files/07-2022/ad417105/ban-mercedes-benz-c180-2020-lu-t-nhu-m-i-tphcm-qu-n-2058383221_large.jpeg,bán mercedes-benz c180 2020 lướt như mới tphcm quận 7,1269000000.0,mercedes_benz,2020,cũ,hồ chí minh,xăng,trắng,c180,2020,tự động,sedan,nhập khẩu,5,5,xăng,1000,,cầu sau,
61fb6d31-95ea-47b1-b259-064e0bd3a53b,www.carmudi.vn,https://www.carmudi.vn/ban-xe-o-to-ban-lexus-gx-460-prenium-2016-cu-ha-noi-417112/,1656843619.052789,https://static.carmudi.vn/files/07-2022/ad417112/ban-lexus-gx-460-prenium-2016-cu-ha-n-i-1570321680_large.jpg,bán lexus gx 460 prenium 2016 cũ hà nội,3750000000.0,lexus,prenium,cũ,hà nội,xăng,trắng,gx_460,2016,tự động,suv,nhập khẩu,5,7,dual vtti,4.6,,awd,"- Lexus GX460 Sản xuất 2016 
- Xe đi chuẩn 4 vạn km 
- Đẹp nhất Việt Nam, bao check trên toàn quốc, nguyên zin 100% 
- Hỗ trợ ngân hàng 80%, thủ tục nhanh gọn, Uy tín 
- Hệ thống nâng hạ gầm 
- Hệ thống cảnh báo chệch làn đường, camera đỗ xe phía trước và bên cạnh. 
- Màn hình cảm ứng 8 inch và hệ thống âm thanh chín loa với đầu CD, Siri Eyes Free, đài vệ tinh, đài HD và hai cổng USB. 
- Liên hệ để có thông tin và giá tốt nhất 
- Mr Anh Dũng"
63584d01-7eb0-4c8b-acf0-aa9e6fb0d720,www.carmudi.vn,https://www.carmudi.vn/ban-xe-o-to-ban-toyota-land-cruiser-prado-vx-2021-cu-ha-noi-417111/,1656843619.182668,https://static.carmudi.vn/files/07-2022/ad417111/ban-toyota-land-cruiser-prado-vx-2021-cu-ha-n-i-646546500_large.jpg,bán toyota land cruiser prado vx 2021 cũ hà nội,2990000000.0,toyota,vx,cũ,hà nội,xăng,trắng,land_cruiser_prado,2021,tự động,suv,nhập khẩu,5,7,dual vtti,2.7,,rwd,"Bán xe Toyota Prado VX 2.7 
Sản xuất 2021 model 2022 mẫu mới nhất của Toyota toàn cầu. 
Xe có loa JBL,hộp lạnh,hệ thống camera toàn cảnh 360.Đặc biệt xe mới đi 6000km."
1ba8a119-6f8e-454e-9139-d2ecf4c776f8,www.carmudi.vn,https://www.carmudi.vn/ban-xe-o-to-bentley-continental-flying-spur-sieu-moi-403680/,1656843619.335865,https://static.carmudi.vn/files/01-2021/ad403680/bentley-continental-flying-spur-sieu-m-i-516685783_large.jpg,bentley continental flying spur siêu mới,9500000000.0,bentley,luxury,cũ,hà nội,xăng,trắng,continental_flying_spur,2013,tự động,sedan,nhập khẩu,4,5,w12,6,,rwd,"Bán Bentley Flying Spur W12 2014 
- Xe quá đẹp, 1 chủ từ đầu, đăng ký lần đầu 2016, chạy chuẩn 2 vạn miles 
- Cam kết nguyên bản đến từng con ốc, Không đâm, không ngập 
- Mua bán uy tín tại salon, Mua nhanh, bán nhanh 
- Thông tin xe 
- hệ thống rửa đèn và dải LED ban ngày bao quanh. Đèn hậu, đèn sương mù LED, ống xả mạ chrome hình bầu dục, vành 21 inch 10 chấu kép. 
- Ghế lái và ghế phụ chỉnh điện 14 hướng có bộ nhớ, màn hình cảm ứng 8 inch, hệ thống âm thanh cao cấp với ổ CD/DVD 6 ổ đĩa dành cho Bentley, camera lùi, rèm che nắng chỉnh điện. 
- Liên hệ để có giá tốt nhất"
435c97d3-b9e4-4fb5-88f1-2d85fe5f65ac,www.carmudi.vn,https://www.carmudi.vn/ban-xe-o-to-ban-kia-sorento-dath-ban-full-may-dau-22-tu-dong-doi-2016-mau-bac-moi-80-417109/,1656843619.569696,https://static.carmudi.vn/files/07-2022/ad417109/ban-kia-sorento-dath-bcyn-full-may-dyu-2-2-t-d-ng-d-i-2016-mau-bdhc-m-i-69897467_large.jpg,bán kia sorento dath bản full máy dầu 2.2 tự động đời 2016 màu bạc mới 80%,725000000.0,kia,dath  2.2 at,cũ,hồ chí minh,dầu,bạc,sorento,2016,tự động,suv,nhập khẩu,5,7,2.2,2.2,,,"Bán Kia Sorento DATH, bản full, máy dầu 2.2 , số tự động, đời T9/2019 , màu bạc, phiên bản cao cấp nhất: chìa khóa thông minh, khởi động start stop, cửa sổ trời toàn cảnh, 10 túi khí, thắng abs, ghế da nâu chỉnh điện, 5 mâm đúc 18inch , đèn bixinon led trước sau, rửa đèn pha, màn hình android 9inch GPS dẫn đường cao cấp, camera quan sát toàn xe 360 độ, 3 dàn lạnh độc lập, bệ bước theo xe, cảm biến trước sau theo xe, cảm biến áp suất lốp, dán kính 3m usa, xe đứng tên cá nhân, bảo dưỡng định kỳ, tuyệt đẹp, hỗ trợ trả góp qua ngân hàng 50-70% , có trao đổi xe"
de2e39a4-cc06-4f9c-9ed0-01b990ca8930,www.carmudi.vn,https://www.carmudi.vn/ban-xe-o-to-volkswagen-tiguan-elegance-2021-thuong-hieu-duc-416620/,1656843619.745989,https://static.carmudi.vn/files/06-2022/ad416620/volkswagen-tiguan-elegance-2021-thuong-hi-u-d-c-1116574533_large.jpg,volkswagen tiguan elegance 2021 - thương hiệu đức,1699000000.0,volkswagen,elegance,cũ,bình dương,xăng,màu khác,tiguan,2021,tự động,suv,nhập khẩu,5,7,tsi ( tăng áp và phun nhiên liệu kép ),2,,,"Volkswagen Tiguan Elegance 2021 SUV 7  
Chỗ thương hiệu xe Đức hàng đầu vận hành êm ái, chỗ ngồi thoái, an toàn hàng đầu"
99bb4986-cdcd-4c70-a4f9-4af6a8d065e6,www.carmudi.vn,https://www.carmudi.vn/ban-xe-o-to-ban-chevrolet-colorado-highcoutry-2-cau-may-dau-28-so-tu-dong-t122017mau-xam-moi-80-417113/,1656843619.799239,https://static.carmudi.vn/files/07-2022/ad417113/ban-chevrolet-colorado-highcoutry-2-cyu-may-dyu-2-8-s-t-d-ng-t12-2017mau-xam-m-i-1525631903_large.jpg,bán chevrolet colorado highcoutry 2 cầu máy dầu 2.8 số tự động t12/2017màu xám mới 80%,625000000.0,chevrolet,highcoutry 2.8at 4×4,cũ,hồ chí minh,dầu,xám,colorado,2017,tự động,pickup,nhập khẩu,4,5,2.8,2.8,,,"Bán Chevrolet Colorado Highcoutry, máy dầu 2.8 , 2 cầu, nhập khẩu, số tự động, đời T12/2017 , màu xám, phiên bản cao cấp nhất: đề nổ từ xa, thắng abs, 2 túi khí, ghế da nâu chỉnh điện, 4 mâm đúc 18inch , vô lăng da tích hợp cruise control chỉnh âm thanh, cảnh báo sai lan đường, cảnh báo chống buồn ngủ, chống trượt lật, màn hình cảm ứng mylinh, nắp thùng sau nhập khẩu, camera de theo xe, cảm biến trước sau theo xe, bệ bước theo xe, dán kính 3m usa, 1 chủ sử dụng kỹ còn mới nguyên 80% , bảo dưỡng định kỳ, tuyệt đẹp, hỗ trợ trả góp qua ngân hàng 50-70% , có trao đổi xe"
08a438d6-913c-4627-bc7d-5de2a79780ea,www.carmudi.vn,https://www.carmudi.vn/ban-xe-o-to-ban-rolls-royce-phantom-ewb-2014-cu-ha-noi-415095/,1656843619.874267,https://static.carmudi.vn/files/11-2021/ad415095/ban-rolls-royce-phantom-ewb-2014-cu-ha-n-i-1137863966_large.jpg,bán rolls-royce phantom ewb 2014 cũ hà nội,28990000000.0,rolls_royce,ewb,cũ,hà nội,xăng,trắng,phantom,2014,tự động,sedan,nhập khẩu,4,5,6.7,6.7,,awd,"Rolls Royce Phantom model 2015 siêu siêu mới. 
Option: nội thất làm thủ công ốp trai và gỗ quý,xe được trang bị cửa nóc và trần sao,camera360 với hộp đựng ly kết hợp bàn làm việc với 2 màn hình giải trí cao cấp và các tiện ích khác. 
Quý khách vui lòng liên hệ với salon để có thông tin chi tiết nhất."
50bb4fbf-1581-44e7-b383-1fb19c732ca9,www.carmudi.vn,https://www.carmudi.vn/ban-xe-o-to-toyota-vios-e-mt-2020-416375/,1656843619.948985,https://static.carmudi.vn/files/05-2022/ad416375/toyota-vios-e-mt-1446974248_large.jpg,toyota vios e mt 2020,449000000.0,toyota,e mt,cũ,đồng nai,xăng,vàng đồng,vios,2020,số tay,sedan,nhập khẩu,4,5,1.5,1496,,,"- Không cần bàn về xe - chất lượng còn như mới. 
- Xe cá nhân, pháp lý rõ ràng. 
Easycar Đồng Nai thực hiện quy trình thẩm định nghiêm ngặt với cam kết: 
+ Không đâm đụng ảnh hưởng đến kết cấu khung gầm xe. 
+ Động cơ, hộp số zin nguyên thủy. 
+ Hồ sơ pháp lý an toàn. 
+ Không thủy kích. 
- Hỗ trợ ngân hàng 70% giá trị xe 
- Hỗ trợ sang tên, thủ tục pháp lý 
- Tặng gói ƯU ĐÃI chỉ có tại Easycar Group: 
- MIỄN PHÍ kiểm tra tổng quát toàn xe cho KH ở 1.000 km đầu tiên. 
- MIỄN PHÍ thay nhớt ở 5.000 km hoặc 3 tháng tiếp theo 
- MIỄN PHÍ thay thế NHỚT, LỌC NHỚT ở 10,000km hoặc 6 tháng tiếp theo 
(Tùy điều kiện nào đến trước)"
059ad496-ab9e-46ae-82fd-a32df3966884,www.carmudi.vn,https://www.carmudi.vn/ban-xe-o-to-hyundai-accent-at-tieu-chuan-2021-416406/,1656843620.005915,https://static.carmudi.vn/files/05-2022/ad416406/hyundai-accent-at-tieu-chu-n-1095316611_large.jpg,hyundai accent at tiêu chuẩn 2021,526000000.0,hyundai,at tiêu chuẩn,cũ,đồng nai,xăng,bạc,accent,2021,tự động,sedan,nhập khẩu,4,5,1.4,1353,,,"Xe bán ra luôn đảm bảo không đâm đụng, ngập nước 
- Hỗ trợ ngân hàng 70% giá trị xe 
- Hỗ trợ sang tên, thủ tục pháp lý 
- Tặng gói ƯU ĐÃI chỉ có tại Easycar Group: 
- MIỄN PHÍ kiểm tra tổng quát toàn xe cho KH ở 1.000 km đầu tiên. 
- MIỄN PHÍ thay nhớt ở 5.000 km hoặc 3 tháng tiếp theo 
- MIỄN PHÍ thay thế NHỚT, LỌC NHỚT ở 10,000km hoặc 6 tháng tiếp theo 
(Tùy điều kiện nào đến trước) 
-------------------------------------------- 
Liên hệ : 0797 797 515 
- Easycar Đồng Nai : 643 QL 1A, P.Long Bình, TP Biên Hoà, Đồng Nai."
8e699e81-d8db-49fc-ba1c-c5f9e5c8446f,www.carmudi.vn,https://www.carmudi.vn/ban-xe-o-to-ban-porsche-718-cayman-xe-sieu-moi-415096/,1656843620.098082,https://static.carmudi.vn/files/11-2021/ad415096/ban-porsche-718-cayman-xe-sieu-m-i-2132937267_large.jpg,bán porsche 718 cayman xe siêu mới,4650000000.0,porsche,cayman,cũ,hà nội,xăng,trắng,718,2017,tự động,coupe,nhập khẩu,2,2,2.0,2,,rwd,"Bán Xe Porsche 718 Cayman Model 2018 
xe nhập khẩu nguyên chiếc từ Đức,option full kịch : đèn led cua theo góc lái,ghế da thể thao 18 hướng,chế độ lái thể thao Chrono sport,âm thanh vòm Bose ,mâm xe thể theo 20 inch 911,điều hòa 2 vùng riêng biệt .Xe còn bảo hành chính hãng tới 2025"
4aa00067-0c67-4797-9cc5-2cb563a654d9,www.carmudi.vn,https://www.carmudi.vn/ban-xe-o-to-mercedes-benz-gle43-2018-cu-ho-chi-minh-xe-sieu-hiem-luot-con-cuc-dep-lien-he-ngay-416588/,1656843620.141023,https://static.carmudi.vn/files/06-2022/ad416588/mercedes-benz-gle43-2018-cu-h-chi-minh-xe-sieu-hi-m-lu-t-con-c-c-d-p-lien-h-ngay-630321672_large.jpg,mercedes-benz gle43 2018 cũ hồ chí minh - xe siêu hiếm - lướt còn cực đẹp - liên hệ ngay!!,3179000000.0,mercedes_benz,2018,cũ,hồ chí minh,xăng,đỏ,gle43,2018,tự động,suv,nhập khẩu,5,5,3.0,2991,,,"Mercedes-Benz GLE43 SX:2018 /Odo: 12.999 (hàng độc nhất) 
- Màu đỏ, nội thất nâu. 
- Sản xuất :2017 
- Bảo hành chính hãng đầy đủ. 
- Xe mới lăn bánh: 12.999km 
Giá:3 ty 179 VNĐ.  
Bank Hỗ trợ 70% _ 90% giá trị xe. 
GOOD CAR CAM KẾT:không bị đâm đụng,không bị thủy kích,km chuẩn hộp số zin. 
Hỗ trợ hồ sơ khó,nợ xấu ,hỗ trợ chứng minh thu nhập. 
----------------------------- 
PHÁT luôn có những chương trình và quà tặng tốt nhất cho khách hàng. 
Hotline :  Bấm để xem số điện thoại  ( TẤN PHÁT) 
290 Nguyễn Văn Linh, Phường Tân Thuận Tây, Quận 7, Tp.Hồ Chí Minh. 
#GLE43_Mecedes_Benz 
#Sản_xuất_2017 
#Good_Car 
#Always_Like_New"
5c9f30d5-0105-4db1-94f0-5fe887ac547b,www.carmudi.vn,https://www.carmudi.vn/ban-xe-o-to-ban-toyota-sienna-35-limited-2015-nhap-my-416510/,1656843620.222907,https://static.carmudi.vn/files/05-2022/ad416510/ban-toyota-sienna-3-5-limited-2015-nh-p-m-542341429_large.jpg,bán toyota sienna 3.5 limited 2015 nhập mỹ,2290000000.0,toyota,limited,cũ,hà nội,xăng,trắng,sienna,2015,tự động,mpv,nhập khẩu,5,7,3.5,3.5,,fwd,"Toyota Sienna 3.5 Limited 
màu trắng nội thất n cực mới 
Option trang bị : 
- Ghế chính điện, 
- Gương gập điện, 
- 02 cửa lùa điện, 
- vô lăng tích hợp đa chức năng, 
- Màn hình tích hợp camera lùi, 
- loa JBL, CD/MP3, AM/FM, AUX, USB. 
- Điều hòa tự động 3 vùng.túi khí quanh xe, 
- đèn pha thông minh, 
- GPS, 
- phanh chống bó cứng ABS,... 
Cam kết chất lượng nguyên bản"
44739ee8-cf24-4012-9974-cbe83baed675,www.carmudi.vn,https://www.carmudi.vn/ban-xe-o-to-bmw-520i-2021-cu-ho-chi-minh-xe-sieu-luot-cuc-moi-cuc-dep-lien-he-ngay-de-nhan-gia-tot-416934/,1656843620.303216,https://static.carmudi.vn/files/06-2022/ad416934/bmw-520i-2021-cu-h-chi-minh-xe-sieu-lu-t-c-c-m-i-c-c-d-p-lien-h-ngay-d-nh-n-gia-t-t-180210277_large.jpg,bmw 520i 2021 cũ hồ chí minh - xe siêu lướt cực mới cực đẹp - liên hệ ngay để nhận giá tốt,2539000000.0,bmw,2021,cũ,hồ chí minh,xăng,đen,520i,2021,tự động,sedan,nhập khẩu,4,5,2.0,1998,,,"BMW 520i SX 2021 Odo: 2.000km 
- Màu đen nội thất Nâu 
-  Sản xuất#2021 
- Chay:2.000km 
Giá Bán:2.539.000.000VND 
 
GOOD CAR: cam kết không đâm đụng, không ngập  nước, km chuẩn. 
Bank hỗ trợ 70% giá trị xe 
 
Salon Ô TÔ GOOD CAR 
290 Nguyễn Văn Linh, P Bình Thuận. Q7. TP. HCM 
Hotline:  
#Good_Car_Always_Like_New 
#BMW 520i 
#Sản_xuất_2021 
#Good_Car"
8b4ea074-3762-4e96-b33c-1aac2673688c,www.carmudi.vn,https://www.carmudi.vn/ban-xe-o-to-ban-kia-cerato-20-premium-2021-sieu-luot-3000km-416712/,1656843620.38431,https://static.carmudi.vn/files/06-2022/ad416712/ban-kia-cerato-2-0-premium-2021-sieu-lu-t-3000km-67276853_large.jpg,bán kia cerato 2.0 premium 2021 siêu lướt 3000km,670000000.0,kia,2.0 premium,cũ,hồ chí minh,xăng,nhiều màu,cerato,2021,tự động,sedan,nhập khẩu,4,5,2.0,159,,,"Nhu cầu lên gầm cao nên nay cần bán Cerato 2.0 AT Premium Siêu Lướt. 
- Sản xuất 2021, đăng ký 01/2022. 
- Chạy được 3100 km. 
- Màu Xanh đen. 
- Xe như mới. 
- Xe Chính chủ. 
- Biển số 51K - 12xxx 
- Các anh/chị thu mua ô tô nếu trả 610tr, 620tr thì đừng gọi em chi cho tốn tiền điện thoại."
ea000d75-7b39-4e57-93fb-697a186c7279,www.carmudi.vn,https://www.carmudi.vn/ban-xe-o-to-mercedes-benz-c200-xe-con-rat-moi-full-bao-duong-hang-0915393939-thanh-416868/,1656843620.466535,https://static.carmudi.vn/files/06-2022/ad416868/mercedes-benz-c200-xe-con-rzt-m-i-full-bcyo-du-ng-hang-0915-39-39-39-thanh-336826228_large.jpg,"mercedes benz c200, xe còn rất mới, full bảo dưỡng hãng - 0915.39.39.39 thành",1099000000.0,mercedes_benz,2019,cũ,hồ chí minh,xăng,vàng,c200,2018,tự động,sedan,nhập khẩu,4,5,2.0,1499,,,"Bán Mercedes Benz C200 , sản xuất 2018, bản hộp số 9 cấp, hệ thống âm thanh Burmester, xe chạy 46.000miles, full bảo dưỡng hãng, màu nâu Socola , dân màu vàng .. có thể lột lại màu zin nếu quý khách không thích.. xe còn rất mới. Bán giá : 1.099.000.000 VNĐ . Liên hệ : 0915.39.39.39 Thành"
3757ba57-8555-4258-9610-2b076cb08f65,www.carmudi.vn,https://www.carmudi.vn/ban-xe-o-to-isuzu-d-max-mt-4x4-2017-416728/,1656843620.559612,https://static.carmudi.vn/files/06-2022/ad416728/isuzu-d-max-mt-4x4-1121049891_large.jpg,isuzu d-max mt 4x4 2017,498000000.0,isuzu,mt 4x4,cũ,đồng nai,dầu,trắng,d_max,2017,số tay,pickup,nhập khẩu,4,5,2.5,2499,,,"Isuzu Dmax MT 4x4 trang bị: film cách nhiệt, lót sàn, nắp thùng thấp, ghế da,... 
Xe bán ra luôn đảm bảo không đâm đụng, ngập nước 
- Hỗ trợ ngân hàng 70% giá trị xe 
- Hỗ trợ sang tên, thủ tục pháp lý 
- Tặng gói ƯU ĐÃI chỉ có tại Easycar Group: 
- MIỄN PHÍ kiểm tra tổng quát toàn xe cho KH ở 1.000 km đầu tiên. 
- MIỄN PHÍ thay nhớt ở 5.000 km hoặc 3 tháng tiếp theo 
- MIỄN PHÍ thay thế NHỚT, LỌC NHỚT ở 10,000km hoặc 6 tháng tiếp theo 
(Tùy điều kiện nào đến trước) 
-------------------------------------------- 
Liên hệ : 0797 797 515 
- Easycar Đồng Nai : 643 QL 1A, P.Long Bình, TP Biên Hoà, Đồng Nai."
f3ef0058-c2d3-4262-a756-b5dde2cb0e20,www.carmudi.vn,https://www.carmudi.vn/ban-xe-o-to-mazda-cx-5-25l-416209/,1656843620.615949,https://static.carmudi.vn/files/05-2022/ad416209/mazda-cx-5-2-5l-1244590304_large.jpg,mazda cx-5 2.5l,678000000.0,mazda,2.5,cũ,đồng nai,xăng,nâu,cx_5,2017,tự động,suv,nhập khẩu,5,5,2.5,2488,,,"- Không cần bàn về xe - chất lượng còn như mới. 
- Xe cá nhân, pháp lý rõ ràng. 
Easycar Đồng Nai thực hiện quy trình thẩm định nghiêm ngặt với cam kết: 
+ Không đâm đụng ảnh hưởng đến kết cấu khung gầm xe. 
+ Động cơ, hộp số zin nguyên thủy. 
+ Hồ sơ pháp lý an toàn. 
+ Không thủy kích."
127b2b0e-ecce-444b-9f1e-2e2a096cc220,www.carmudi.vn,https://www.carmudi.vn/ban-xe-o-to-ong-hoang-top-1-mpv-da-quay-tro-lai-416730/,1656843620.688033,https://static.carmudi.vn/files/06-2022/ad416730/ong-hoang-top-1-mpv-da-quay-tr-lti-1397018790_large.jpg,ông hoàng top 1 mpv đã quay trở lại,648000000.0,mitsubishi,at premium,cũ,quảng nam,xăng,trắng,xpander,2022,tự động,mpv,nhập khẩu,4,7,1.5l mivec,1500,,,
80d351f7-6953-4e89-8bd0-a11c854bec13,www.carmudi.vn,https://www.carmudi.vn/ban-xe-o-to-ban-volkswagen-tiguan-luxury-s-2021-moi-416621/,1656843620.758837,https://static.carmudi.vn/files/06-2022/ad416621/ban-volkswagen-tiguan-luxury-s-2021-m-i-710905238_large.jpg,bán volkswagen tiguan luxury s 2021 mới,1929000000.0,volkswagen,luxury s,cũ,bình dương,xăng,xám,tiguan,2021,tự động,suv,nhập khẩu,5,7,tsi,2,,awd,"TIGUAN LUXURY S HỖ TRỢ PHÍ TRƯỚC BẠ TƯƠNG ĐƯƠNG 80TR ĐỒNG KHI KHÁCH HÀNG MUA XE 
* Hỗ trợ lái thử , giao xe tận nhà, đăng ký , đăng kiểm 
* Hỗ trợ NH đến 80% thời hạn 84 tháng 
* Bảo hành xe 3 năm  
=> Liên hệ em Trân VW để nhận được nhiều ưu đãi tốt . Hotline :  Bấm để xem số điện thoại"
f5a6e7f8-519b-442c-8fae-91329eb48cdd,www.carmudi.vn,https://www.carmudi.vn/ban-xe-o-to-toyota-raize-2022-du-mau-chi-193tr-nhan-xe-416020/,1656843620.837766,https://static.carmudi.vn/files/04-2022/ad416020/toyota-raize-2022-d-mau-ch-193tr-nh-n-xe-1906916548_large.jpg,"toyota raize 2022 đủ màu, chỉ 193tr nhận xe",535000000.0,toyota,,cũ,hồ chí minh,,trắng,raize,,,,nhập khẩu,,,,,,,"Toyota Hiroshima Tân Cảng gửi đến Quý Khách hàng chương trình bán hàng cam kết chất lượng - ưu tín nhất Miền Nam: 
■ Toyota Raize : 527.000.000 VNĐ ( 1 màu ) 
■ Toyota Raize : 535.000.000 VNĐ ( 2 màu ) 
*Lưu ý giá trên đã bao gồm 10% thuế VAT 
➡Màu sắc: Trắng - đỏ - đen - vàng đen - xanh đen - trắng đen. 
 
+ Bản cao cấp trang bị những hệ thống sau : 
@ Nâng cấp màn hình giải trí cao cấp 
@ Hệ thống ổn định thân xe VSC 
@ Hệ thống khởi hành ngang dốc HAC 
@ Hệ thống chống bó cứng phanh ABS 
@ Hệ thống phân phối lực phanh điện tử EBD 
@ Hệ thống phanh khẩn cấp BA 
@ Hệ thống kiểm soát lực kéo TRC 
@ Hệ thống chống trộm 
@ Đèn Led full cos pha, 6 túi khí, Camera de 
@ Khởi động Star/Stop, cảm biến lùi. 
 
+ Gói phụ kiện khách hàng hay lựa chọn gắn tại hãng khi mua xe Toyota Raize 2022 : 
@ Camera hành trình 
@ Hộp đen 
@ Dán phim cách nhiệt cao cấp USA 
@ Trải sàn simili 
@ Phủ gầm cách âm, chống rỉ sét 
@ Viền che mưa 
@ Chén cửa 
@ Chắn bùn 
@ Nẹp viền đèn trước sau 
@ Nẹp chống trầy cốp, chống trầy bệ bước. 
.... 
+ Tại Toyota Hiroshima Tân Cảng: 
- Tặng 8 món quà tặng theo xe: sổ da đựng hồ sơ, táp-pi lót sàn, 10 lít xăng, cặp che nắng, túi thơm, dù cầm tay 
- Tặng 3 phiếu miễn phí tiền công bảo dưỡng: 1.000km, 50.000km và 100.000km 
- Tặng quà lưu niệm tại thời điểm Quý khách nhận xe 
- Hỗ trợ miễn phí đăng ký kinh doanh các hình thức như: Grab/taxi/Vivo... 
- Hỗ trợ ngân hàng lãi suất thấp tỉ lệ cho vay tối đa, thời gian vay linh hoạt nhanh chóng, duyệt trong 24h. 
 
+ Mua và Bán các loại xe qua sử dụng: 
- Định giá xe miễn phí 
- Thu mua tất cả các loại xe qua sử dụng giá cao 
- Thủ tục giấy tờ nhanh gọn, thanh toán nhanh 
* Liên hệ ngay để nhận nhiều khuyến mãi tốt. 
 
Showroom Toyota Hiroshima Tân Cảng 
Địa chỉ: 220 Nguyễn Hữu Cảnh, P. 22, Q. Bình Thạnh, TP. HCM 
(kế bên Tòa nhà Landmark 81 tầng cao nhất TPHCM) 
☎ Hotline: 0932.142.022 (Viber, Zalo 24/7) 
Website: http://www.toyotatancanght.com 
Email: giangnguyentoyotatancang@gmail.com 
Hân hạnh phục vụ"
8c727f23-ac7e-4e8b-a405-1ae41ab1d33b,www.carmudi.vn,https://www.carmudi.vn/ban-xe-o-to-porsche-718-boxster-model-2022-full-option-full-bao-hanh-toi-2025-0915-39-39-39-mr-thanh-416866/,1656843620.919825,https://static.carmudi.vn/files/06-2022/ad416866/porsche-718-boxster-model-2022-full-option-full-bsso-hanh-t-i-2025-0915-39-39-39-mr-thanh-709645978_large.jpg,porsche 718 boxster model 2022 - full option - full bảo hành tới 2025- 0915 39 39 39 mr. thành,5650000000.0,porsche,boxster,cũ,hồ chí minh,xăng,trắng,718,2021,tự động,coupe,nhập khẩu,2,2,2.0,1988,,,
64a463d8-7b5c-4f33-9c38-00ec88e05df7,www.carmudi.vn,https://www.carmudi.vn/ban-xe-o-to-ban-toyota-yaris-133-xe-nhap-phap-415601/,1656843620.979071,https://static.carmudi.vn/files/02-2022/ad415601/ban-toyota-yaris-1-33-xe-nh-p-phap-1098390070_large.jpg,bán toyota yaris 1.33 xe nhập pháp,660000000.0,toyota,1.33,cũ,hà nội,xăng,trắng,yaris,2015,tự động,hatchback,nhập khẩu,5,5,dual vtti,1.33,,fwd,"Bán xe Toyota Yaris nhập Châu Âu  
Xe sản xuất 12/2014 đăng ký 2016  
Bản nhập Pháp động cơ Dual VTTi 1.33L cho công suất 99 ngựa,hộp số tự động 7 cấp . 
Chế độ đi số thể thao,điều hoà 2 vùng độc lập Auto,màn hình camera lùi,cân bằng điện tử,chế độ đi đường trơn trượt,đèn tự động,gạt mưa tự động. 
Xe rất hiếm trên thị trường,full lịch sử bảo dưỡng 100% tại hãng."
fa878a77-79bd-4df1-9b3e-c086c70380bf,www.carmudi.vn,https://www.carmudi.vn/ban-xe-o-to-ban-bentley-bentayga-mulliner-2019-415988/,1656843621.046153,https://static.carmudi.vn/files/04-2022/ad415988/ban-bentley-bentayga-mulliner-1064984562_large.jpg,bán bentley bentayga mulliner 2019,15990000000.0,bentley,mulliner,cũ,hà nội,xăng,đen,bentayga,2019,tự động,suv,nhập khẩu,5,4,4.0,4,,awd,"Mới về Bentley Bentayga sản xuất 2019 
Odo 23.500 Miles 
Cam kết chất lượng 
Xe cá nhân hoá nhiều option nhất Việt Nam! 
Với Két sắt tủ lạnh , 2 màn hình sau , cửa hít , camera 360 , nội thất Full carbon , 4 ghế , cửa nóc Panorama , HUD kính . 
Bank hỗ trợ tối đa 
Cam kết chất lượng"
fed0692a-0db8-423e-81cf-f5ee44466173,www.carmudi.vn,https://www.carmudi.vn/ban-xe-o-to-honda-city-top-cvt-2019-416883/,1656843621.118814,https://static.carmudi.vn/files/06-2022/ad416883/honda-city-top-cvt-2099274717_large.jpg,honda city top cvt 2019,539000000.0,honda,top cvt,cũ,đồng nai,xăng,nâu,city,2019,tự động,sedan,nhập khẩu,4,5,1.5,1498,,,"Xe bán ra luôn đảm bảo không đâm đụng, ngập nước 
- Hỗ trợ ngân hàng 70% giá trị xe 
- Hỗ trợ sang tên, thủ tục pháp lý 
- Tặng gói ƯU ĐÃI chỉ có tại Easycar Group: 
- MIỄN PHÍ kiểm tra tổng quát toàn xe cho KH ở 1.000 km đầu tiên. 
- MIỄN PHÍ thay nhớt ở 5.000 km hoặc 3 tháng tiếp theo 
- MIỄN PHÍ thay thế NHỚT, LỌC NHỚT ở 10,000km hoặc 6 tháng tiếp theo 
(Tùy điều kiện nào đến trước) 
-------------------------------------------- 
Liên hệ : 0797 797 515 
- Easycar Đồng Nai : 643 QL 1A, P.Long Bình, TP Biên Hoà, Đồng Nai."
926eb007-8d39-4a03-bf4b-a63d9859e522,www.carmudi.vn,https://www.carmudi.vn/ban-xe-o-to-toyota-wigo-at-2020-417009/,1656843621.199774,https://static.carmudi.vn/files/06-2022/ad417009/toyota-wigo-at-619470530_large.jpg,toyota wigo at 2020,373000000.0,toyota,at,cũ,đồng nai,xăng,vàng,wigo,2020,tự động,hatchback,nhập khẩu,5,5,1.2,1197,,,"Xe bán ra luôn đảm bảo không đâm đụng, ngập nước 
- Hỗ trợ ngân hàng 70% giá trị xe 
- Hỗ trợ sang tên, thủ tục pháp lý 
- Tặng gói ƯU ĐÃI chỉ có tại Easycar Group: 
- MIỄN PHÍ kiểm tra tổng quát toàn xe cho KH ở 1.000 km đầu tiên. 
- MIỄN PHÍ thay nhớt ở 5.000 km hoặc 3 tháng tiếp theo 
- MIỄN PHÍ thay thế NHỚT, LỌC NHỚT ở 10,000km hoặc 6 tháng tiếp theo 
(Tùy điều kiện nào đến trước) 
-------------------------------------------- 
Liên hệ : 0797 797 515 
- Easycar Đồng Nai : 643 QL 1A, P.Long Bình, TP Biên Hoà, Đồng Nai."
149b28f0-773e-4542-9db6-3b6655413c72,www.carmudi.vn,https://www.carmudi.vn/ban-xe-o-to-mazda-6-20-at-premium-2019-416997/,1656843621.24034,https://static.carmudi.vn/files/06-2022/ad416997/mazda-6-2-0-at-premium-1629629622_large.jpg,mazda 6 2.0 at premium 2019,773000000.0,mazda,2.0 premium,cũ,đồng nai,xăng,đen,mazda_6,2019,tự động,sedan,nhập khẩu,4,5,2.0,1998,,,"+ Ngoại thất xe Mazda 6 
- Hệ thống đèn trước công nghệ LED 
- Đèn tự động bật/tắt theo môi trường ánh sáng 
- Đèn trước thích ứng thông minh ALH 
- Chức năng tự động cân bằng góc chiếu 
- Cảm biến gạt mưa tự động 
+ Nội thất  
- Tay lái bọc da tích hợp các phím chức năng 
- Lẫy chuyển số trên tay lái 
- Màn hình hiển thị tốc độ ADD 
- Ghế lái chỉnh điện tích hợp chức năng nhớ vị trí 
- Cửa sổ trời đông/ Mở chỉnh điện 
+ Tính năng an toàn  
- Hệ thống cảnh báo phương tiện cắt ngang 
- Hệ thống cảnh báo điểm mù BSM 
- Hệ thống cảnh báo chệch làn đường LDWS 
- Hệ thống định vị GPS, dẫn đường Navi"
33d746a1-18ee-4b3c-bdb3-b332e58ab259,www.carmudi.vn,https://www.carmudi.vn/ban-xe-o-to-ford-ecosport-titanium-at-2020-416079/,1656843621.339835,https://static.carmudi.vn/files/04-2022/ad416079/ford-ecosport-titanium-at-2120620620_large.jpg,ford ecosport titanium at 2020,579000000.0,ford,tita,cũ,đồng nai,xăng,xanh dương,ecosport,2020,số tay,suv,nhập khẩu,5,5,1.5,1496,,,"Xe bán ra luôn đảm bảo không đâm đụng, ngập nước. 
Hỗ trợ ngân hàng 70% giá trị xe. 
Hỗ trợ sang tên, thủ tục pháp lý. 
Tặng gói ưu đãi: 
- Miễn phí kiểm tra tổng quát toàn xe cho KH ở 1.000 km đầu tiên. 
- Miễn phí thay nhớt ở 5.000 km hoặc 3 tháng tiếp theo. 
- Miễn phí thay thế nhớt, lọc nhớt ở 10,000km hoặc 6 tháng tiếp theo. 
(Tùy điều kiện nào đến trước)."
314a5573-acf3-489d-b074-f2011c1c617d,www.carmudi.vn,https://www.carmudi.vn/ban-xe-o-to-bmw-320i-gran-turismo-2019-cu-ho-chi-minh-xe-luot-cuc-dep-ho-tro-tra-gop-lien-he-ngay-416420/,1656843621.381644,https://static.carmudi.vn/files/05-2022/ad416420/bmw-320i-gran-turismo-2019-cu-h-chi-minh-xe-lu-t-c-c-d-p-h-tr-trcy-gop-lien-h-ngay-435258700_large.jpg,bmw 320i gran turismo 2019 cũ hồ chí minh - xe lướt cực đẹp - hỗ trợ trả góp - liên hệ ngay!,1399000000.0,bmw,2019,cũ,hồ chí minh,xăng,trắng,320i_gran_turismo,2018,tự động,sedan,nhập khẩu,4,5,2.0,1997,,,"BMW 320GT 2018 
Đăng ký 2019 
Trắng/Đen  chay 25.000km 
Giá Bán: 1.399.000.000 
Bank Hỗ trợ 70% _ 90% giá trị xe. 
GOOD CAR CAM KẾT:không bị đâm đụng,không bị thủy kích,km chuẩn hộp số zin. 
Hỗ trợ hồ sơ khó,nợ xấu ,hỗ trợ chứng minh thu nhập. 
----------------------------- 
PHÁT luôn có những chương trình và quà tặng tốt nhất cho khách hàng. 
Hotline :  Bấm để xem số điện thoại  ( TẤN PHÁT) 
290 Nguyễn Văn Linh, Phường Tân Thuận Tây, Quận 7, Tp.Hồ Chí Minh."
fddf382f-f207-4cae-8263-42248390d5d9,www.carmudi.vn,https://www.carmudi.vn/ban-xe-o-to-mercedes-benz-s400-hybrid-1-chu-mua-moi-full-kich-options-zin-nguyen-ban-0915393939-thanh-417013/,1656843621.439293,https://static.carmudi.vn/files/06-2022/ad417013/mercedes-benz-s400-hybrid-1-ch-mua-m-i-full-k-ch-options-zin-nguyen-bcyn-0915-39-39-39-thanh-991749761_large.jpg,mercedes benz s400 hybrid - 1 chủ mua mới - full kịch options - zin nguyên bản - 0915.39.39.39 thành,890000000.0,mercedes_benz,hybrid,cũ,hồ chí minh,xăng,bạc,s400,2009,tự động,sedan,nhập khẩu,4,5,hybrid,1499,,,"Bán MERCEDES BENZ S400 Hybrid , sản xuất 2009 một đời chủ mua mới, bản giới hạn được hãng trang bị Body S500 , mâm S550 nhập Mỹ, Full kịch options, màu xám bạc, chạy 50.000 miles.. xe tư nhân chạy rất tiết kiệm xăng .. xe bảo quản bảo dưỡng kỹ còn rất mới, nội thất zin nguyên bản của nhà sản xuất .. bán giá : 890 triệu . Liên hệ : 0915.39.39.39 Thành"
9e3d389d-2992-4b1f-91de-d827c5c65d43,www.carmudi.vn,https://www.carmudi.vn/ban-xe-o-to-toyota-corolla-cross-hybrid-2021-416700/,1656843621.504794,https://static.carmudi.vn/files/06-2022/ad416700/toyota-corolla-cross-hybrid-1224063562_large.jpg,toyota corolla cross hybrid 2021,1036000000.0,toyota,hybrid,cũ,đồng nai,xăng,đỏ,corolla_cross,2021,tự động,suv,nhập khẩu,5,5,1.8,1798,,,"Xe trang bị: Cửa sổ trời, camera 360, chìa khóa thông minh, hệ thống đèn pha tự động, ghế chỉnh điện 8 hướng, màn hình 9inch/6 loa, hệ thống 7 túi khí, kiểm soát hành trình cruise control, cảnh báo va chạm phía trước, cảnh báo điểm mù BSM, cảnh báo phương tiện cắt ngang RCTA, cảm biến góc trước/sau. 
Xe bán ra luôn đảm bảo không đâm đụng, ngập nước"
5991d39c-202f-4826-ae5a-504651f188dc,www.carmudi.vn,https://www.carmudi.vn/ban-xe-o-to-mercedes-benz-glc200-2021-cu-ho-chi-minh-xe-sieu-luot-cuc-moi-cuc-dep-cam-ket-nguyen-zin-417010/,1656843621.590518,https://static.carmudi.vn/files/06-2022/ad417010/mercedes-benz-glc200-2021-cu-h-chi-minh-xe-sieu-lu-t-c-c-m-i-c-c-d-p-cam-k-t-nguyen-zin-1843876046_large.jpg,mercedes-benz glc200 2021 cũ hồ chí minh - xe siêu lướt cực mới cực đẹp - cam kết nguyên zin,1829000000.0,mercedes_benz,2021,cũ,hồ chí minh,xăng,đen,glc200,2021,tự động,suv,nhập khẩu,4,5,2.0,1991,,,"Mercedes-Benz GLC200 Sx 2021 /Odo 3.900 km. 
- Màu đen, nội thất Kem. 
- Sản xuất 2021 
- Xe lướt :3.900 km 
- Bảo hành chính hãng 3 năm không giới hạn km đến 2024 
Giá: 1ty 8xx VNĐ.  
Bank Hỗ trợ 70% _ 90% giá trị xe. 
GOOD CAR CAM KẾT:không bị đâm đụng,không bị thủy kích,km chuẩn hộp số zin. 
Hỗ trợ hồ sơ khó,nợ xấu ,hỗ trợ chứng minh thu nhập. 
----------------------------- 
PHÁT luôn có những chương trình và quà tặng tốt nhất cho khách hàng. 
Hotline :  Bấm để xem số điện thoại  ( TẤN PHÁT) 
290 Nguyễn Văn Linh, Phường Tân Thuận Tây, Quận 7, Tp.Hồ Chí Minh. 
#Good_Car_Always_Like_New 
#Mercedes_Benz GLC200 
#Sản_xuất_2021 
#Good_Car 
#Xeluot"
4ef76f99-79e5-4ca3-ada5-db59477c6555,www.carmudi.vn,https://www.carmudi.vn/ban-xe-o-to-mercedes-benz-e200-sport-2019-cu-ho-chi-minh-xe-con-nguyen-zin-cuc-moi-lien-he-ngay-417021/,1656843621.665382,https://static.carmudi.vn/files/06-2022/ad417021/mercedes-benz-e200-sport-2019-cu-h-chi-minh-xe-con-nguyen-zin-c-c-m-i-lien-h-ngay-985852295_large.jpg,mercedes-benz e200 sport 2019 cũ hồ chí minh - xe còn nguyên zin cực mới - liên hệ ngay,1969000000.0,mercedes_benz,sport,cũ,hồ chí minh,xăng,đen,e200,2019,tự động,sedan,nhập khẩu,4,5,2.0,1991,,,"Mercedes-Benz E200 Sport sx 2019 - Odo: 22.000km 
- Màu đen, nội thất đen. 
- Sản xuất :2019 
- Xe mới lăn bánh: 22.000 cây. 
- Bảo hành chính Hãng lịch sử đầy đủ. 
Giá:1 tỷ 9xx VNĐ.  
Bank Hỗ trợ 70% _ 90% giá trị xe. 
GOOD CAR CAM KẾT:không bị đâm đụng,không bị thủy kích,km chuẩn hộp số zin. 
Hỗ trợ hồ sơ khó,nợ xấu ,hỗ trợ chứng minh thu nhập. 
----------------------------- 
PHÁT luôn có những chương trình và quà tặng tốt nhất cho khách hàng. 
Hotline :  Bấm để xem số điện thoại  ( TẤN PHÁT) 
290 Nguyễn Văn Linh, Phường Tân Thuận Tây, Quận 7, Tp.Hồ Chí Minh. 
#Good_Car_Always_Like_New 
#Mercedes_Benz E200Sport 
#Sản_xuất_2019 
#Good_Car 
#Xeluot"
8fd60d39-dee4-4ad7-af87-a4207c7dddb0,www.carmudi.vn,https://www.carmudi.vn/ban-xe-o-to-mercedes-benz-glc300-4-matic-2021-cu-ho-chi-minh-xe-cuc-moi-gia-cuc-dep-cam-ket-nguyen-zin-417029/,1656843621.737611,https://static.carmudi.vn/files/07-2022/ad417029/mercedes-benz-glc300-4-matic-2021-cu-h-chi-minh-xe-c-c-m-i-gia-c-c-d-p-cam-k-t-nguyen-zin-153117055_large.jpg,mercedes-benz glc300 4 matic 2021 cũ hồ chí minh - xe cực mới - giá cực đẹp - cam kết nguyên zin,2499000000.0,mercedes_benz,4 matic,cũ,hồ chí minh,xăng,đen,glc300,2021,tự động,suv,nhập khẩu,5,5,2.0,1991,,,"Mercedes-Benz GLC300 4 Matic Sx: 2021 Odo:5.000km 
- Màu đen, nội thất kem 
- Sản xuất :2021 
- Bảo hành chính hãng 3 năm không giới hạn km đến 2024. 
- Xe mới lăn bánh:5.000km  
Giá:2ty499  VNĐ.  
Bank Hỗ trợ 70% _ 90% giá trị xe. 
GOOD CAR CAM KẾT:không bị đâm đụng,không bị thủy kích,km chuẩn hộp số zin. 
Hỗ trợ hồ sơ khó,nợ xấu ,hỗ trợ chứng minh thu nhập. 
----------------------------- 
PHÁT luôn có những chương trình và quà tặng tốt nhất cho khách hàng. 
Hotline :  Bấm để xem số điện thoại  ( TẤN PHÁT) 
290 Nguyễn Văn Linh, Phường Tân Thuận Tây, Quận 7, Tp.Hồ Chí Minh. 
#Good_Car_Always_Like_New 
#Mercedes_Benz GLC300  
#Sản_xuất_2021 
#Good_Car 
#Xeluot"
f212e659-4ff8-4898-a96c-8241d0d574be,www.carmudi.vn,https://www.carmudi.vn/ban-xe-o-to-bentley-bentayga-v8-40-phien-ban-ca-nhan-hoa-mulliner-cuc-full-options-0915393939-thanh-417014/,1656843621.803676,https://static.carmudi.vn/files/06-2022/ad417014/bentley-bentayga-v8-4-0-phien-bcyn-ca-nhan-hoa-mulliner-c-c-full-options-0915-393939-thanh-410250081_large.jpg,bentley bentayga v8 4.0 phiên bản cá nhân hoá mulliner cực full options - 0915.393939 thành,15900000000.0,bentley,v8 4.0,cũ,hồ chí minh,xăng,đen,bentayga,2019,tự động,sedan,nhập khẩu,4,5,4.0,1499,,,"Bán Bentley Bentayga V8 4.0 , sản xuất 2019 Model 2020, màu đen, phiên bản cá nhân hoá Mulliner cực Full options, chạy chưa hết Rodai , hiện trạng như xe mới .. hỗ trợ ngân hàng 70% .. bán giá : 15.900.000.000 VNĐ . Liên hệ : 0915.393939 Thành"
20c31299-42c6-4d1f-b9fc-7b40df260811,www.carmudi.vn,https://www.carmudi.vn/ban-xe-o-to-honda-city-top-cvt-2019-417056/,1656843621.87566,https://static.carmudi.vn/files/06-2022/ad417056/honda-city-top-cvt-1854801347_large.jpg,honda city top cvt 2019,522000000.0,honda,top cvt,cũ,đồng nai,xăng,trắng,city,2019,tự động,sedan,nhập khẩu,4,5,1.5,1498,,,"Xe bán ra luôn đảm bảo không đâm đụng, ngập nước 
- Hỗ trợ ngân hàng 70% giá trị xe 
- Hỗ trợ sang tên, thủ tục pháp lý 
- Tặng gói ƯU ĐÃI chỉ có tại Easycar Group: 
- MIỄN PHÍ kiểm tra tổng quát toàn xe cho KH ở 1.000 km đầu tiên. 
- MIỄN PHÍ thay nhớt ở 5.000 km hoặc 3 tháng tiếp theo 
- MIỄN PHÍ thay thế NHỚT, LỌC NHỚT ở 10,000km hoặc 6 tháng tiếp theo 
(Tùy điều kiện nào đến trước) 
-------------------------------------------- 
Liên hệ : 0797 797 515 
- Easycar Đồng Nai : 643 QL 1A, P.Long Bình, TP Biên Hoà, Đồng Nai."
8af8e39e-7c28-48ec-a71d-48c3fc4c50e3,www.carmudi.vn,https://www.carmudi.vn/ban-xe-o-to-volvo-s90-model-2021-ho-chi-minh-gia-sieu-tiet-kiem-con-thuong-luong-xe-nguyen-ban-con-cuc-moi-417015/,1656843621.934836,https://static.carmudi.vn/files/06-2022/ad417015/volvo-s90-model-2021-h-chi-minh-gia-sieu-ti-t-ki-m-con-thuong-lu-ng-xe-nguyen-bcyn-con-c-c-m-i-1919669377_large.jpg,volvo s90 model 2021 hồ chí minh - giá siêu tiết kiệm còn thương lượng - xe nguyên bản còn cực mới,1999000000.0,volvo,2021,cũ,hồ chí minh,xăng,đen,s90,2020,tự động,sedan,nhập khẩu,4,5,2.0,1991,,,"Comingsoon 
 
#VOLVO_S90_model_2021 
#SiêuLướt_7029km 
 
Good_Car_Always_Like_New 
S90_VOLVO 
- Màu Đen, nội thất Đen 
- Sản xuất#2020 
- Đăng ký:25/8/2020 
- Bảo hành#25/8/2023 
- Siêu Siêu lươt: 7.029km 
Giá Bán:1.999.000.000VND 
 
GOOD CAR: cam kết không đâm đụng, không ngập  nước, km chuẩn. 
Bank hỗ trợ 70% giá trị xe 
 
Salon Ô TÔ GOOD CAR 
290 Nguyễn Văn Linh, P Bình Thuận. Q7. TP. HCM 
Hotline:  
#Good_Car_Always_Like_New 
#S90_VOLVO 
#Sản_xuất_2020 
#Good_Car 
#Always_Like_New"
cf32d327-0f10-4fd3-a658-be002d217deb,www.carmudi.vn,https://www.carmudi.vn/ban-xe-o-to-ban-kia-sedona-dath-full-dau-2-2-so-tu-dong-doi-2019-1-chu-moi-95-417099/,1656843622.007112,https://static.carmudi.vn/files/07-2022/ad417099/ban-kia-sedona-dath-full-dyu-2-2-s-t-d-ng-d-i-t12-2019-1-ch-m-i-472172298_large.jpg,bán kia sedona dath full dầu 2 2 số tự động đời 2019 1 chủ mới 95%,1060000000.0,kia,dath  2.2 at,cũ,hồ chí minh,dầu,đen,sedona,2019,tự động,suv,nhập khẩu,5,7,"2,2",2.2,,,"Bán Kia Sedona DATH bản full,  máy dầu 2.2 , số tự động, đời 2019 , màu đen vip, bản cao cấp nhất: 2 cửa sổ trời, chìa khóa thông minh, khởi động start stop, 10 túi khí, 2 ghế da kem chỉnh điện, đèn bixinon led trước sau, 2 cửa lùa điện, cốp sau đóng mở điện, vô lăng da tích hợp cruise control chỉnh âm thanh, dvd màn hình cảm ứng GPS dẫn đường cao cấp, camera de theo xe, cảm biến de theo xe, dán kính 3m usa, 1 đời chủ sử dụng kỹ còn mới nguyên 90% , bảo dưỡng định kỳ tại hãng, hỗ trợ trả góp qua ngân hàng 50-70% , tuyệt đẹp, có trao đổi xe"
79a24449-60f9-45d6-b1d1-6de4006c775e,www.carmudi.vn,https://www.carmudi.vn/ban-xe-o-to-ban-volvo-xc60-2021-cu-ho-chi-minh-xe-sieu-luot-con-cuc-moi-cam-ket-xe-zin-nguyen-ban-goi-ngay-417087/,1656843622.197379,https://static.carmudi.vn/files/07-2022/ad417087/ban-volvo-xc60-2021-cu-h-chi-minh-xe-sieu-lu-t-con-c-c-m-i-cam-k-t-xe-zin-nguyen-bcyn-g-i-ngay-1041869661_large.jpg,bán volvo xc60 2021 cũ hồ chí minh - xe siêu lướt còn cực mới - cam kết xe zin nguyên bản - gọi ngay,2199000000.0,volvo,2021,cũ,hồ chí minh,xăng,đen,xc60,2021,tự động,suv,nhập khẩu,5,5,2.0,1991,,,"Comingsoon 
 
VOLVO_XC60_2021 Siêu lướt:6.745km 
 
Good_Car_Always_Like_New 
XC60_VOLVO 
- Màu Xanh, nội thất nâu 
- Sản xuất#2021 
- Bảo hành# 2024 
- Siêu Siêu lươt:6.745km 
Giá Bán:2.199.000.000VND 
 
GOOD CAR: cam kết không đâm đụng, không ngập  nước, km chuẩn. 
Bank hỗ trợ 70% giá trị xe 
 
Salon Ô TÔ GOOD CAR 
290 Nguyễn Văn Linh, P Bình Thuận. Q7. TP. HCM 
Hotline:  
#Good_Car_Always_Like_New 
#XC60_VOLVO 
#Sản_xuất_2021 
#Good_Car 
#Always_Like_New"
4abe02f0-2bc8-4f27-9af6-1ce5e314566c,www.carmudi.vn,https://www.carmudi.vn/ban-xe-o-to-ban-porsche-718-cayman-2020-cu-ha-noi-416318/,1656843622.258694,https://static.carmudi.vn/files/05-2022/ad416318/ban-porsche-718-cayman-2020-cu-ha-n-i-2026130739_large.jpg,bán porsche 718 cayman 2020 cũ hà nội,5199000000.0,porsche,cayman,cũ,hà nội,xăng,trắng,718,2020,tự động,coupe,nhập khẩu,2,2,2.0,2,,rwd,"Odo: mới lăn bánh siêu mới 
Biển Hà Nội - Chính chủ 
 
Với các trang bị option cao cấp: 
Được trang bị khối động cơ 2.0 - 300hp 
Cụm đèn pha thông minh 
Cụm đèn hậu 3D full LED 
Với 2 khoang chứa hành lý cốp trước 275 lít, cốp sau 150 lít 
Hộp số PDK 7 cấp 
Nội thất được trang bị da Leatherette cao cấp 
Ghế chỉnh điện 14 hướng tích hợp nhớ ghế 2 vị trí 
Logo Porsche dập nổi tự gối đầu 
Màn hình trung tâm cảm ứng đa điểm 7 inch 
Chế độ lái SPORT 
Chế độ pô ON/OFF thể thao 
Smart Key"
3f218624-9587-4be2-afdf-3e2c11831a70,www.carmudi.vn,https://www.carmudi.vn/ban-xe-o-to-ban-jeep-wrangler-rubicon-2019-cu-ha-noi-399703/,1656843622.355677,https://static.carmudi.vn/files/10-2020/ad399703/ban-jeep-wrangler-rubicon-2019-cu-ha-n-i-2036405296_large.jpg,bán jeep wrangler rubicon 2019 cũ hà nội,3650000000.0,jeep,rubicon,cũ,hà nội,xăng,đen,wrangler,2019,tự động,suv,nhập khẩu,5,5,2.0,2,,awd,"Jeep Wrangler Rubicon 2.0L mạnh vô đối 
thế hệ mới cũng có có các tùy chọn động cơ hoàn toàn mới. Jeep đến với động cơ tăng áp 4 xi-lanh 2.0L mạnh 270 mã lực và mô-men xoắn 400Nm.  
Jeep đã cải thiện đáng kể cảm giác lái của Wrangler 2018 với một hệ thống treo 5 điểm nối mới, trên nền tảng thiết kế body-on-frame SUV. Khả năng giảm xóc cũng được gia tăng với sự kết hợp hoàn hảo  
Xe đã lắp thêm ống xả và lọc gió thể thao cực đẹp ."
01ea30b1-42c3-42b2-ae49-1f1b5246100a,www.carmudi.vn,https://www.carmudi.vn/ban-xe-o-to-porsche-panamera-2017-cu-ha-noi-399899/,1656843622.496589,https://static.carmudi.vn/files/11-2020/ad399899/porsche-panamera-2017-cu-ha-n-i-976004114_large.jpg,porsche panamera 2017 cũ hà nội,5290000000.0,porsche,sport,cũ,hà nội,xăng,xanh lá,panamera,2017,tự động,sedan,nhập khẩu,5,4,3.0,3,,awd,"Bán xe Porsche Panamera sx 2017 nhập khẩu từ Đức . 
Xe bản full đồ loa Bose,cửa nóc,nội thất ốp gỗ rất đẹp,toàn bộ ghế chỉnh điện ,xe nhập khẩu chính hãng ,có vành thể thao,nhiều chế độ chạy,cánh lướt gió ."
1a5eca92-3e49-48b3-b4d0-4da9835c3dd6,www.carmudi.vn,https://www.carmudi.vn/ban-xe-o-to-ban-thaco-towner-van-2s-2022-tai-trong-950kg-luu-thong-noi-thanh-2424h-ho-tro-tra-gop-70-416735/,1656843622.603423,https://static.carmudi.vn/files/06-2022/ad416735/ban-thaco-towner-van-2s-2022-tcyi-tr-ng-950kg-luu-thong-n-i-thanh-24-24h-h-tr-trcy-gop-542947776_large.jpg,"bán thaco towner van 2s 2022 tải trọng 950kg , lưu thông nội thành 24/24h, hỗ trợ trả góp 70%",285000000.0,thaco,van 2s,cũ,hồ chí minh,xăng,trắng,towner,2022,số tay,minivan,nhập khẩu,2,2,k14p-a,1375,,rwd,"Thaco Towner Van - Tối ưu giải pháp vận chuyển nội thành. 
- Sản phẩm Thaco Towner Van được định vị là giải pháp vận chuyển tối ưu, thân thiện... Đáp ứng nhu cầu chuyên chở hàng hóa trong các thành phố lớn, đặc biệt là vào các khung giờ cao điểm. 
- Thùng hàng rộng rãi Van 2s 2. 365 x 1. 360 x 1. 210 mm và được thiết kế sàn nhôm chống trượt, chịu va đập tốt. 
- Thùng hàng Van 5s 1.460 x 1.360 x 1.180 mm và được thiết kế với số chỗ ngồi tăng lên, sàn nhôm chống trượt, chịu va đập tốt. 
- Xe được trang bị động cơ xăng Suzuki. Tải trọng lên đến 945Kg và xe được phép chạy giờ cao điểm. 
- Giá thành hợp lý, chất lượng bền bỉ và mạnh mẽ đem lại hiệu quả kinh tế cao. 
- Xe được bảo hành 2 năm / 50. 000 Km. Hệ thống xưởng sửa chữa xe Tải Bus Thaco Auto trải rộng khắp cả nước, mang đến sự thuận tiện cho khách hàng, đáp ứng mọi nhu cầu bảo hành, bảo dưỡng, sửa chữa và thay thế phụ tùng chính hãng. 
▸ Thaco Towner Van 2S (tải trọng 945 kg, 2 chỗ ngồi). 
▸ Thaco Towner Van 5S (tải trọng 750 kg, 5chỗ ngồi). 
Liên hệ ngay xe tải Thaco để được hổ trợ."
dc860175-653f-42b3-82c9-91872014936a,www.carmudi.vn,https://www.carmudi.vn/ban-xe-o-to-ford-ranger-raptor-at-2021-417066/,1656843622.626824,https://static.carmudi.vn/files/06-2022/ad417066/ford-ranger-raptor-at-1770660768_large.jpg,ford ranger raptor at 2021,1468000000.0,ford,at,cũ,đồng nai,dầu,đen,ranger-raptor,2021,tự động,pickup,nhập khẩu,4,5,2.0,1996,,,"Xe bán ra luôn đảm bảo không đâm đụng, ngập nước 
- Hỗ trợ ngân hàng 70% giá trị xe 
- Hỗ trợ sang tên, thủ tục pháp lý 
- Tặng gói ƯU ĐÃI chỉ có tại Easycar Group: 
- MIỄN PHÍ kiểm tra tổng quát toàn xe cho KH ở 1.000 km đầu tiên. 
- MIỄN PHÍ thay nhớt ở 5.000 km hoặc 3 tháng tiếp theo 
- MIỄN PHÍ thay thế NHỚT, LỌC NHỚT ở 10,000km hoặc 6 tháng tiếp theo 
(Tùy điều kiện nào đến trước) 
-------------------------------------------- 
Liên hệ : 0797 797 515 
- Easycar Đồng Nai : 643 QL 1A, P.Long Bình, TP Biên Hoà, Đồng Nai."
a89e9e96-ed18-4ae6-98e8-5dab80213753,www.carmudi.vn,https://www.carmudi.vn/ban-xe-o-to-mercedes-benz-c300-2019-416741/,1656843622.730453,https://static.carmudi.vn/files/06-2022/ad416741/mercedes-benz-c300-1892854255_large.jpeg,mercedes - benz c300 2019,1579000000.0,mercedes_benz,2019,cũ,hồ chí minh,xăng,trắng,c300,2019,tự động,sedan,nhập khẩu,5,5,xăng,1000,,,
9d64926f-7570-4ecb-a196-5753ec5a80f8,www.carmudi.vn,https://www.carmudi.vn/ban-xe-o-to-thaco-binh-duong-can-ban-xe-tai-25-tan-kia-k250-thung-dai-45-m-416762/,1656843622.781142,https://static.carmudi.vn/files/06-2022/ad416762/thaco-binh-duong-cyn-ban-xe-tcyi-2-5-tzn-kia-k250-thung-dai-4-5-m-992100297_large.jpg,thaco bình dương cần bán xe tải 2.5 tấn kia k250 thùng dài 4.5 m,476000000.0,kia,k250l,cũ,bình dương,dầu,xanh dương,frontier,2022,số tay,pickup,nhập khẩu,2,3,huyndai d4cb,2497,,dẫn động cầu sau,"Thông số kỹ thuật Kia New Frontier K250L 
- Động cơ: Hyundai D4CB-CRDi. 
- Loại động cơ: Động cơ Diesel. 
- Dung tích xy lanh: 2497 cc. 
- Công suất cực đại: 130/3800 Ps/(vòng/phút). 
- Kích thước lòng thùng (Dài x Rộng x Cao): 4500 x 1700 x 1655 mm. 
- Tải trọng: 2350 Kg. 
- Thùng nhiên liệu: 65 lít. 
- Trang bị: Máy lạnh cabin, hệ thống phanh ABS, hệ thống cân bằng điện tử ESC. 
- Xe vận hành mạnh mẽ và linh hoạt với hộp số gồm 06 số tiến + 01 số lùi.  
 
Hỗ trợ mua trả góp qua ngân hàng 70%. 
Hệ thống bảo hành bảo dưỡng trên cả nước. 
Phụ tùng chính phẩm, thay thế nhanh chóng. 
Bảo hành 3 năm hoặc 100.000km trên các đại lý THACO toàn quốc. 
 
Showroom Thaco Trường Hải Bình Dương 
Số 3A, Bình Hoà, Lái Thiêu, Thuận An, Bình Dương 
Hotline: Mr.Khoa - 0938 933 753 / 0944 813 912"
514c2da9-bcee-4539-8386-d55688b08400,www.carmudi.vn,https://www.carmudi.vn/ban-xe-o-to-ford-ranger-raptor-at-2018-417070/,1656843622.859049,https://static.carmudi.vn/files/06-2022/ad417070/ford-ranger-raptor-at-2031914977_large.jpg,ford ranger raptor at 2018,1155000000.0,ford,at,cũ,đồng nai,dầu,xanh dương,ranger-raptor,2018,tự động,pickup,nhập khẩu,4,5,2.0,1996,,,"Xe bán ra luôn đảm bảo không đâm đụng, ngập nước 
- Hỗ trợ ngân hàng 70% giá trị xe 
- Hỗ trợ sang tên, thủ tục pháp lý 
- Tặng gói ƯU ĐÃI chỉ có tại Easycar Group: 
- MIỄN PHÍ kiểm tra tổng quát toàn xe cho KH ở 1.000 km đầu tiên. 
- MIỄN PHÍ thay nhớt ở 5.000 km hoặc 3 tháng tiếp theo 
- MIỄN PHÍ thay thế NHỚT, LỌC NHỚT ở 10,000km hoặc 6 tháng tiếp theo 
(Tùy điều kiện nào đến trước) 
-------------------------------------------- 
Liên hệ : 0797 797 515 
- Easycar Đồng Nai : 643 QL 1A, P.Long Bình, TP Biên Hoà, Đồng Nai."
14e9b70a-5982-4ec3-8768-766ae37c1303,www.carmudi.vn,https://www.carmudi.vn/ban-xe-o-to-thaco-auman-c160-thung-mui-bat-9-tan-doi-2022-tra-gop-tai-binh-duong-416761/,1656843622.914078,https://static.carmudi.vn/files/06-2022/ad416761/thaco-auman-c160-thung-mui-bdht-9-tzn-d-i-2022-trcy-gop-tdhi-binh-duong-1414031326_large.jpg,"thaco auman c160 thùng mui bạt 9 tấn đời 2022, trả góp tại bình dương",795000000.0,thaco,auman c160,cũ,bình dương,dầu,xanh dương,auman,2022,số tay,pickup,nhập khẩu,2,2,cummins isf3.8s4r168 (mỹ),3760,,dẫn động cầu sau,"Thaco Bình Dương hân hạnh giới thiệu đến quý khách hàng dòng xe tải Thaco Auman C160 Euro4 
Thaco Auman C160 là dòng sản phẩm xe tải 9 tấn cao cấp, chất lượng vượt trội so với các sản phẩm cùng loại. Đây là dòng sản phẩm được tất cả các khách hàng đánh giá cao về chất lượng cũng như chính sách bảo hành bảo dưỡng tại Thaco. 
_____________________________ 
 
Thông số kỹ thuật xe tải Auman C160: 
- Động cơ: CUMMINS ISF3.8S4R168 (Mỹ), 04 xi lanh thẳng hàng, phun nhiên liệu điều khiển điện tử Common Rail. 
- Dung tích xi-lanh: 3760 cm3. 
- Công suất cực đại: 170 PS/2600 vòng/phút. 
- Cỡ lốp xe: Trước/Sau 10.00R20. 
- Dung tích thùng nhiên liệu: 260 lít. 
- Màu sơn: Trắng – Xanh – Xám. 
- Xe trang bị máy lạnh cabin, kính cửa chỉnh điện. 
 
_____________________________ 
 
Thaco Auman C160 thùng mui bạt: 
- Kích thước tổng thể: 9.710 x 2.500 x 3.560 mm. 
- Kích thước lọt lòng thùng mui bạt: 7.400 x 2.350 x 2.150 mm. 
- Tải trọng hàng hóa: 9.100 kg. 
- Tống tải trọng: 15.450Kg. 
________________________ 
Thông tin liên hệ: 
Showroom Thaco Trường Hải Bình Dương (Tải Bus) 
Địa chỉ: Lái Thiêu, Thuận An, Bình Dương 
☎Hotline: Mr. Khoa - 0944 813 912"
a8458723-d21e-4d09-b15b-bbe1c9d34e64,www.carmudi.vn,https://www.carmudi.vn/ban-xe-o-to-0941686789sieu-sieu-pham-rolls-royce-phantom-phien-ban-rong-404782/,1656843623.000806,https://static.carmudi.vn/files/04-2021/ad404782/nulb0941-68-6789-sieu-sieu-phbhm-rolls-royce-phantom-phien-bcyn-r-ng-1033799757_large.jpg,【✔️0941.68.6789】siêu siêu phẩm rolls royce phantom phiên bản rồng,23500000000.0,rolls_royce,ewb,cũ,hà nội,xăng,đen,phantom,2011,tự động,sedan,nhập khẩu,4,4,6.7,6.7,,rwd,"Rolls-Royce đã trở thành biểu tượng cho sự sang trọng và xa xỉ. 
⭐️Rolls Royce Phantom chính là huyền thoại không chỉ của riêng Rolls Royce và cả trong thế giới xe siêu sang. Chiếc Rolls-Royce đầu tiên trình làng được sản xuất năm 1911. 
Rolls-Royce Phantom Year of the Dragon cả thế giới có 33 chiếc và Việt Nam có 2 chiếc.Phiên bản đặc biệt năm 2012,bản thùng dài với nhiều chi tiết option được đặt hàng riêng,xe siêu mới."
4696e7ae-9a31-4d9d-a3d7-4bb5fba5510a,www.carmudi.vn,https://www.carmudi.vn/ban-xe-o-to-ban-kia-seltos-luxury-2022-moi-416763/,1656843623.034217,https://static.carmudi.vn/files/06-2022/ad416763/ban-kia-seltos-luxury-2022-m-i-1148049764_large.jpeg,bán kia seltos luxury 2022 mới,750000000.0,kia,luxury,cũ,hồ chí minh,xăng,cam,seltos,2022,tự động,suv,nhập khẩu,4,5,1.4 gat,433,,,"Cần nhượng lại 1 chiếc Seltos Luxury 2022 màu cam. Xe mới hoàn toàn, xe có sẵn, nhận xe ngay và luôn. Ai cần liên hệ em nhé"
103f8302-487e-4885-a57d-e5ee71f1ac69,www.carmudi.vn,https://www.carmudi.vn/ban-xe-o-to-ban-vinfast-lux-sa-premium-2020-416803/,1656843623.125903,https://static.carmudi.vn/files/06-2022/ad416803/ban-vinfast-lux-sa-premium-373971542_large.jpg,bán vinfast lux sa premium 2020,1080000000.0,vinfast,premium,cũ,thanh hóa,xăng,trắng,lux-sa-2-0,2020,tự động,suv,nhập khẩu,5,7,2.0,2000,,,"Chính chủ tôi mua mới từ đầu , đăng ký công ty . Xe nguyên bản chưa đâm đụng tai nạn , ngập nước , bao test . 
Xe đã độ thêm 4 quả Bi led 
Phim cách nhiệt Hi-Kool 
Bậc lên xuống . 
 
Mọi chi tiết xin liên hệ Linh 0978.553.557"
937a666f-058f-4c6f-aed8-c68dac514da3,www.carmudi.vn,https://www.carmudi.vn/ban-xe-o-to-toyota-vios-g-2015-so-tu-dong-xe-nu-di-giu-ky-416826/,1656843623.30516,https://static.carmudi.vn/files/06-2022/ad416826/toyota-vios-g-2015-s-t-d-ng-xe-n-di-gi-k-583338905_large.jpg,toyota vios g 2015 số tự động - xe nữ đi giữ kỹ,415000000.0,toyota,1.5g,cũ,hồ chí minh,xăng,vàng cát,vios,2015,tự động,sedan,nhập khẩu,4,5,xăng,1500,,,"Chính chủ cần bán xe Toyota Vios 1.5G 2015, số tự động dòng G cao cấp, màu vàng cát. Xe giữ sạch sẽ, bảo dưỡng thường xuyên.  
-	Cam kết không đâm đụng, không ngập nước, bao test hãng.  
-	Xe đẹp, nội ngoại thất nguyên bản, vô lăng tích hợp, điều hòa tự động, DVD + camera de xe, phim cách nhiệt... Ít hao xăng, khoảng 6 lít/100km.  
-	Biển số TPHCM, pháp lý cá nhân, sang tên uỷ quyền nhanh gọn, giá 415 triệu. 
Liên hệ: 0385.733.369 (Mr.Anh)"
0f9a7a37-3a42-4673-941f-17e66801732d,www.carmudi.vn,https://www.carmudi.vn/ban-xe-o-to-mercedes-benz-e200-2018-cu-ho-chi-minh-lien-he-ngay-de-nhan-gia-tot-xe-cuc-dep-416827/,1656843623.438325,https://static.carmudi.vn/files/06-2022/ad416827/mercedes-benz-e200-2018-cu-h-chi-minh-lien-h-ngay-d-nh-n-gia-t-t-xe-c-c-d-p-402948983_large.jpg,mercedes-benz e200 2018 cũ hồ chí minh - liên hệ ngay để nhận giá tốt - xe cực đẹp,1679000000.0,mercedes_benz,2018,cũ,hồ chí minh,xăng,đen,e200,2018,tự động,sedan,nhập khẩu,4,5,2.0,1996,,,"Good Car về em E200 Model 2018 siêu đẹp  
 
E200 Mecedes_Benz 
- Màu Đen/ đen  
- Sản xuất#2017 
- Siêu lươt: 26.000 km 
Giá Bán: 1.679.000.000VND 
 
GOOD CAR: cam kết không đâm đụng, không ngập  nước, km chuẩn. 
Bank hỗ trợ 70% giá trị xe 
 
Salon Ô TÔ GOOD CAR"
326d365c-21e9-4b7f-aeef-e36eeefc7cf6,www.carmudi.vn,https://www.carmudi.vn/ban-xe-o-to-mercedes-benz-e200-exclusive-2021-cu-ho-chi-minh-xe-sieu-luot-con-moi-dep-lien-he-ngay-hom-nay-416830/,1656843623.501521,https://static.carmudi.vn/files/06-2022/ad416830/mercedes-benz-e200-exclusive-2021-cu-h-chi-minh-xe-sieu-lu-t-con-m-i-d-p-lien-h-ngay-hom-nay-118873662_large.jpg,"mercedes-benz e200 exclusive 2021 cũ hồ chí minh - xe siêu lướt còn mới, đẹp - liên hệ ngay hôm nay",2269000000.0,mercedes_benz,exclusive,cũ,hồ chí minh,xăng,đen,e200,2021,tự động,sedan,nhập khẩu,4,5,2.0,1996,,,"Mercedes-Benz E200 Exclusive. SX 2021. odo:5.000km 
- Màu đen , nội thất đen 
- Sản xuất 2021 
- Xe mới lăn bánh:5.000 cây. 
Giá:2 tỷ269 VNĐ.  
Hỗ trợ trả góp toàn quốc đến 70% _ 90%giá trị xe. 
GOOD CAR CAM KẾT:không bị đâm đụng,không bị thủy kích,km chuẩn hộp số zin. 
- Xác định rõ nguồn gốc xuất xứ và đúng năm sản xuất. 
- Hỗ trợ hồ sơ khó,nợ xấu ,hỗ trợ chứng minh thu nhập. 
290 Nguyễn Văn Linh, Phường Tân Thuận Tây, Quận 7, Tp.Hồ Chí Minh. 
Hotline :  Bấm để xem số điện thoại  ( TẤN PHÁT) 
#Good_Car_Always_Like_New 
#Mercedes_Benz E200ex  
#Sản_xuất_2021 
#Good_Car 
#Xeluot"
79823033-c23b-4b25-a8f3-12bf8c9772d2,www.carmudi.vn,https://www.carmudi.vn/ban-xe-o-to-ban-lincoln-navigator-l-black-label-2021-cu-ha-noi-416764/,1656843623.60475,https://static.carmudi.vn/files/06-2022/ad416764/ban-lincoln-navigator-l-black-label-2021-cu-ha-n-i-1296590229_large.jpg,bán lincoln navigator l black label 2021 cũ hà nội,9190000000.0,lincoln,black label,cũ,hà nội,xăng,đỏ,navigator_l,2021,tự động,suv,nhập khẩu,5,7,3.5,3.5,,,"Lincoln Navigator Black Label L 2021, thiết kế hoàn toàn mới so với mẫu cũ, đẹp hơn, tinh tế hơn và thực dụng hơn. 
Động cơ 3.5 V6 twin turbo, 450HP, hộp số 10 cấp, kích thuớc: 5636x2382x1932, full option: 
- Phanh Khoảng cách 
- Cảnh báo lệch làn 
- Cảnh báo vuợt 
- Camera 360 
- Lazang xoáy đặc trưng cho bản Label 22 inch 
- Ghế da cao cấp 
- 2 màn hình gối 
- Bệ tì tay 
- Bộ phát Wifi, 
- Âm thanh Revel Ultima 20 loa 
- Điều khiển hành trình 
- Ghế chỉnh điện 30 huớng"
5dbfc3a1-c504-426c-8cde-152d29a574ee,www.carmudi.vn,https://www.carmudi.vn/ban-xe-o-to-xe-tai-2-tan-fuso-canter-tf49-doi-2022-ho-tro-tra-gop-tai-binh-duong-416760/,1656843623.706997,https://static.carmudi.vn/files/06-2022/ad416760/xe-tcyi-2-tzn-fuso-canter-tf4-9-d-i-2022-h-tr-trcy-gop-tdhi-binh-duong-2104181522_large.jpg,"xe tải 2 tấn fuso canter tf4.9 đời 2022, hỗ trợ trả góp tại bình dương",618000000.0,thaco,canter tf,cũ,bình dương,dầu,xanh dương,frontier,2022,số tay,pickup,nhập khẩu,2,3,mitsubishi fuso,2998,,fwd,"Mitsubishi Fuso Canter TF 4.9 
- Sử dụng động cơ 4P10-KAT2 (Mitsubishi Fuso) tiêu chuẩn khí thải Euro 5: 
+ Công suất 130/3500 (Ps/rpm) 
- Kích thước tổng thể: 6,110 x 1890 x 2.910. 
- Kích thước lọt lòng thùng: 4.450 x 1.750 x 1.830 
- Khối lượng chở cho phép: 1.995 Kg 
Sử dụng động cơ Mitsubishi Fuso tiêu chuẩn khí thải Euro 5 
Trang bị hệ thống chống bó cứng phanh ABS và hệ thống phân bổ lực phanh điện tử EBD 
Cabin ứng dụng công nghệ an toàn ""Fuso Rise"", toàn bộ cabin được sơn nhúng tĩnh điện ED và sơn màu metalic cao cấp 
Khung gầm công nghệ Super frame - công nghệ chassis độc quyền của Mitsubishi - Nhật Bản 
—————————————————————————— 
✅ Hỗ trợ vay trả góp tới 70%. 
✅ Đăng ký trải nghiệm và lái thử miễn phí. 
✅ Hỗ trợ thủ tục đăng ký, đăng kiểm. 
✅ Thủ tục, nhanh chóng, đơn giản, có xe giao sẵn. 
—————————————————————————— 
Thông tin liên hệ: 
Showroom Thaco Trường Hải Bình Dương (Tải Bus) 
Địa chỉ: Lái Thiêu, Thuận An, Bình Dương 
☎Hotline: Mr. Khoa - 0944 813 912"
dc0d47df-2c01-4736-81de-b3a83fbd2bd6,www.carmudi.vn,https://www.carmudi.vn/ban-xe-o-to-toyota-cross-2022-du-mau-giao-ngay-265tr-nhan-xe-lh-0932142022-398285/,1656843623.96756,https://static.carmudi.vn/files/02-2022/ad398285/toyota-cross-2021-nh-p-khbhu-100-d-mau-265tr-co-xe-lh-0932-142-1887990268_large.jpg,"toyota cross 2022 đủ màu, giao ngay - 265tr nhận xe - lh : 0932.142.022",830000000.0,toyota,1.8 v,mới,hồ chí minh,xăng,đỏ,corolla_cross,2022,tự động,suv,nhập khẩu,4,5,1.8,1798,,fr,"Toyota Hiroshima Tân Cảng gửi đến Quý Khách hàng chương trình bán hàng cam kết chất lượng - ưu tín Miền Nam: 
■ Toyota Cross 1.8 G AT :    730.000.000 VNĐ 
■ Toyota Cross 1.8 V AT :    830.000.000 VNĐ 
■ Toyota Cross 1.8 VH AT : 920.000.000 VNĐ 
*Lưu ý giá trên đã bao gồm 10% thuế VAT 
➡Màu sắc: Trắng - bạc - đen - đỏ - nâu - xám - xanh  
 
+ Gói phụ kiện khách hàng hay lựa chọn gắn tại hãng khi mua xe Cross 2022: 
@ Camera hành trình 
@ Hộp đen 
@ Dán phim cách nhiệt cao cấp USA 
@ Trải sàn simili 
@ Phủ gầm cách âm, chống rỉ sét 
@ Viền che mưa 
@ Chén cửa 
@ Chắn bùn 
@ Cốp điện 
… 
+ Tại Toyota Hiroshima Tân Cảng: 
- Tặng 8 món quà tặng theo xe: sổ da đựng hồ sơ, táp-pi lót sàn, 10 lít xăng, cặp che nắng, túi thơm, dù cầm tay, móc khóa, bao tay lái.q 
- Tặng 3 phiếu miễn phí tiền công bảo dưỡng: 1.000km, 50.000km và 100.000km 
- Hỗ trợ miễn phí đăng ký kinh doanh các hình thức như: Grab/taxi/Vivo.. 
- Hỗ trợ ngân hàng lãi suất thấp tỉ lệ cho vay tối đa, thời gian vay linh hoạt nhanh chóng, duyệt trong 24h. 
 
+ Mua và Bán các loại xe qua sử dụng: 
- Định giá xe miễn phí 
- Thu mua tất cả các loại xe qua sử dụng giá cao 
* Liên hệ ngay để nhận nhiều khuyến mãi tốt 
 
Showroom Toyota Hiroshima Tân Cảng. 
Địa chỉ: 220 Nguyễn Hữu Cảnh, P. 22, Q. Bình Thạnh, TP. HCM. 
☎ Hotline: 0932.142.022 (Viber, Zalo 24/7). 
Website: http://www.toyotatancanght.com. 
Email: giangnguyentoyotatancang@gmail.com. 
Hân hạnh phục vụ"
