id,domain,url,crawled_date,ten,gia_ban,hang,nam_san_xuat,tinh_trang,nhien_lieu,kieu_dang,dong_xe,so_km_da_di,hop_so,xuat_xu,so_cho,mo_ta
919820bc-1c14-433d-b6db-ab0c95022a16,xe.chotot.com,https://xe.chotot.com/mua-ban-oto-quan-thanh-khe-da-nang/96380583.htm,1656780857.547187,bÃ¡n xe fadil Ã­t sá»­ dá»¥ng,360000000.0,vinfast,2021,cÅ©,xÄƒng,,fadil,5000,tá»± Ä‘á»™ng,nháº­p kháº©u,,"Xe má»›i Ä‘i 5000km chÆ°a háº¿t roda 
HÃ¬nh chá»¥p tháº­t 
ÄÄƒng kÃ½ láº§n Ä‘áº§u thÃ¡ng 12/2021"
dcf3b65b-8b12-4cde-bba8-9df6acf093e8,xe.chotot.com,https://xe.chotot.com/mua-ban-oto-quan-bac-tu-liem-ha-noi/81516796.htm,1656780857.625155,hyundai accent 2022. sáºµn xe giao. tráº£ gÃ³p Ä‘áº¿n 90%,100000000.0,hyundai,2022,má»›i,xÄƒng,sedan,accent,,tá»± Ä‘á»™ng,nháº­p kháº©u,5,"HYUNDAI ACCENT 2022 - Há»— Trá»£ Tráº£ GÃ³p 85 - 90% - LÄ‚N BÃNH CHá»ˆ Tá»« 100 Tr - KhÃ´ng Cáº§n Chá»©ng Minh Thu Nháº­p - Há»— Trá»£ ÄÄƒng KÃ½ D.Vá»¥ GRAB.

Táº·ng tháº» dá»‹ch vá»¥ sá»­a chá»¯a báº£o dÆ°á»¡ng
Táº·ng gÃ³i phá»¥ kiá»‡n Cao Cáº¥p tráº£i sÃ n chá»‘ng chÃ¡y, bá»c vÃ´ lÄƒng da, nÆ°á»›c hoa khá»­ mÃ¹i vÃ  1 sá»‘ pk khÃ¡c...
GÃ³i khuyáº¿n mÃ£i cá»±c ká»³ háº¥p dáº«n.

Báº¢NG GIÃ BÃN Æ¯U ÄÃƒI ACCENT 2022

- Accent 1.4 MT Base :.........42x Triá»‡u

- Accent 1.4 MT :..................46x Triá»‡u 

- Accent 1.4 AT :...................50x Triá»‡u 

- Accent 1.4 AT Äáº·c biá»‡t :.....54x Triá»‡u 

ğŸŒˆMÃ u xe Ä‘áº§y Ä‘á»§ : Tráº¯ng, Báº¡c, Äen, Äá», VÃ ng CÃ¡t, VÃ ng Be.
  
ğŸ‡»ğŸ‡³ğŸ‡°ğŸ‡· : Hyundai GiÃ¡ tá»‘t - Há»— trá»£ 24/7

â˜ğŸ»Há»– TRá»¢ VAY TRáº¢ GÃ“P LÃŠN Tá»šI 85-90% GIÃ TRá»Š XE 
â˜ğŸ»LÃƒI XUáº¤T THáº¤P ..,THá»œI Háº N Tá»I ÄA 8 NÄ‚M.
â˜ğŸ»Há»— trá»£ Ä‘Äƒng kÃ½ Grab/Uber thu nháº­p 30Tr/ThÃ¡ng.

ğŸ‘‰ LiÃªn há»‡ ngay  Äá»ƒ Ä‘Æ°á»£c tÆ° váº¥n miá»…n phÃ­ Ä‘Äƒng kÃ­ lÃ¡i thá»­ vÃ  nháº­n Æ°u Ä‘Ã£i

ğŸ‘‰ Showroom Hyundai Pháº¡m VÄƒn Äá»“ng

Ä/c: 138 Pháº¡m VÄƒn Äá»“ng, XuÃ¢n Äá»‰nh, Báº¯c Tá»« LiÃªm, HÃ  Ná»™i.
LiÃªn há»‡ hotline Ä‘á»ƒ Ä‘Æ°á»£c há»— trá»£ tá»‘t ."
6b9e3e0c-b136-4163-9539-29314ee63de4,xe.chotot.com,https://xe.chotot.com/mua-ban-oto-quan-long-bien-ha-noi/95804197.htm,1656780857.643805,mazda3 2020 má»›i cÃ³ng,646000000.0,mazda,2020,cÅ©,xÄƒng,sedan,3,7000,tá»± Ä‘á»™ng,nháº­p kháº©u,5,"â€”â€”â€”â€”AN PHÃš Äáº T Má»šI Vá»€â€”â€”â€”â€”-
Mazda 3 Äá» ruby 
Sx 2020 duluxe
Odo 7000.km 
Xe má»›i+máº«u má»›i
Xe cÃ¡ nhÃ¢n 1 chá»§ tá»« má»›i
GiÃ¡ hÆ¡n 600 lÃ  e bÃ¡n áº¡
â€¢ â€¢ â€¢ â€¢ â€¢ â€¢ â€¢ â€¢ â€¢ â€¢ â€¢ 
âœï¸ ThÃ¢n máº¿n & TrÃ¢n trá»ng  !!!
Há»— trá»£ tráº£ gÃ³p 70%-80% 
LiÃªn há»‡ ğŸ“
0986.191.2xx Mr Ngá»
#AUTO_160_Nguyá»…nVÄƒnCá»«_LB_HN
CTK : DÆ¯Æ NG_NGá»Œ
ğŸ§ VPBank : 1031.66.88.9xx"
5fecc11d-4739-4977-b16b-465338b7ef99,xe.chotot.com,https://xe.chotot.com/mua-ban-oto-quan-ha-dong-ha-noi/96534440.htm,1656780857.66259,cáº§n bÃ¡n hiace táº£i van mÃ¡y dáº§u sx 2009 sá»‘ sÃ n,275000000.0,toyota,2009,cÅ©,dáº§u,van,hiace,1234,sá»‘ sÃ n,nháº­p kháº©u,4,Cáº§n bÃ¡n hiace táº£i van mÃ¡y dáº§u sx 2009 mÃ¡y cá»±c Ãªm thÃ¢n vá» Ä‘áº¹p mÃ¡y sá»‘ din ko lá»—i cam Æ¡n
7afa4bde-8516-439e-9a6a-c3968fa84faa,xe.chotot.com,https://xe.chotot.com/mua-ban-oto-quan-bac-tu-liem-ha-noi/96177341.htm,1656780857.67264,"outlander 2022 há»— trá»£ thuáº¿ trÆ°á»›c báº¡, lÃ£i suáº¥t 0%",786000000.0,mitsubishi,2022,má»›i,xÄƒng,suv / cross over,outlander,,tá»± Ä‘á»™ng,nháº­p kháº©u,7,"Mitsubishi Outlander vá»›i 2 phiÃªn báº£n 2.0 CVT vÃ  2.0 CVT Premium.
_ CÃ³ 5 mÃ u lá»±a chá»n; Äá», Äen, Tráº¯ng, NÃ¢u, XÃ¡m.
_ SIÃŠU Æ¯U ÄÃƒI TRONG THÃNG
+ LÃI THá»¬ Táº¬N NHÃ€ - Táº·ng QuÃ  Cao Cáº¥p
+ Táº·ng Camera 360
+ Báº£o hiá»ƒm váº­t cháº¥t xe
+ Há»— trá»£ tráº£ gÃ³p 85% giÃ¡ trá»‹ xe lÃªn Ä‘áº¿n 8 nÄƒm!
+ Há»— trá»£ má»i thá»§ tá»¥c ngÃ¢n hÃ ng - Ká»ƒ cáº£ ná»£ Xáº¥u
+ Giáº£m 50% Lá»‡ phÃ­ trÆ°á»›c báº¡
+ Sáºµn xe giao ngay, Ä‘á»§ mÃ u, Ä‘á»§ phiÃªn báº£n
+ Há»— trá»£ Ä‘Äƒng kÃ­ Ä‘Äƒng kiá»ƒm - giao xe táº­n nhÃ .
ThÃ´ng sá»‘ ká»¹ thuáº­t - GiÃ¡ bÃ¡n cÃ³ thá»ƒ thay Ä‘á»•i liÃªn tá»¥c xin QuÃ½ KhÃ¡ch hÃ ng vui lÃ²ng liÃªn há»‡ trá»±c tiáº¿p Ä‘á»ƒ Ä‘Æ°á»£c tÆ° váº¥n tá»‘t .
Xin CÃ¡m Æ¡n!"
902596fe-2473-48ee-9a49-10d5617c8631,xe.chotot.com,https://xe.chotot.com/mua-ban-oto-huyen-thanh-tri-ha-noi/96332692.htm,1656780857.692312,bÃ¡n camry glx,575000000.0,toyota,2010,cÅ©,xÄƒng,sedan,camry,110000,tá»± Ä‘á»™ng,nháº­p kháº©u,5,"ChÃ­nh chá»§ cáº§n bÃ¡n xe oto Camry GLX sáº£n xuáº¥t 2010 Ä‘Äƒng kÃ½ láº§n Ä‘áº§u 2011 biá»ƒn HÃ  Ná»™i. 
GLX lÃ  phiÃªn báº£n Má»¹ xuáº¥t Trung Ä‘Ã´ng  . LÃªn cháº¥t lÆ°á»£ng tiÃªu chuáº©n chÃ¢u Ã¢u cÃ³ nhÆ°ng Ä‘iá»ƒm tuyá»‡t Ä‘á»‘i hoÃ n háº£o vÃ  an toÃ n.
Xe trang bá»‹ cáº£m biáº¿n trÆ°á»›c sau. ( HÆ¡n báº£n má»¹) 
Cá»­a sá»• trá»i 
Äiá»u hoÃ  2 dÃ n lÃªn cá»±c mÃ¡t. Ká»ƒ cáº£ hÃ ng gháº¿ sau.
Gháº¿ chá»‰nh Ä‘iá»‡n. GÆ°Æ¡ng Gáº­p Ä‘iá»‡n ( hÆ¡n báº£n Má»¹ )
Gháº¿ da theo xe.
Lazang Ä‘Ãºc theo xe 
Äáº« láº¯p mÃ n androi siÃªu nÃ©t cÃ³ 4G
Xe sáº¿p lá»›n lÃªn Ä‘i ráº¥t Ã­t vÃ¬ cÃ³ xe Ä‘Æ°a Ä‘Ã³n hÃ ng ngÃ y chá»‰ Ä‘i cv riÃªng vÃ  caffe thÃ´i. TÃ­nh ra má»—i nÄƒm chá»‰ cÃ³ 1 Váº¡n km. 
Mua bÃ¡n taii nhÃ "
acd15e70-b4b9-4c1b-859d-937567374aed,xe.chotot.com,https://xe.chotot.com/mua-ban-oto-huyen-soc-son-ha-noi/92869045.htm,1656780857.791263,toyota corolla altis 1.8g 2010 sá»‘ tay. 1 chá»§. má»›i,340000000.0,toyota,2010,cÅ©,xÄƒng,sedan,corolla altis,60000,sá»‘ sÃ n,nháº­p kháº©u,5,"Toyota Corolla Altis 1.8G MT cuá»‘i 2010, sá»‘ tay, mÃ u Ä‘en. 1 chá»§ mua Ä‘i tá»« má»›i cá»©ng. Má»ši QuÃ¡ Thá»ƒ LuÃ´n. Xe xuáº¥t sáº¯c, khÃ´ng lá»—i nhá», má»›i cá»©ng.
Xe 1 chá»§ mua Ä‘i tá»« má»›i xe cháº¡y chÆ°a háº¿t dÃ n lá»‘p 2010 theo xe. SÆ¡ cua 2010 chÆ°a háº¡ cháº¡m Ä‘áº¥t. CÃ³ sá»• báº£o hÃ nh báº£o dÆ°á»¡ng theo dÃµi thay dáº§u Ä‘á»‹nh ká»³ táº¡i hÃ£ng. ThÃ´ng tin xe má»i ngÆ°á»i cÃ³ thá»ƒ check táº¡i táº¥t cáº£ cÃ¡c hÃ£ng Toyota toÃ n quá»‘c vá» cháº¥t lÆ°á»£ng, Ä‘Ã¢m va, mÃ¡y mÃ³c. Tá»« bá»™ tháº£m Ä‘á»ƒ chÃ¢n chÃ­nh hÃ£ng Toyota váº«n cÃ²n má»›i cá»©ng. Ace cÃ³ nhu cáº§u mua sá»­ dá»¥ng thÃ¬ cÃ¡m Æ¡n auto.
LÆ°u Ã½: Khi Ä‘i rá»§ thÃªm báº¡n bÃ¨ hoáº·c ngÆ°á»i nhÃ  cÃ³ nghiá»‡p vá»¥ giá»i vá» sÆ¡n Ã´ tÃ´ Ä‘á»ƒ qua kiá»ƒm tra cháº¥t lÆ°á»£ng xe. Xe Ä‘áº¹p k 1 giá»t sÆ¡n ná»™i. CÃ´ng nháº­n xe cÃ¢y sá»‘ xá»‹n má»›i khá»§ng khiáº¿p. (Xe bÃ¡n bao check hÃ£ng mÃ¡y mÃ³c + thÃ¢n vá» + ngáº­p nÆ°á»›c + gáº§m bá»‡).
Xe thuá»™c loáº¡i trÃªn xuáº¥t sáº¯c, muá»‘n bÃ¡n cho ngÆ°á»i am hiá»ƒu vá» xe + cá»±c kÃ¬ khÃ³ tÃ­nh. Quan trá»ng phÃ¢n biá»‡t Ä‘Æ°á»£c Ä‘áº¹p xáº¥u xe sÆ¡n zin hay xe Ä‘Ã£ bá»‹ báº¯n tá»‰a. Cam káº¿t nguyÃªn zin 100% tá»« má»›i. Xe khÃ´ng thá»ƒ má»›i hÆ¡n Ä‘Æ°á»£c ná»¯a.
- Xe khÃ´ng Ä‘Ã¢m khÃ´ng va khÃ´ng ngáº­p nÆ°á»›c. Khoang mÃ¡y nguyÃªn 1 cá»¥c chÆ°a 1 con á»‘c cÃ³ váº¿t. MÃ¡y mÃ³c cháº¥t Ãªm ru miá»…n chÃª, gáº§m bá»‡ cháº¡y cháº¯c cháº¯n miá»…n bÃ n. áº¢nh chá»¥p ráº¥t chi tiáº¿t, tá»‰ má»‰ chá»¥p tá»«ng con á»‘c.
- 4 cÃ¡nh cÃ¹ng capo trÆ°á»›c sau chÆ°a máº¥t 1 phÃ¢n keo chá»‰ nguyÃªn báº£n tuyá»‡t Ä‘á»‘i.
- VÃ´ lÄƒng cá»§ sá»‘, á»‘c nhÃ¡i Ä‘á»“ng Ã¡ng vÃ ng Æ°Æ¡m tráº¯ng tinh.
- Ná»™i tháº¥t giá»¯ gÃ¬n chÆ°a 1 váº¿t báº©n, tráº§n ná»‰ Ä‘áº¹p, gháº¿ da xá»‹n tá»« nhÃ  mÃ¡y cÃ¹ng 5 quáº£ lá»‘p 2010 lazang Ä‘Ãºc theo xe cÃ²n má»›i.
- Äá»“ chÆ¡i xe Ä‘Ã£ Ä‘k trang bá»‹ Ä‘áº§y Ä‘á»§ tiá»‡n nghi vá» sáºµn sá»­ dá»¥ng. Äáº§u Ä‘Ä©a mÃ n hÃ¬nh camera lÃ¹i sau, dÃ n loa super bass vÃ "
a0e801cb-3aa0-48ec-a2e2-bf4652f0fc59,xe.chotot.com,https://xe.chotot.com/mua-ban-oto-quan-bac-tu-liem-ha-noi/94909554.htm,1656780857.804983,toyota wish 2.0 at vvti 2010 siÃªu hiáº¿m,468000000.0,toyota,2010,cÅ©,xÄƒng,minivan (mpv),wish,84000,tá»± Ä‘á»™ng,nháº­p kháº©u,7,"Nam DÆ°Æ¡ng Auto vá»«a vá» Toyota Wish 2.0 AT VVTi 2010 siÃªu hiáº¿m
Xe Ä‘Äƒng kÃ½ biá»ƒn sá»‘ HÃ  Ná»™i. Odo hÆ¡n 8v km
Xe trang bá»‹ bao nhiá»u tÃ­nh nÄƒng : cam360, mÃ n hÃ¬nh android, gÆ°Æ¡ng kÃ­nh auto, Ä‘iá»u hoÃ  auto, há»‡ thá»‘ng an toÃ n phanh abs,eba...
NÃ³i khÃ´ng vá»›i xe Ä‘Ã¢m Ä‘á»¥ng ngáº­p nÆ°á»›c.
ÄÆ°á»£c kÃ½ há»£p Ä‘á»“ng mua bÃ¡n nhÆ° chÃ­nh hÃ£ng báº£o Ä‘áº£m quyá»n lá»£i.
Bao check toÃ n quá»‘c.
Xe bÃ¡n Ä‘Æ°á»£c cÃ´ng ty báº£o hÃ nh 03- 24 thÃ¡ng
- Miá»…n phÃ­ thay dáº§u 1 nÄƒm
- Miá»…n phÃ­ kiá»ƒm tra Ä‘á»‹nh ká»³ 1 nÄƒm
Há»— trá»£ sang tÃªn chÃ­nh chá»§.
Vui lÃ²ng liÃªn há»‡ Ä‘á»ƒ Ä‘Æ°á»£c biáº¿t thÃªm thÃ´ng tin!"
e47f5de4-cf63-4f27-8639-6f1a3891b0de,xe.chotot.com,https://xe.chotot.com/mua-ban-oto-huyen-soc-son-ha-noi/87814264.htm,1656780858.051892,honda civic 1.8at 2011 tá»± Ä‘á»™ng. 1 chá»§. má»›i quÃ¡ Ä‘i,386000000.0,honda,2011,cÅ©,xÄƒng,sedan,civic,60000,tá»± Ä‘á»™ng,nháº­p kháº©u,5,"Honda Civic 1.8AT cuá»‘i 2011 1 chá»§ mua Ä‘i tá»« má»›i cá»©ng. Biá»ƒn VIP tá»« Ä‘áº§u Ä‘Ãºng Ä‘á»i Ä‘Ãºng biá»ƒn, tá»± Ä‘á»™ng, mÃ u Ä‘en. Má»›i Khá»§ng Khiáº¿p. Xe Xuáº¥t Sáº¯c quÃ¡ Ä‘áº¹p luÃ´n nÃ³i k vá»›i lá»—i nhá». Miá»…n bÃ n vá» cháº¥t lÆ°á»£ng xe. Sá»• báº£o hÃ nh báº£o dÆ°á»¡ng Ä‘á»‹nh ká»³ táº¡i hÃ£ng cÃ²n Ä‘áº§y Ä‘á»§, khÃ³a xá»‹n 3 chÃ¬a cÃ²n nguyÃªn
Xe lÆ°á»›t Ä‘Ãºng 1v km xá»‹n, sÆ¡ cua 2011 chÆ°a háº¡ cháº¡m Ä‘áº¥t. CÃ´ng nháº­n xe cÃ¢y sá»‘ xá»‹n má»›i khá»§ng khiáº¿p.

(Xe bÃ¡n bao check hÃ£ng mÃ¡y mÃ³c + thÃ¢n vá» + ngáº­p nÆ°á»›c + gáº§m bá»‡).

Xe thuá»™c loáº¡i trÃªn xuáº¥t sáº¯c chÆ°a Ä‘i háº¿t dÃ n lá»‘p 2011 theo xe tá»« má»›i, muá»‘n bÃ¡n cho ngÆ°á»i am hiá»ƒu vá» xe + cá»±c kÃ¬ khÃ³ tÃ­nh. Mua xe pháº£i Ä‘i check 3 hÃ£ng 4 hÃ£ng ok thÃ¬ má»›i láº¥y.

Cam káº¿t nguyÃªn zin 100% tá»« má»›i. Xe thÆ°á»ng xuyÃªn báº£o dÆ°á»¡ng thay dáº§u kiá»ƒm tra tá»•ng thá»ƒ Ä‘á»‹nh ká»³ táº¡i hÃ£ng Honda Má»¹ ÄÃ¬nh, khÃ´ng thá»ƒ má»›i hÆ¡n Ä‘Æ°á»£c ná»¯a.

- Xe khÃ´ng Ä‘Ã¢m khÃ´ng va khÃ´ng ngáº­p nÆ°á»›c. Khoang mÃ¡y nguyÃªn 1 cá»¥c chÆ°a 1 con á»‘c cÃ³ váº¿t. MÃ¡y mÃ³c cháº¥t Ãªm ru miá»…n chÃª, gáº§m bá»‡ cháº¡y cháº¯c cháº¯n miá»…n bÃ n. áº¢nh chá»¥p ráº¥t chi tiáº¿t, tá»‰ má»‰ chá»¥p tá»«ng con á»‘c.

- 4 cÃ¡nh cÃ¹ng capo trÆ°á»›c sau chÆ°a máº¥t 1 phÃ¢n keo chá»‰ nguyÃªn báº£n tuyá»‡t Ä‘á»‘i.

- VÃ´ lÄƒng cá»§ sá»‘, á»‘c nhÃ¡i Ä‘á»“ng Ã¡ng vÃ ng Æ°Æ¡m tráº¯ng tinh.

- Ná»™i tháº¥t giá»¯ gÃ¬n chÆ°a 1 váº¿t báº©n, tráº§n ná»‰ Ä‘áº¹p, gháº¿ da xá»‹n tá»« nhÃ  mÃ¡y cÃ¹ng 5 quáº£ lá»‘p 2011 lazang Ä‘Ãºc theo xe cÃ²n má»›i.

- Äá»“ chÆ¡i xe Ä‘Ã£ vÃ o Ä‘áº§y Ä‘á»§ tá»« hÃ£ng. KÃ­nh trÆ°á»›c kÃ­nh sau cÃ¹ng kÃ­nh 4 cÃ¡nh Ä‘Ã£ dÃ¡n phim 3M xá»‹n chá»‘ng chÃ³i Ä‘áº§y Ä‘á»§. Lá»‘p sÆ¡ cua 2011 chÆ°a háº¡ sá»­ dá»¥ng.

Xe Ä‘áº¹p nÃªn má»i ngÆ°á»i an tÃ¢m tuyá»‡t Ä‘á»‘i vá» cháº¥t lÆ°á»£ng xe.

Xe ráº¥t cháº¥t lÆ°á»£ng. BÃ¡n "" báº£o hÃ nh ""."
74513536-ecdc-42f7-8a97-8c0a44614878,xe.chotot.com,https://xe.chotot.com/mua-ban-oto-quan-bac-tu-liem-ha-noi/95967555.htm,1656780858.083163,"xpander 2022 nháº­p kháº©u, tráº£ gÃ³p lÃ£i suáº¥t 0%",588000000.0,mitsubishi,2022,má»›i,xÄƒng,kiá»ƒu dÃ¡ng khÃ¡c,xpander,,tá»± Ä‘á»™ng,nháº­p kháº©u,7,"- Thiáº¿t káº¿ thá»ƒ thao, khá»e khoáº¯n
- Phanh tay Ä‘iá»‡n tá»­, phanh dá»«ng tá»± Ä‘á»™ng
- Cá»¥m Ä‘Ã¨n má»›i projecter led
- Gháº¿ da sá»‹n xÃ² hÆ¡n
- Cá»¥m Ä‘iá»u khiá»ƒn Ä‘iá»u hÃ²a hiá»‡n Ä‘áº¡i tráº» trung
- MÃ¢m xe to 17 inch, khoáº£ng sÃ¡ng gáº§m 225 mm
- SiÃªu bá»n vÃ  siÃªu tiáº¿t kiá»‡m nhiÃªn liá»‡u
- TÃ­nh nÄƒng an toÃ n cao (ABS, CÃ¢n báº±ng Ä‘iá»‡n tá»­, há»— trá»£ khá»Ÿi hÃ nh ngang dá»‘c...)
- 7 Chá»— rá»™ng rÃ£i, bÃ¡n kÃ­nh quay vÃ²ng nhá»
- BÃ¡n kÃ­nh quay vÃ²ng nhá» gá»n, cá»‘p Ä‘á»“ rá»™ng rÃ£i.
- Tháº©m Ä‘á»‹nh NgÃ¢n HÃ ng ra phÃª duyá»‡t trong ngÃ y
- Há»— trá»£ vay vá»‘n lÃªn Ä‘áº¿n 85%, thá»i háº¡n 8 nÄƒm
- ÄÄƒng kÃ½, Ä‘Äƒng kiá»ƒm, ra biá»ƒn nhanh gá»n
- Há»— trá»£ lÃ¡i thá»­,#giao_xe táº¡i nhÃ 
--> Alo Ä‘á»ƒ nháº­n bÃ¡o giÃ¡ tá»‘t"
c7b68fd9-dd05-4b4f-8e3d-ba6c7e6a8564,xe.chotot.com,https://xe.chotot.com/mua-ban-oto-quan-long-bien-ha-noi/96460387.htm,1656780858.098095,mercedes benz c class c200 2018,1155000000.0,mercedes benz,2018,cÅ©,xÄƒng,sedan,c class,3000,tá»± Ä‘á»™ng,nháº­p kháº©u,5,"â€”â€”â€”â€”AN PHÃš Äáº T Má»šI Vá»€â€”â€”â€”â€”-
Mercedes Benz C class C200
Sx: 2018 
Máº§u Äen ná»™i tháº¥t kem â¤ï¸
MÃ¡y : 2.0L
xe cÃ¡ nhÃ¢n Ä‘i cá»±c giá»¯ zÃ¬nâ€¦..
GiÃ¡ 11xxtr
â€¢ â€¢ â€¢ â€¢ â€¢ â€¢ â€¢ â€¢ â€¢ â€¢ â€¢ 
âœï¸ ThÃ¢n máº¿n & TrÃ¢n trá»ng  !!!
Há»— trá»£ tráº£ gÃ³p 70%-80% 
LiÃªn há»‡ ğŸ“
0986.191.26x Mr Ngá»
#AUTO_160_Nguyá»…nVÄƒnCá»«_LB_HN
CTK : DÆ¯Æ NG_NGá»Œ
ğŸ§ VPBank : 1***x"
1d22c8ee-0fe3-4189-bfb5-3f39075f0820,xe.chotot.com,https://xe.chotot.com/mua-ban-oto-huyen-vinh-cuu-dong-nai/96502064.htm,1656780858.116604,lexus rx300 sáº£n xuáº¥t 2018 Ä‘Äƒng kÃ­ 2019,2900000000.0,lexus,2019,cÅ©,xÄƒng,suv / cross over,rx,40000,tá»± Ä‘á»™ng,nháº­p kháº©u,5,"Xe chÃ­nh chá»§. 
Xe Ä‘áº¹p cÃ²n má»›i,khÃ´ng Ä‘Ã¢m Ä‘á»¥ng ngáº­p nÆ°á»›c, Ä‘Ã£ lÃªn mÃ¢m Ä‘á»i 2021."
ecdee37d-eae0-463b-824d-81204b4fc8ac,xe.chotot.com,https://xe.chotot.com/mua-ban-oto-quan-cau-giay-ha-noi/96565260.htm,1656780858.146028,macan siÃªu lÆ°á»›t 2022 mÃ u tráº¯ng nhÆ° má»›i tá»« hÃ£ng ra,4500000000.0,porsche,2022,cÅ©,xÄƒng,suv / cross over,macan,800,tá»± Ä‘á»™ng,nháº­p kháº©u,5,"Macan tráº¯ng kem 2022 brand new cháº¡y 800 km , sáºµn biá»ƒn TP, tiáº¿t kiá»‡m ngay máº¥y trÄƒm triá»‡u so vá»›i mua má»›i maf k pháº£i chá» Ä‘á»£i
 Báº£o hÃ nh chÃ­nh hÃ£ng dÃ i vÃ´ táº­n"
31c58f5d-d570-4a2f-ae21-6ef2c821a069,xe.chotot.com,https://xe.chotot.com/mua-ban-oto-quan-cau-giay-ha-noi/96565328.htm,1656780858.178818,glc300-4matic cháº¡y cá»±c Ã­t nhÆ° vá»«a tá»« hÃ£ng ra,2350000000.0,mercedes benz,2021,cÅ©,xÄƒng,suv / cross over,glc class,20000,tá»± Ä‘á»™ng,nháº­p kháº©u,5,"ğŸ‡©ğŸ‡ª GLC300 4matic 2021 Äá» ná»™i tháº¥t Äen cá»±c má»›i báº£o hÃ nh tá»›i 2023!

Option: Ä‘Ã¨n multibean, cá»­a trá»i panorama, Ã¢m thanh vÃ²m 13 loa bumester, sáº¡c k dÃ¢y, lÃªn nÆ°á»›c hoa, loa xoay cÃ¡nh cá»­a...vv"
22db67ee-bc79-4482-9bcf-4237f202a28b,xe.chotot.com,https://xe.chotot.com/mua-ban-oto-quan-cau-giay-ha-noi/96565241.htm,1656780858.270752,s400 2016 mÃ u tráº¯ng ná»™i tháº¥t nÃ¢u cháº¡y cá»±c Ã­t,2580000000.0,mercedes benz,2016,cÅ©,xÄƒng,sedan,s class,40000,tá»± Ä‘á»™ng,nháº­p kháº©u,5,"s400 tráº¯ng nÃ¢u 2017 Ä‘i 4 v nhÆ° má»›i  1 chá»§ tá»« Ä‘áº§u biá»ƒn HN

Option : loa bums , cam360 , Ä‘Ã¡ cop , cá»­a sá»• trá»i .."
73aab867-c05a-43e8-8adb-f30e473ce35c,xe.chotot.com,https://xe.chotot.com/mua-ban-oto-quan-nam-tu-liem-ha-noi/94956591.htm,1656780858.315506,kia rondo sx 2017 mÃ¡y dáº§u stÄ‘ má»›i xuáº¥t sáº¯c,605000000.0,kia,2017,cÅ©,dáº§u,suv / cross over,rondo,58000,tá»± Ä‘á»™ng,nháº­p kháº©u,7,"Auto Anh Tuáº¥n
Mua bÃ¡n oto Ä‘Ã£ qua sá»­ dá»¥ng( cÃ³ báº£o hÃ nh)
Há»— trá»£ mua tráº£ gÃ³p Ä‘áº¿n 70% giÃ¡ trá»‹ xe
KiA Rando 1.7 MÃ¡y Dáº§u STÄ 7 chá»— má»›i xuáº¥t sáº¯c
SX 2017 Phom má»›i, xe 1 chá»§ sá»­ dá»¥ng tá»« má»›i
Ä‘i 6 váº¡n cam káº¿t ko tua, miá»…n bÃ n vá» cháº¥t
báº£o dÆ°á»¡ng Ä‘á»‹nh ká»³, Full lá»‹ch sá»­ hÃ£ng
Báº£n full: cam lÃ¹i, MÃ n hÃ¬nh, Ä‘Ã¨n bi
============âšœï¸âšœï¸âšœï¸===========
âœ Auto Anh Tuáº¥n Cam káº¿t
Cam káº¿t báº±ng vÄƒn báº£n, 
Äáº£m báº£o an ninh tá»‘t, ko cáº§m cá»‘ ko chanh cháº¥p
MÃ¡y nguyÃªn báº£n, thÃ¢n vá» ko tai náº¡n, ngáº­p nÆ°á»›c
Xe cá»­a hÃ ng bÃ¡n ra cam káº¿t lá»—i hoÃ n Ä‘á»§ tiá»n
Báº£o hÃ nh 1 nÄƒm táº¡i auto anh tuáº¥n l
Bao test hÃ£ng hoáº·c kiá»ƒm tra táº¡i gara quÃ½ khÃ¡ch chá»‰ Ä‘á»‹nh
â€”â€”â€”â€”â€”â€”â€”â€”â€”â€”â€”â€”â€”â€”â€”
Vui lÃ²ng liÃªn há»‡ Ä‘á»ƒ biáº¿t thÃªm chi tiáº¿t
Xin trÃ¢n trá»ng cáº£m Æ¡n
#Auto_Anh_Tuáº¥n 
ğŸ¢ Äá»‹a chá»‰ duy : Sá»‘ 1 Sa ÄÃ´i, Nam Tá»« LiÃªm, HÃ  Ná»™i."
fbd05b96-8a5f-4b07-9ba9-4a3276bbfddb,xe.chotot.com,https://xe.chotot.com/mua-ban-oto-quan-nam-tu-liem-ha-noi/95553290.htm,1656780859.159576,focus 1.5 sport sx 2016 hatchback xuáº¥t sáº¯c,520000000.0,ford,2016,cÅ©,xÄƒng,hatchback,focus,61000,tá»± Ä‘á»™ng,nháº­p kháº©u,5,"Auto Anh Tuáº¥n
Mua bÃ¡n oto Ä‘Ã£ qua sá»­ dá»¥ng( cÃ³ báº£o hÃ nh)
Há»— trá»£ bank Ä‘áº¿n 70% giÃ¡ trá»‹ xe
Ford Cus 1.5 AT Sport SX 2016 má»›i láº¯m áº¡
Báº£n full: cá»­a nÃ³c, stat/top mÃ n hÃ¬nh, camera
Gáº©y sá»‘ vÃ´ lÄƒng, ga tá»± Ä‘á»™ng, Ä‘iá»u hoÃ  auto
Odo 6 váº¡n km, cam káº¿t km chuáº©n ko tua
miá»…n bÃ n vá» cháº¥t, mua vá» chá»‰ vc Ä‘á»• xÄƒng
Ai yÃªu cÃ¡i Ä‘áº¹p thÃ¬ alo luÃ´n Ä‘á»ƒ dc sá»Ÿ há»¯u e nÃ³
============âšœï¸âšœï¸âšœï¸===========
âœ Auto Anh Tuáº¥n Cam káº¿t
Cam káº¿t báº±ng vÄƒn báº£n, 
an ninh tá»‘t, ko cáº§m cá»‘, ko tháº¿ cháº¥p
MÃ¡y mÃ³c nguyÃªn báº£n, thÃ¢n vá» chÆ°a tai náº¡n
Xe cá»­a hÃ ng bÃ¡n ra cam káº¿t lá»—i hoÃ n Ä‘á»§ tiá»n
Báº£o hÃ nh 6 thÃ¡ng ká»ƒ tá»« ngÃ y bÃ n giao
Bao test hÃ£ng hoáº·c kiá»ƒm tra táº¡i gara quÃ½ khÃ¡ch chá»‰ Ä‘á»‹nh
â€”â€”â€”â€”â€”â€”â€”â€”â€”â€”â€”â€”â€”â€”â€”
Vui lÃ²ng liÃªn há»‡ Ä‘á»ƒ biáº¿t thÃªm chi tiáº¿t
Xin trÃ¢n trá»ng cáº£m Æ¡n
#Auto_Anh_Tuáº¥n 
ğŸ¢ Äá»‹a chá»‰ : Sá»‘ 1 Sa ÄÃ´i, Nam Tá»« LiÃªm, HÃ  Ná»™i."
2ce7753a-af67-4488-b870-dcdf63bd06e5,xe.chotot.com,https://xe.chotot.com/mua-ban-oto-quan-nam-tu-liem-ha-noi/95444525.htm,1656780859.168558,ford ranger xls sx 2016 stÄ‘ má»›i xuáº¥t sáº¯c,560000000.0,ford,2016,cÅ©,dáº§u,pick-up (bÃ¡n táº£i),ranger,79000,tá»± Ä‘á»™ng,nháº­p kháº©u,5,"Auto Anh Tuáº¥n
Mua bÃ¡n oto Ä‘Ã£ qua sá»­ dá»¥ng( cÃ³ báº£o hÃ nh)
Há»— trá»£ bank Ä‘áº¿n 70% giÃ¡ trá»‹ xe
Ford Ranger XLS 2.2 AT SX 2016 STÄ 
MÃ¡y dáº§u, nháº­p kháº©u odo 8 váº¡n km
miá»…n bÃ n vá» cháº¥t, xe má»›i xuáº¥t sáº¯c
============âšœï¸âšœï¸âšœï¸===========
âœ Auto Anh Tuáº¥n Cam káº¿t
Cam káº¿t báº±ng vÄƒn báº£n, 
an ninh tá»‘t, ko cáº§m cá»‘, ko tháº¿ cháº¥p
MÃ¡y mÃ³c nguyÃªn báº£n, thÃ¢n vá» chÆ°a tai náº¡n
Xe cá»­a hÃ ng bÃ¡n ra cam káº¿t lá»—i hoÃ n Ä‘á»§ tiá»n
Báº£o hÃ nh 12 thÃ¡ng ká»ƒ tá»« ngÃ y bÃ n giao
Bao test hÃ£ng hoáº·c kiá»ƒm tra táº¡i gara quÃ½ khÃ¡ch chá»‰ Ä‘á»‹nh
â€”â€”â€”â€”â€”â€”â€”â€”â€”â€”â€”â€”â€”â€”â€”
Vui lÃ²ng liÃªn há»‡ Ä‘á»ƒ biáº¿t thÃªm chi tiáº¿t
Xin trÃ¢n trá»ng cáº£m Æ¡n
#Auto_Anh_Tuáº¥n 
ğŸ¢ Äá»‹a chá»‰  : Sá»‘ 1 Sa ÄÃ´i, Nam Tá»« LiÃªm, HÃ  Ná»™i."
dccfba98-c648-4c51-951d-54a8da7387e3,xe.chotot.com,https://xe.chotot.com/mua-ban-oto-huyen-soc-son-ha-noi/93954683.htm,1656780859.17986,"mazda 3 1.5at hatchback cuá»‘i 2017, xanh cavansite",535000000.0,mazda,2017,cÅ©,xÄƒng,hatchback,3,40000,tá»± Ä‘á»™ng,nháº­p kháº©u,5,"Mazda 3 1.5AT Hatchback Ä‘á»i cuá»‘i 2017 1 chá»§ tá»« má»›i lÆ°á»›t Ä‘Ãºng 4v km xá»‹n, mÃ u xanh Cavansite Ä‘á»™c, báº£n thá»ƒ thao full ká»‹ch Ä‘á»“. NguyÃªn dÃ n lá»‘p theo xe 2017. RiÃªng sÆ¡ cua 2017 chÆ°a háº¡
 Chá»§ xe Ä‘Ã£ vÃ o full 20 triá»‡u Ä‘á»“ chÆ¡i xe. Äáº§u Ä‘Ä©a mÃ n hÃ¬nh Androi + Camera hÃ nh trÃ¬nh trÆ°á»›c vÃ  sau + camera lÃ¹i sai + loa Supper bass + Báº£o hiá»ƒm thÃ¢n vá» 2 nÄƒm 10 triá»‡u.....  Xe 1 chá»§ cÃ´ng chá»©c mua Ä‘i tá»« má»›i. 
Xe má»›i k cÆ°á»¡ng láº¡i Ä‘Æ°á»£c. Xe nguyÃªn cáº£ con cÃ²n pháº¥n má»›i. NguyÃªn dÃ n lá»‘p 2016 theo xe. Lá»‘p sÆ¡ cua 2017 chÆ°a háº¡ cháº¡m Ä‘áº¥t.  
CÃ´ng nháº­n xe cÃ¢y sá»‘ xá»‹n má»›i khá»§ng khiáº¿p. (Xe bÃ¡n bao check hÃ£ng mÃ¡y mÃ³c + thÃ¢n vá» + ngáº­p nÆ°á»›c + gáº§m bá»‡).  
Xe thuá»™c loáº¡i trÃªn xuáº¥t sáº¯c, muá»‘n bÃ¡n cho ngÆ°á»i am hiá»ƒu vá» xe + cá»±c kÃ¬ khÃ³ tÃ­nh. Quan trá»ng phÃ¢n biá»‡t Ä‘Æ°á»£c Ä‘áº¹p xáº¥u xe sÆ¡n zin cáº£ con hay xe Ä‘Ã£ bá»‹ báº¯n tá»‰a.  Cam káº¿t nguyÃªn zin 100% tá»« má»›i. 
- Xe khÃ´ng Ä‘Ã¢m khÃ´ng va khÃ´ng ngáº­p nÆ°á»›c. Khoang mÃ¡y nguyÃªn 1 cá»¥c chÆ°a 1 con á»‘c cÃ³ váº¿t. MÃ¡y mÃ³c cháº¥t Ãªm ru miá»…n chÃª, gáº§m bá»‡ cháº¡y cháº¯c cháº¯n miá»…n bÃ n. áº¢nh chá»¥p ráº¥t chi tiáº¿t, tá»‰ má»‰ chá»¥p tá»«ng con á»‘c.  
- 4 cÃ¡nh cÃ¹ng capo trÆ°á»›c sau chÆ°a máº¥t 1 phÃ¢n keo chá»‰ nguyÃªn báº£n tuyá»‡t Ä‘á»‘i.  
- VÃ´ lÄƒng cá»§ sá»‘, á»‘c nhÃ¡i Ä‘á»“ng Ã¡ng vÃ ng Æ°Æ¡m tráº¯ng tinh.  
- Ná»™i tháº¥t giá»¯ gÃ¬n chÆ°a 1 váº¿t báº©n, tráº§n ná»‰ Ä‘áº¹p, gháº¿ da xá»‹n tá»« nhÃ  mÃ¡y cÃ¹ng 5 quáº£ lá»‘p 2017 lazang Ä‘Ãºc theo xe cÃ²n má»›i.  
- Äá»“ chÆ¡i xe Ä‘Ã£ Ä‘Æ°á»£c trang bá»‹ Ä‘áº§y Ä‘á»§ tiá»‡n nghi vá» sáºµn sá»­ dá»¥ng. Äáº§u Ä‘Ä©a mÃ n hÃ¬nh camera lÃ¹i sau, dÃ n loa supper bass vÃ  trang bá»‹ thÃªm camera hÃ nh trÃ¬nh cáº£ trÆ°á»›c cáº£ sau. Tháº£m ná»‰ cÃ¡ch nhiá»‡t cao su siÃªu bá»n chÃ­nh HÃ£ng.  
Xe Ä‘áº¹p nÃªn má»i ngÆ°á»i an tÃ¢m t"
e6ebdb3a-1cd4-4a34-9587-c55d39c88ee3,xe.chotot.com,https://xe.chotot.com/mua-ban-oto-quan-5-tp-ho-chi-minh/96350040.htm,1656780859.329537,es350 model 2012 cá»±c hiáº¿m,880000000.0,lexus,2009,cÅ©,xÄƒng,sedan,es,70530,tá»± Ä‘á»™ng,nháº­p kháº©u,4,"Lexus ES350 nháº­p Nháº­t sx 2009 - máº«u Model 2012 (cÃ³ náº¹p hÃ´ng vÃ  Ä‘Ã¨n trÆ°á»›c sau lá»›n - khÃ¡c  form 2008). Má»™t chiáº¿c xe cá»±c lÃ nh, máº¡nh nhÆ°ng tiáº¿t kiá»‡m nhiÃªn liá»‡u.
Cá»¥c MÃ¡y zin 100%. VÃ  100% khÃ´ng tai  náº¡n.
Option zin theo xe quÃ¡ Ä‘áº§y Ä‘á»§: Loa Mac Levision, cá»­a sá»• trá»i toÃ n cáº£nh, 2 gháº¿ Ä‘iá»‡n - 3 vá»‹ trÃ­ nhá»›, vÃ´ lÄƒng Ä‘iá»‡n, cÃ¢n báº±ng Ä‘iá»‡n tá»­, rÃ¨m Ä‘iá»‡n, cá»­a láº¡nh sau, film 3M Má»¹, Ä‘Ã¨n há»— trá»£ lÃªn xe á»Ÿ hai bÃªn gÆ°Æ¡ng (auto sÃ¡ng lÃªn khi chá»§ xe láº¡i gáº§n - Option zin), Ä‘Ã¨n Auto, gáº¡t mÆ°a Auto, chá»©c nÄƒng khoÃ¡ cá»‘p sau bÃ­ máº­tâ€¦..ráº¥t nhiá»u.
Xe gia Ä‘Ã¬nh sá»­ dá»¥ng, cÃ´ng chá»©ng ngay khi giao dá»‹ch.
Nay muá»‘n chia láº¡i Ä‘am mÃª giÃ¡ 880 Triá»‡u."
ffd346c8-338e-42b8-bec5-02ee42eada4b,xe.chotot.com,https://xe.chotot.com/mua-ban-oto-huyen-dan-phuong-ha-noi/95975012.htm,1656780859.355521,gÄ‘ cáº§n bÃ¡n chiáº¿c xe kia  si sx 2016 tá»± Ä‘á»™ng,295000000.0,kia,2016,cÅ©,xÄƒng,hatchback,morning,700000,tá»± Ä‘á»™ng,nháº­p kháº©u,5,"Do khÃ´ng cÃ³ nhu cáº§u sá»­ dá»¥ng  cáº§n bÃ¡n gáº¥p chiáº¿c xe kia sx 2016 há»™p sá»‘ tá»± Ä‘á»™ng 
  Cam káº¿t xe Ä‘áº¹p  mÃ¡y zin  
  Äáº£m báº£o khÃ´ng Ä‘am va ngáº­p nÆ°á»›c   
 Äiá»u hoÃ  mÃ¡t  láº¡nh    MÃ n hÃ¬nh cam lÃ¹i Ä‘áº§y Ä‘á»§   
 KhoÃ¡ khiá»ƒn   
    VÃ´ nÄƒng cá»§ sá»‘ Ä‘áº¹p   
  Chá»§ Ä‘i gá»¯ gÃ¬n lÃªn cÃ²n ráº¥t má»›i  
         Ai cÃ³ nhu cáº§u alo em"
5ea6b7fe-833c-4de4-8b81-879d0bbcac27,xe.chotot.com,https://xe.chotot.com/mua-ban-oto-quan-3-tp-ho-chi-minh/96431180.htm,1656780859.375417,suzuki xl7 xe nháº­p kháº©u giÃ¡ ráº» chá»‰ 80tr lÄƒn bÃ¡nh,80000000.0,suzuki,2022,má»›i,xÄƒng,minivan (mpv),xl 7,,tá»± Ä‘á»™ng,nháº­p kháº©u,7,"Chá»‰ cáº§n tráº£ trÆ°á»›c 80 triá»‡u nháº­n ngay Suzuki XL7 2022
- Xe cÃ³ sáºµn giao ngay.
- Xe 7 chá»—, sá»‘ tá»± Ä‘á»™ng,  bá»n vÃ´ Ä‘á»‘i, tiáº¿t kiá»‡m xÄƒng.
- KhÃ­ tháº£i Euro 5, Phim cÃ¡ch nhiá»‡t cao cáº¥p chá»‘ng tia UV.
- Há»— trá»£ vay ngÃ¢n hÃ ng nhanh gá»n láº¹
- Há»— trá»£ vÃ o HTX, Grab, Beâ€¦
- Giáº£m tiá»n máº·t CAO
- Táº·ng kÃ¨m phá»¥ kiá»‡n GIÃ TRá»Š"
864d1acd-e3d6-42f9-8b3a-6f7f79d231e7,xe.chotot.com,https://xe.chotot.com/mua-ban-oto-quan-4-tp-ho-chi-minh/96565359.htm,1656780859.641909,honda city rs - cáº§n tÃ¬m chá»§ má»›i,600000000.0,honda,2021,cÅ©,xÄƒng,sedan,city,4800,tá»± Ä‘á»™ng,nháº­p kháº©u,5,"MÃ¬nh cáº§n bÃ¡n xe Honda City RS Ä‘Äƒng kÃ½ láº§n Ä‘áº§u nÄƒm 2021 - ChÃ­nh chá»§ 
ğŸš€ MÃ u Äen / Biá»ƒn 51K-xxxxx
ğŸš€ Táº·ng kÃ¨m camera hÃ nh trÃ¬nh gáº¯n gÆ°Æ¡ng giá»¯a
ğŸš€ Xe ODO 4.800 km bao khÃ´ng Ä‘Ã¢m Ä‘á»¥ng vÃ  ngáº­p nÆ°á»›c/ test táº¡i hÃ£ng
âœˆï¸ GiÃ¡ yÃªu thÆ°Æ¡ng : 600tr"
9fb338d8-15fd-493e-9a0f-bd792bcdb9e7,xe.chotot.com,https://xe.chotot.com/mua-ban-oto-quan-1-tp-ho-chi-minh/96515769.htm,1656780860.113185,fortuner nháº­p 2.7 at 2019 báº£n full 1 Ä‘á»i chá»§,999000000.0,toyota,2019,cÅ©,xÄƒng,suv / cross over,fortuner,35000,tá»± Ä‘á»™ng,nháº­p kháº©u,7,"ğŸš˜ Fortuner 2019 AT ÄÄƒng KÃ½ Láº§n Äáº§u 2020
MÃ¡y XÄƒng Cho Anh Chá»‹ KhÃ´ng ThÃ­ch MÃ¹i Dáº§u
âš¡ï¸  LÆ°á»›t nháº¹ 35 NgÃ n Km
 Chá»§ xe nháº¯n gá»­i â€œChÃº chÄƒm xe cÃ²n hÆ¡n cáº£ vá»£â€ğŸ˜…
- Xe báº£o dÆ°á»¡ng full hÃ£ng
- Bao cáº¥n Ä‘á»¥ng - ngáº­p nÆ°á»›c
- BÃ¡nh sÆ¡ cua chÆ°a háº¡
            LÃŠ PHÃT AUTO
   Mua BÃ¡n Trao Äá»•i Xe Qua Sá»­ Dá»¥ng
#fortuner_cÅ©, #fortuner_2019, #fortuner_lÆ°á»›t, #xe_fortuner_cÅ©, #fortuner_qua_sá»­_dá»¥ng"
3dfce918-b110-48c0-828b-7dde4cd299d0,xe.chotot.com,https://xe.chotot.com/mua-ban-oto-quan-1-tp-ho-chi-minh/96390102.htm,1656780860.151703,#bmw_x3_xdrive30i_xline_model_2020 siÃªu lÆ°á»›t,2349000000.0,bmw,2019,cÅ©,xÄƒng,suv / cross over,x3,13000,tá»± Ä‘á»™ng,nháº­p kháº©u,5,"#BMW_X3_XDrive30i_Xline_Model_2020
âœ…MÃ u: Tráº¯ng
âœ… Odo: 13.000km
âœ… Biá»ƒn: SÃ i GÃ²n ( sang tÃªn Ä‘á»¡ máº¥t 20tr tiá»n biá»ƒn )
âœ… Option: Äá»™ng cÆ¡ xÄƒng, 4 xi-lanh tháº³ng hÃ ng, há»™p sá»‘ 8 cáº¥p. 252 mÃ£ lá»±c.
Má»©c tiÃªu thá»¥ nhiÃªn liá»‡u trung bÃ¬nh: 7.6 l/100 km.
ğŸ“ğ—ğğ¦ ğ±ğ ğ­ğšÌ£ğ¢: ğŸğŸ’ ğğ®ğ¨Ì‚Ìğœ ğ¥ğ¨Ì£Ì‚ ğŸğ€, ğŠğ¡ğ® ğ­ğ«ğ®ğ§ğ  ğ­ğšÌ‚ğ¦ ğ‡ğšÌ€ğ§ğ¡ ğ‚ğ¡ğ¢Ìğ§ğ¡ ğ“ğ¢Ì‰ğ§ğ¡. ğğ¡ğ®Ì›ğ¨Ì›Ì€ğ§ğ  ğŸ”. ğ“ğ¡ğšÌ€ğ§ğ¡ ğ©ğ¡ğ¨Ì‚Ì ğ“ğšÌ‚ğ§ ğ€ğ§. ğ‹ğ¨ğ§ğ  ğ€ğ§
__________________________________
ğŸ’µğŸ’µ GiÃ¡: 2.3xx.000.000 VND

ğŸ’¯ğ‚ğšğ¦ ğ¤ğÌ‚Ìğ­ ğ¤ğ¡ğ¨Ì‚ğ§ğ  Ä‘ğšÌ‚ğ¦ Ä‘ğ®Ì£ğ§ğ , ğ§ğ ğšÌ£Ì‚ğ© ğ§ğ®Ì›ğ¨Ì›Ìğœ
ğŸ’¯ğ‚ğšğ¦ ğ¤ğÌ‚Ìğ­ ğ¦ğšÌğ² ğ¦ğ¨Ìğœ ğ§ğ ğ®ğ²ğÌ‚ğ§ ğ›ğšÌ‰ğ§, ğ¤ğ¡ğ¨Ì‚ğ§ğ  Ä‘ğšÌ£ğ¢ ğ­ğ® ğ¦ğšÌğ²
ğŸ’¯ğ‚ğ¡ğğœğ¤ ğ¡ğšÌƒğ§ğ  ğ­ğ¡ğğ¨ ğ²ğÌ‚ğ® ğœğšÌ‚Ì€ğ® ğœğ®Ì‰ğš ğ¤ğ¡ğšÌğœğ¡ ğ¡ğšÌ€ğ§ğ 
âœ…ğŒğ®ğš ğ›ğšÌğ§ ğ±ğ ğœğ®Ìƒ ğ­ğ«ğšğ¨ Ä‘ğ¨Ì‚Ì‰ğ¢ ğ±ğ ğ¦ğ¨Ì›Ìğ¢
âœ…ğ‡ğ¨Ì‚Ìƒ ğ­ğ«ğ¨Ì›Ì£ ğ¯ğšğ² ğ§ğ ğšÌ‚ğ§ ğ¡ğšÌ€ğ§ğ  ğŸ•ğŸ“% ğ ğ¢ğšÌ ğ­ğ«ğ¢Ì£
ğ±ğ"
