id,domain,url,crawled_date,ten,gia_ban,nam_san_xuat,xuat_xu,tinh_trang,kieu_dang,so_km_da_di,mau_ngoai_that,mau_noi_that,so_cua,so_cho_ngoi,nhien_lieu,hop_so,dan_dong,dung_tich_xi_lanh,thong_tin_mo_ta
3f9ed6cc-a6ec-434f-b30d-90e847e1c5be,anycar.bonbanh.com,"https://anycar.bonbanh.com/chi-tiet-xe/id,4416105/",1656771822.987921,xe kia cerato 1.6 at luxury,599000000.0,2019,trong nước,cũ,sedan,58269 km,đen,đen,4 cửa,5 chỗ,xăng, tự động,fwd,1591 (cc),"- Xe đạt 5 tiêu chí vàng và đạt 143 hạng mục kiểm tra theo tiêu chuẩn, được cam kết bằng văn bản và có đóng dấu đỏ của Anycar Việt Nam: không đâm đụng ảnh hưởng đến khung gầm kết cấu; không ngập nước, thủy kích; động cơ nguyên bản; hộp số nguyên bản; hồ sơ hợp pháp lý an toàn, sẵn sàng sang tên. 
- Hoàn tiền ngay 100% tiền nếu trong vòng 7 ngày phát hiện sai cam kết. 
- Tặng thẻ thành viên 2.3 triệu 
- Xe bán ra có bảo hành 3 tháng hoặc 6 tháng: động cơ + hộp số tại xưởng dịch vụ Anycar Long Biên theo chuẩn Nhật Bản."
84bd66e1-0baa-4397-bbcf-8b9e6967b2b8,anycar.bonbanh.com,"https://anycar.bonbanh.com/chi-tiet-xe/id,4427728/",1656771823.157897,xe mazda 3 s 1.6,409000000.0,2014,trong nước,cũ,sedan,68101 km,vàng,đen,4 cửa,5 chỗ,xăng, tự động,fwd,1584 (cc),"- Xe đạt 5 tiêu chí vàng và đạt 143 hạng mục kiểm tra theo tiêu chuẩn, được cam kết bằng văn bản và có đóng dấu đỏ của Anycar Việt Nam: không đâm đụng ảnh hưởng đến khung gầm kết cấu; không ngập nước, thủy kích; động cơ nguyên bản; hộp số nguyên bản; hồ sơ hợp pháp lý an toàn, sẵn sàng sang tên. 
- Hoàn tiền ngay 100% tiền nếu trong vòng 7 ngày phát hiện sai cam kết. 
- Tặng thẻ thành viên 2.3 triệu 
- Xe bán ra có bảo hành 3 tháng hoặc 6 tháng: động cơ + hộp số tại xưởng dịch vụ Anycar Long Biên theo chuẩn Nhật Bản."
eb1ea6b5-f3c8-4fbf-85e3-b07e9ffe4df2,anycar.bonbanh.com,"https://anycar.bonbanh.com/chi-tiet-xe/id,4413961/",1656771823.212287,xe kia rio 1.4,418000000.0,2015,nhập khẩu,cũ,hatchback,90509 km,đỏ,đen,5 cửa,5 chỗ,xăng, tự động,fwd,1396 (cc),"- Xe đạt 5 tiêu chí vàng và đạt 143 hạng mục kiểm tra theo tiêu chuẩn, được cam kết bằng văn bản và có đóng dấu đỏ của Anycar Việt Nam: không đâm đụng ảnh hưởng đến khung gầm kết cấu; không ngập nước, thủy kích; động cơ nguyên bản; hộp số nguyên bản; hồ sơ hợp pháp lý an toàn, sẵn sàng sang tên. 
- Hoàn tiền ngay 100% tiền nếu trong vòng 7 ngày phát hiện sai cam kết. 
- Tặng thẻ thành viên 2.3 triệu 
- Xe bán ra có bảo hành 3 tháng hoặc 6 tháng: động cơ + hộp số tại xưởng dịch vụ Anycar Long Biên theo chuẩn Nhật Bản."
9e249dfe-e5b3-4c62-bbcb-5856393b79bf,anycar.bonbanh.com,"https://anycar.bonbanh.com/chi-tiet-xe/id,4459136/",1656771823.393397,xe mazda 2 s,328000000.0,2013,trong nước,cũ,hatchback,80852 km,trắng,đen,5 cửa,5 chỗ,xăng, tự động,fwd,1496 (cc),"- Xe đạt 5 tiêu chí vàng và đạt 143 hạng mục kiểm tra theo tiêu chuẩn, được cam kết bằng văn bản và có đóng dấu đỏ của Anycar Việt Nam: không đâm đụng ảnh hưởng đến khung gầm kết cấu; không ngập nước, thủy kích; động cơ nguyên bản; hộp số nguyên bản; hồ sơ hợp pháp lý an toàn, sẵn sàng sang tên. 
- Hoàn tiền ngay 100% tiền nếu trong vòng 7 ngày phát hiện sai cam kết. 
- Tặng thẻ thành viên 2.3 triệu 
- Xe bán ra có bảo hành 3 tháng hoặc 6 tháng: động cơ + hộp số tại xưởng dịch vụ Anycar Long Biên theo chuẩn Nhật Bản."
02d62cfb-605e-4714-8979-fd0c8c93e3c4,anycar.bonbanh.com,"https://anycar.bonbanh.com/chi-tiet-xe/id,4459378/",1656771823.476599,xe kia rio 1.4,419000000.0,2015,nhập khẩu,cũ,hatchback,50294 km,trắng,đen,5 cửa,5 chỗ,xăng, tự động,fwd,1396 (cc),"- Xe đạt 5 tiêu chí vàng và đạt 143 hạng mục kiểm tra theo tiêu chuẩn, được cam kết bằng văn bản và có đóng dấu đỏ của Anycar Việt Nam: không đâm đụng ảnh hưởng đến khung gầm kết cấu; không ngập nước, thủy kích; động cơ nguyên bản; hộp số nguyên bản; hồ sơ hợp pháp lý an toàn, sẵn sàng sang tên. 
- Hoàn tiền ngay 100% tiền nếu trong vòng 7 ngày phát hiện sai cam kết. 
- Tặng thẻ thành viên 2.3 triệu 
- Xe bán ra có bảo hành 3 tháng hoặc 6 tháng: động cơ + hộp số tại xưởng dịch vụ Anycar Long Biên theo chuẩn Nhật Bản."
d6ee6100-e50f-45fa-bfd3-1f9d43284291,anycar.bonbanh.com,"https://anycar.bonbanh.com/chi-tiet-xe/id,4459406/",1656771823.544635,xe ford focus trend 1.5l,525000000.0,2018,trong nước,cũ,hatchback,42056 km,trắng,đen,5 cửa,5 chỗ,xăng, tự động,fwd,1499 (cc),"- Xe đạt 5 tiêu chí vàng và đạt 143 hạng mục kiểm tra theo tiêu chuẩn, được cam kết bằng văn bản và có đóng dấu đỏ của Anycar Việt Nam: không đâm đụng ảnh hưởng đến khung gầm kết cấu; không ngập nước, thủy kích; động cơ nguyên bản; hộp số nguyên bản; hồ sơ hợp pháp lý an toàn, sẵn sàng sang tên. 
- Hoàn tiền ngay 100% tiền nếu trong vòng 7 ngày phát hiện sai cam kết. 
- Tặng thẻ thành viên 2.3 triệu 
- Xe bán ra có bảo hành 3 tháng hoặc 6 tháng: động cơ + hộp số tại xưởng dịch vụ Anycar Long Biên theo chuẩn Nhật Bản."
c2f98fb5-adbb-41e5-a7a1-8bd7d2ba1f41,anycar.bonbanh.com,"https://anycar.bonbanh.com/chi-tiet-xe/id,4422668/",1656771823.915781,xe mazda 6 premium 2.0,796000000.0,2021,trong nước,cũ,sedan,10500 km,xanh,xám,4 cửa,5 chỗ,xăng, tự động,fwd,1998 (cc),"- Xe đạt 5 tiêu chí vàng và đạt 143 hạng mục kiểm tra theo tiêu chuẩn, được cam kết bằng văn bản và có đóng dấu đỏ của Anycar Việt Nam: không đâm đụng ảnh hưởng đến khung gầm kết cấu; không ngập nước, thủy kích; động cơ nguyên bản; hộp số nguyên bản; hồ sơ hợp pháp lý an toàn, sẵn sàng sang tên. 
- Hoàn tiền ngay 100% tiền nếu trong vòng 7 ngày phát hiện sai cam kết. 
- Tặng thẻ thành viên 2.3 triệu 
- Xe bán ra có bảo hành 3 tháng hoặc 6 tháng: động cơ + hộp số tại xưởng dịch vụ Anycar Long Biên theo chuẩn Nhật Bản."
07172308-7143-4b19-aacc-be500b8ac30c,anycar.bonbanh.com,"https://anycar.bonbanh.com/chi-tiet-xe/id,4459435/",1656771823.983304,xe toyota yaris 1.5,338000000.0,2011,nhập khẩu,cũ,hatchback,99336 km,bạc,kem,5 cửa,5 chỗ,xăng, tự động,fwd,1497 (cc),"- Xe đạt 5 tiêu chí vàng và đạt 143 hạng mục kiểm tra theo tiêu chuẩn, được cam kết bằng văn bản và có đóng dấu đỏ của Anycar Việt Nam: không đâm đụng ảnh hưởng đến khung gầm kết cấu; không ngập nước, thủy kích; động cơ nguyên bản; hộp số nguyên bản; hồ sơ hợp pháp lý an toàn, sẵn sàng sang tên. 
- Hoàn tiền ngay 100% tiền nếu trong vòng 7 ngày phát hiện sai cam kết. 
- Tặng thẻ thành viên 2.3 triệu 
- Xe bán ra có bảo hành 3 tháng hoặc 6 tháng: động cơ + hộp số tại xưởng dịch vụ Anycar Long Biên theo chuẩn Nhật Bản."
5f90c294-fe89-478c-a0fb-ebf4eb70a2d9,anycar.bonbanh.com,"https://anycar.bonbanh.com/chi-tiet-xe/id,4458770/",1656771824.034672,xe mazda 2 luxury,499000000.0,2019,nhập khẩu,cũ,sedan,35271 km,nâu,đen,4 cửa,5 chỗ,xăng, tự động,fwd,1496 (cc),"- Xe đạt 5 tiêu chí vàng và đạt 143 hạng mục kiểm tra theo tiêu chuẩn, được cam kết bằng văn bản và có đóng dấu đỏ của Anycar Việt Nam: không đâm đụng ảnh hưởng đến khung gầm kết cấu; không ngập nước, thủy kích; động cơ nguyên bản; hộp số nguyên bản; hồ sơ hợp pháp lý an toàn, sẵn sàng sang tên. 
- Hoàn tiền ngay 100% tiền nếu trong vòng 7 ngày phát hiện sai cam kết. 
- Tặng thẻ thành viên 2.3 triệu 
- Xe bán ra có bảo hành 3 tháng hoặc 6 tháng: động cơ + hộp số tại xưởng dịch vụ Anycar Long Biên theo chuẩn Nhật Bản."
d934fe22-118b-40fe-ada9-d29570522456,anycar.bonbanh.com,"https://anycar.bonbanh.com/chi-tiet-xe/id,4372584/",1656771824.076667,xe kia carens sxat,365000000.0,2013,trong nước,cũ,crossover,68305 km,vàng,đen,5 cửa,7 chỗ,xăng, tự động,fwd,1998 (cc),"- Xe đạt 5 tiêu chí vàng và đạt 143 hạng mục kiểm tra theo tiêu chuẩn, được cam kết bằng văn bản và có đóng dấu đỏ của Anycar Việt Nam: không đâm đụng ảnh hưởng đến khung gầm kết cấu; không ngập nước, thủy kích; động cơ nguyên bản; hộp số nguyên bản; hồ sơ hợp pháp lý an toàn, sẵn sàng sang tên. 
- Hoàn tiền ngay 100% tiền nếu trong vòng 7 ngày phát hiện sai cam kết. 
- Tặng thẻ thành viên 2.3 triệu 
- Xe bán ra có bảo hành 3 tháng hoặc 6 tháng: động cơ + hộp số tại xưởng dịch vụ Anycar Long Biên theo chuẩn Nhật Bản"
a33f8213-e088-4428-92b7-383e31cac8c5,anycar.bonbanh.com,"https://anycar.bonbanh.com/chi-tiet-xe/id,4340965/",1656771824.288116,xe ford ecosport titanium 1.5l,565000000.0,2019,trong nước,cũ,suv,31949 km,đỏ,đen,5 cửa,5 chỗ,xăng, tự động,fwd,1498 (cc),"- Xe đạt 5 tiêu chí vàng và đạt 143 hạng mục kiểm tra theo tiêu chuẩn, được cam kết bằng văn bản và có đóng dấu đỏ của Anycar Việt Nam: không đâm đụng ảnh hưởng đến khung gầm kết cấu; không ngập nước, thủy kích; động cơ nguyên bản; hộp số nguyên bản; hồ sơ hợp pháp lý an toàn, sẵn sàng sang tên. 
- Hoàn tiền ngay 100% tiền nếu trong vòng 7 ngày phát hiện sai cam kết. 
- Tặng thẻ thành viên 2.3 triệu 
- Xe bán ra có bảo hành 3 tháng hoặc 6 tháng: động cơ + hộp số tại xưởng dịch vụ Anycar Long Biên theo chuẩn Nhật Bản."
dfb605e5-b248-4e97-9f7e-da14269655e5,anycar.bonbanh.com,"https://anycar.bonbanh.com/chi-tiet-xe/id,4358113/",1656771824.34564,xe ford fiesta s 1.0at ecoboost,395000000.0,2016,trong nước,cũ,hatchback,58197 km,đỏ,nhiều màu,5 cửa,5 chỗ,xăng, tự động,fwd,998 (cc),"- Xe đạt 5 tiêu chí vàng và đạt 143 hạng mục kiểm tra theo tiêu chuẩn, được cam kết bằng văn bản và có đóng dấu đỏ của Anycar Việt Nam: không đâm đụng ảnh hưởng đến khung gầm kết cấu; không ngập nước, thủy kích; động cơ nguyên bản; hộp số nguyên bản; hồ sơ hợp pháp lý an toàn, sẵn sàng sang tên. 
- Hoàn tiền ngay 100% tiền nếu trong vòng 7 ngày phát hiện sai cam kết. 
- Tặng thẻ thành viên 2.3 triệu 
- Xe bán ra có bảo hành 3 tháng hoặc 6 tháng: động cơ + hộp số tại xưởng dịch vụ Anycar Long Biên theo chuẩn Nhật Bản."
421f44b1-527a-4de8-994b-be79f19a71f1,anycar.bonbanh.com,"https://anycar.bonbanh.com/chi-tiet-xe/id,4456145/",1656771824.478357,xe mitsubishi xpander 1.5,599000000.0,2020,trong nước,cũ,suv,19342 km,nâu,kem,5 cửa,7 chỗ,xăng, tự động,fwd,1499 (cc),"- Xe đạt 5 tiêu chí vàng và đạt 143 hạng mục kiểm tra theo tiêu chuẩn, được cam kết bằng văn bản và có đóng dấu đỏ của Anycar Việt Nam: không đâm đụng ảnh hưởng đến khung gầm kết cấu; không ngập nước, thủy kích; động cơ nguyên bản; hộp số nguyên bản; hồ sơ hợp pháp lý an toàn, sẵn sàng sang tên. 
- Hoàn tiền ngay 100% tiền nếu trong vòng 7 ngày phát hiện sai cam kết. 
- Tặng thẻ thành viên 2.3 triệu 
- Xe bán ra có bảo hành 3 tháng hoặc 6 tháng: động cơ + hộp số tại xưởng dịch vụ Anycar Long Biên theo chuẩn Nhật Bản."
312aa520-733e-4b92-8516-8d5c660de828,anycar.bonbanh.com,"https://anycar.bonbanh.com/chi-tiet-xe/id,4458705/",1656771824.52415,xe kia cerato 1.6 at deluxe,571000000.0,2019,trong nước,cũ,sedan,16001 km,trắng,xám,4 cửa,5 chỗ,xăng, tự động,fwd,1591 (cc),"- Xe đạt 5 tiêu chí vàng và đạt 143 hạng mục kiểm tra theo tiêu chuẩn, được cam kết bằng văn bản và có đóng dấu đỏ của Anycar Việt Nam: không đâm đụng ảnh hưởng đến khung gầm kết cấu; không ngập nước, thủy kích; động cơ nguyên bản; hộp số nguyên bản; hồ sơ hợp pháp lý an toàn, sẵn sàng sang tên. 
- Hoàn tiền ngay 100% tiền nếu trong vòng 7 ngày phát hiện sai cam kết. 
- Tặng thẻ thành viên 2.3 triệu 
- Xe bán ra có bảo hành 3 tháng hoặc 6 tháng: động cơ + hộp số tại xưởng dịch vụ Anycar Long Biên theo chuẩn Nhật Bản."
b019b6da-3fae-4bc1-9144-0892a248cd10,anycar.bonbanh.com,"https://anycar.bonbanh.com/chi-tiet-xe/id,4400522/",1656771824.639423,xe mazda 3 1.5l luxury,619000000.0,2019,trong nước,cũ,sedan,35276 km,đỏ,đen,4 cửa,5 chỗ,xăng, tự động,fwd,1496 (cc),"- Xe đạt 5 tiêu chí vàng và đạt 143 hạng mục kiểm tra theo tiêu chuẩn, được cam kết bằng văn bản và có đóng dấu đỏ của Anycar Việt Nam: không đâm đụng ảnh hưởng đến khung gầm kết cấu; không ngập nước, thủy kích; động cơ nguyên bản; hộp số nguyên bản; hồ sơ hợp pháp lý an toàn, sẵn sàng sang tên. 
- Hoàn tiền ngay 100% tiền nếu trong vòng 7 ngày phát hiện sai cam kết. 
- Tặng thẻ thành viên 2.3 triệu 
- Xe bán ra có bảo hành 3 tháng hoặc 6 tháng: động cơ + hộp số tại xưởng dịch vụ Anycar Long Biên theo chuẩn Nhật Bản."
41e72d1b-c654-4502-90b8-7642d445a938,anycar.bonbanh.com,"https://anycar.bonbanh.com/chi-tiet-xe/id,4456896/",1656771824.681249,xe hyundai i10 grand 1.2,375000000.0,2018,trong nước,cũ,sedan,43767 km,trắng,kem,4 cửa,5 chỗ,xăng, tự động,fwd,1248 (cc),"- Xe đạt 5 tiêu chí vàng và đạt 143 hạng mục kiểm tra theo tiêu chuẩn, được cam kết bằng văn bản và có đóng dấu đỏ của Anycar Việt Nam: không đâm đụng ảnh hưởng đến khung gầm kết cấu; không ngập nước, thủy kích; động cơ nguyên bản; hộp số nguyên bản; hồ sơ hợp pháp lý an toàn, sẵn sàng sang tên. 
- Hoàn tiền ngay 100% tiền nếu trong vòng 7 ngày phát hiện sai cam kết. 
- Tặng thẻ thành viên 2.3 triệu 
- Xe bán ra có bảo hành 3 tháng hoặc 6 tháng: động cơ + hộp số tại xưởng dịch vụ Anycar Long Biên theo chuẩn Nhật Bản."
29cb0514-5863-472b-989b-3b03d712642f,anycar.bonbanh.com,"https://anycar.bonbanh.com/chi-tiet-xe/id,4460216/",1656771824.762621,xe toyota fortuner 2.7v 4x2,448000000.0,2013,trong nước,cũ,suv,112646 km,bạc,kem,5 cửa,8 chỗ,xăng, tự động,rfd,2694 (cc),"- Xe đạt 5 tiêu chí vàng và đạt 143 hạng mục kiểm tra theo tiêu chuẩn, được cam kết bằng văn bản và có đóng dấu đỏ của Anycar Việt Nam: không đâm đụng ảnh hưởng đến khung gầm kết cấu; không ngập nước, thủy kích; động cơ nguyên bản; hộp số nguyên bản; hồ sơ hợp pháp lý an toàn, sẵn sàng sang tên. 
- Hoàn tiền ngay 100% tiền nếu trong vòng 7 ngày phát hiện sai cam kết. 
- Tặng thẻ thành viên 2.3 triệu 
- Xe bán ra có bảo hành 3 tháng hoặc 6 tháng: động cơ + hộp số tại xưởng dịch vụ Anycar Long Biên theo chuẩn Nhật Bản"
24c16426-2f44-4339-8669-799e7ab9db42,anycar.bonbanh.com,"https://anycar.bonbanh.com/chi-tiet-xe/id,4460690/",1656771824.988011,xe vinfast fadil 1.4,339000000.0,2020,trong nước,cũ,hatchback,68842 km,đỏ,đen,5 cửa,5 chỗ,xăng, tự động,fwd,1399 (cc),"- Xe đạt 5 tiêu chí vàng và đạt 143 hạng mục kiểm tra theo tiêu chuẩn, được cam kết bằng văn bản và có đóng dấu đỏ của Anycar Việt Nam: không đâm đụng ảnh hưởng đến khung gầm kết cấu; không ngập nước, thủy kích; động cơ nguyên bản; hộp số nguyên bản; hồ sơ hợp pháp lý an toàn, sẵn sàng sang tên. 
- Hoàn tiền ngay 100% tiền nếu trong vòng 7 ngày phát hiện sai cam kết. 
- Tặng thẻ thành viên 2.3 triệu 
- Xe bán ra có bảo hành 3 tháng hoặc 6 tháng: động cơ + hộp số tại xưởng dịch vụ Anycar Long Biên theo chuẩn Nhật Bản"
9adb4fdf-4ddd-478e-97ce-0317c1a213b9,anycar.bonbanh.com,"https://anycar.bonbanh.com/chi-tiet-xe/id,4429100/",1656771825.022238,xe mazda 2 1.5,426000000.0,2016,trong nước,cũ,sedan,40106 km,trắng,đen,4 cửa,5 chỗ,xăng, tự động,fwd,1496 (cc),"- Xe đạt 5 tiêu chí vàng và đạt 143 hạng mục kiểm tra theo tiêu chuẩn, được cam kết bằng văn bản và có đóng dấu đỏ của Anycar Việt Nam: không đâm đụng ảnh hưởng đến khung gầm kết cấu; không ngập nước, thủy kích; động cơ nguyên bản; hộp số nguyên bản; hồ sơ hợp pháp lý an toàn, sẵn sàng sang tên. 
- Hoàn tiền ngay 100% tiền nếu trong vòng 7 ngày phát hiện sai cam kết. 
- Tặng thẻ thành viên 2.3 triệu 
- Xe bán ra có bảo hành 3 tháng hoặc 6 tháng: động cơ + hộp số tại xưởng dịch vụ Anycar Long Biên theo chuẩn Nhật Bản"
011068ff-0750-4935-b5db-4f7b3f59eaa9,anycar.bonbanh.com,"https://anycar.bonbanh.com/chi-tiet-xe/id,4398698/",1656771825.05999,xe nissan juke 1.6,668000000.0,2015,nhập khẩu,cũ,suv,57445 km,đỏ,đen,5 cửa,5 chỗ,xăng, tự động,fwd,1598 (cc),"- Xe đạt 5 tiêu chí vàng và đạt 143 hạng mục kiểm tra theo tiêu chuẩn, được cam kết bằng văn bản và có đóng dấu đỏ của Anycar Việt Nam: không đâm đụng ảnh hưởng đến khung gầm kết cấu; không ngập nước, thủy kích; động cơ nguyên bản; hộp số nguyên bản; hồ sơ hợp pháp lý an toàn, sẵn sàng sang tên. 
- Hoàn tiền ngay 100% tiền nếu trong vòng 7 ngày phát hiện sai cam kết. 
- Tặng thẻ thành viên 2.3 triệu 
- Xe bán ra có bảo hành 3 tháng hoặc 6 tháng: động cơ + hộp số tại xưởng dịch vụ Anycar Long Biên theo chuẩn Nhật Bản."
9ff238fa-67f8-49f9-997e-d7c5089fb83a,anycar.bonbanh.com,"https://anycar.bonbanh.com/chi-tiet-xe/id,4378920/",1656771825.12665,xe kia cerato 2.0 at premium,638000000.0,2019,trong nước,cũ,sedan,36985 km,trắng,đen,4 cửa,5 chỗ,xăng, tự động,fwd,1999 (cc),"- Xe đạt 5 tiêu chí vàng và đạt 143 hạng mục kiểm tra theo tiêu chuẩn, được cam kết bằng văn bản và có đóng dấu đỏ của Anycar Việt Nam: không đâm đụng ảnh hưởng đến khung gầm kết cấu; không ngập nước, thủy kích; động cơ nguyên bản; hộp số nguyên bản; hồ sơ hợp pháp lý an toàn, sẵn sàng sang tên. 
- Hoàn tiền ngay 100% tiền nếu trong vòng 7 ngày phát hiện sai cam kết. 
- Tặng thẻ thành viên 2.3 triệu 
- Xe bán ra có bảo hành 3 tháng hoặc 6 tháng: động cơ + hộp số tại xưởng dịch vụ Anycar Long Biên theo chuẩn Nhật Bản."
6fe9e828-ab20-4c17-93f6-04ca4ebebbd8,anycar.bonbanh.com,"https://anycar.bonbanh.com/chi-tiet-xe/id,4400469/",1656771825.161108,xe mazda 3 1.5,589000000.0,2018,trong nước,cũ,sedan,49113 km,trắng,đen,4 cửa,5 chỗ,xăng, tự động,fwd,1496 (cc),"- Xe đạt 5 tiêu chí vàng và đạt 143 hạng mục kiểm tra theo tiêu chuẩn, được cam kết bằng văn bản và có đóng dấu đỏ của Anycar Việt Nam: không đâm đụng ảnh hưởng đến khung gầm kết cấu; không ngập nước, thủy kích; động cơ nguyên bản; hộp số nguyên bản; hồ sơ hợp pháp lý an toàn, sẵn sàng sang tên. 
- Hoàn tiền ngay 100% tiền nếu trong vòng 7 ngày phát hiện sai cam kết. 
- Tặng thẻ thành viên 2.3 triệu 
- Xe bán ra có bảo hành 3 tháng hoặc 6 tháng: động cơ + hộp số tại xưởng dịch vụ Anycar Long Biên theo chuẩn Nhật Bản."
fe2fb2ce-1999-4a8c-96de-4713b3afb612,anycar.bonbanh.com,"https://anycar.bonbanh.com/chi-tiet-xe/id,4429083/",1656771825.284575,xe honda crv 2.4,575000000.0,2013,trong nước,cũ,suv,82023 km,bạc,đen,5 cửa,5 chỗ,xăng, tự động,fwd,2354 (cc),"- Xe đạt 5 tiêu chí vàng và đạt 143 hạng mục kiểm tra theo tiêu chuẩn, được cam kết bằng văn bản và có đóng dấu đỏ của Anycar Việt Nam: không đâm đụng ảnh hưởng đến khung gầm kết cấu; không ngập nước, thủy kích; động cơ nguyên bản; hộp số nguyên bản; hồ sơ hợp pháp lý an toàn, sẵn sàng sang tên. 
- Hoàn tiền ngay 100% tiền nếu trong vòng 7 ngày phát hiện sai cam kết. 
- Tặng thẻ thành viên 2.3 triệu 
- Xe bán ra có bảo hành 3 tháng hoặc 6 tháng: động cơ + hộp số tại xưởng dịch vụ Anycar Long Biên theo chuẩn Nhật Bản"
9efe22af-71cd-4692-851a-8c843a5e8798,anycar.bonbanh.com,"https://anycar.bonbanh.com/chi-tiet-xe/id,4334160/",1656771825.348039,xe toyota corolla altis 2.0v sport,668000000.0,2018,trong nước,cũ,sedan,38227 km,nâu,đen,4 cửa,5 chỗ,xăng, tự động,fwd,1987 (cc),"- Xe đạt 5 tiêu chí vàng và đạt 143 hạng mục kiểm tra theo tiêu chuẩn, được cam kết bằng văn bản và có đóng dấu đỏ của Anycar Việt Nam: không đâm đụng ảnh hưởng đến khung gầm kết cấu; không ngập nước, thủy kích; động cơ nguyên bản; hộp số nguyên bản; hồ sơ hợp pháp lý an toàn, sẵn sàng sang tên. 
- Hoàn tiền ngay 100% tiền nếu trong vòng 7 ngày phát hiện sai cam kết. 
- Tặng thẻ thành viên 2.3 triệu 
- Xe bán ra có bảo hành 3 tháng hoặc 6 tháng: động cơ + hộp số tại xưởng dịch vụ Anycar Long Biên theo chuẩn Nhật Bản."
dd21c2cf-247a-46ab-8bd8-a6a10fcd0708,anycar.bonbanh.com,"https://anycar.bonbanh.com/chi-tiet-xe/id,4248160/",1656771825.454944,xe mazda 2 luxury,505000000.0,2019,nhập khẩu,cũ,sedan,36000 km,trắng,đen,4 cửa,5 chỗ,xăng, tự động,fwd,1496 (cc),"- Xe đạt 5 tiêu chí vàng và đạt 143 hạng mục kiểm tra theo tiêu chuẩn, được cam kết bằng văn bản và có đóng dấu đỏ của Anycar Việt Nam: không đâm đụng ảnh hưởng đến khung gầm kết cấu; không ngập nước, thủy kích; động cơ nguyên bản; hộp số nguyên bản; hồ sơ hợp pháp lý an toàn, sẵn sàng sang tên. 
- Hoàn tiền ngay 100% tiền nếu trong vòng 7 ngày phát hiện sai cam kết. 
- Tặng thẻ thành viên 2.3 triệu 
- Xe bán ra có bảo hành 3 tháng hoặc 6 tháng: động cơ + hộp số tại xưởng dịch vụ Anycar Long Biên theo chuẩn Nhật Bản."
c85e374b-69e5-44c4-bb08-07809ae281c1,anycar.bonbanh.com,"https://anycar.bonbanh.com/chi-tiet-xe/id,4434291/",1656771825.514844,xe toyota vios 1.5e cvt,446000000.0,2018,trong nước,cũ,sedan,52560 km,trắng,kem,4 cửa,5 chỗ,xăng, tự động,fwd,1496 (cc),"- Xe đạt 5 tiêu chí vàng và đạt 143 hạng mục kiểm tra theo tiêu chuẩn, được cam kết bằng văn bản và có đóng dấu đỏ của Anycar Việt Nam: không đâm đụng ảnh hưởng đến khung gầm kết cấu; không ngập nước, thủy kích; động cơ nguyên bản; hộp số nguyên bản; hồ sơ hợp pháp lý an toàn, sẵn sàng sang tên. 
- Hoàn tiền ngay 100% tiền nếu trong vòng 7 ngày phát hiện sai cam kết. 
- Tặng thẻ thành viên 2.3 triệu 
- Xe bán ra có bảo hành 3 tháng hoặc 6 tháng: động cơ + hộp số tại xưởng dịch vụ Anycar Long Biên theo chuẩn Nhật Bản"
642cbd36-a0c5-4e14-af45-92db048fb947,anycar.bonbanh.com,"https://anycar.bonbanh.com/chi-tiet-xe/id,4282199/",1656771825.703987,xe honda crv 2.4,399000000.0,2010,trong nước,cũ,suv,126920 km,đen,đen,5 cửa,5 chỗ,xăng, tự động,fwd,2354 (cc),"Xe đạt 5 tiêu chí vàng và đạt 143 hạng mục kiểm tra theo tiêu chuẩn, được cam kết bằng văn bản và có đóng dấu đỏ của Anycar Việt Nam: không đâm đụng ảnh hưởng đến khung gầm kết cấu; không ngập nước, thủy kích; động cơ nguyên bản; hộp số nguyên bản; hồ sơ hợp pháp lý an toàn, sẵn sàng sang tên. 
- Hoàn tiền ngay 100% tiền nếu trong vòng 7 ngày phát hiện sai cam kết. 
- Tặng thẻ thành viên 2.3 triệu 
- Xe bán ra có bảo hành 3 tháng hoặc 6 tháng: động cơ + hộp số tại xưởng dịch vụ Anycar Long Biên theo chuẩn Nhật Bản."
f3d0d860-5f53-413c-b823-fafc43867c1d,anycar.bonbanh.com,"https://anycar.bonbanh.com/chi-tiet-xe/id,4280313/",1656771825.743219,xe mazda 3 1.5l luxury,676000000.0,2020,trong nước,cũ,sedan,31445 km,trắng,đen,4 cửa,5 chỗ,xăng, tự động,fwd,1496 (cc),"- Xe đạt 5 tiêu chí vàng và đạt 143 hạng mục kiểm tra theo tiêu chuẩn, được cam kết bằng văn bản và có đóng dấu đỏ của Anycar Việt Nam: không đâm đụng ảnh hưởng đến khung gầm kết cấu; không ngập nước, thủy kích; động cơ nguyên bản; hộp số nguyên bản; hồ sơ hợp pháp lý an toàn, sẵn sàng sang tên. 
- Hoàn tiền ngay 100% tiền nếu trong vòng 7 ngày phát hiện sai cam kết. 
- Tặng thẻ thành viên 2.3 triệu 
- Xe bán ra có bảo hành 3 tháng hoặc 6 tháng: động cơ + hộp số tại xưởng dịch vụ Anycar Long Biên theo chuẩn Nhật Bản."
e990a9b2-c845-4b37-bd10-4b675030904f,anycar.bonbanh.com,"https://anycar.bonbanh.com/chi-tiet-xe/id,4411914/",1656771825.794004,xe mazda 2 premium,489000000.0,2018,nhập khẩu,cũ,sedan,42311 km,đỏ,đen,4 cửa,5 chỗ,xăng, tự động,fwd,1496 (cc),"- Xe đạt 5 tiêu chí vàng và đạt 143 hạng mục kiểm tra theo tiêu chuẩn, được cam kết bằng văn bản và có đóng dấu đỏ của Anycar Việt Nam: không đâm đụng ảnh hưởng đến khung gầm kết cấu; không ngập nước, thủy kích; động cơ nguyên bản; hộp số nguyên bản; hồ sơ hợp pháp lý an toàn, sẵn sàng sang tên. 
- Hoàn tiền ngay 100% tiền nếu trong vòng 7 ngày phát hiện sai cam kết. 
- Tặng thẻ thành viên 2.3 triệu 
- Xe bán ra có bảo hành 3 tháng hoặc 6 tháng: động cơ + hộp số tại xưởng dịch vụ Anycar Long Biên theo chuẩn Nhật Bản."
c88e5b36-60e9-45c8-98bc-b4bb6b25f79a,anycar.bonbanh.com,"https://anycar.bonbanh.com/chi-tiet-xe/id,4223414/",1656771825.838989,xe kia rondo dat,500000000.0,2016,trong nước,cũ,suv,60465 km,trắng,đen,5 cửa,7 chỗ,diesel, tự động,fwd,1685 (cc),"Anycar Việt Nam bán: 
Kia Rondo DAT 1.7AT 2016 màu trắng. 
- Xe đạt 5 tiêu chí vàng và đạt 143 hạng mục kiểm tra theo tiêu chuẩn, được cam kết bằng văn bản và có đóng dấu đỏ của Anycar Việt Nam: không đâm đụng ảnh hưởng đến khung gầm kết cấu; không ngập nước, thủy kích; động cơ nguyên bản; hộp số nguyên bản; hồ sơ hợp pháp lý an toàn, sẵn sàng sang tên. 
- Hoàn tiền ngay 100% tiền nếu trong vòng 7 ngày phát hiện sai cam kết. 
- Tặng thẻ thành viên 2.3 triệu 
- Xe bán ra có bảo hành 3 tháng hoặc 6 tháng: động cơ + hộp số tại xưởng dịch vụ Anycar Long Biên theo chuẩn Nhật Bản."
996e2743-75a5-4635-9046-60038bf00aa1,anycar.bonbanh.com,"https://anycar.bonbanh.com/chi-tiet-xe/id,4428085/",1656771825.946811,xe honda civic rs 1.5,735000000.0,2019,nhập khẩu,cũ,sedan,28580 km,trắng,đen,4 cửa,5 chỗ,xăng, tự động,fwd,1498 (cc),"- Xe đạt 5 tiêu chí vàng và đạt 143 hạng mục kiểm tra theo tiêu chuẩn, được cam kết bằng văn bản và có đóng dấu đỏ của Anycar Việt Nam: không đâm đụng ảnh hưởng đến khung gầm kết cấu; không ngập nước, thủy kích; động cơ nguyên bản; hộp số nguyên bản; hồ sơ hợp pháp lý an toàn, sẵn sàng sang tên. 
- Hoàn tiền ngay 100% tiền nếu trong vòng 7 ngày phát hiện sai cam kết. 
- Tặng thẻ thành viên 2.3 triệu 
- Xe bán ra có bảo hành 3 tháng hoặc 6 tháng: động cơ + hộp số tại xưởng dịch vụ Anycar Long Biên theo chuẩn Nhật Bản."
e4679e6f-a9ef-40fa-93b5-981b85466899,anycar.bonbanh.com,"https://anycar.bonbanh.com/chi-tiet-xe/id,4444097/",1656771825.993444,xe toyota fortuner 2.7v 4x2,495000000.0,2012,trong nước,cũ,suv,97180 km,đen,kem,5 cửa,8 chỗ,xăng, tự động,rfd,2694 (cc),"- Xe đạt 5 tiêu chí vàng và đạt 143 hạng mục kiểm tra theo tiêu chuẩn, được cam kết bằng văn bản và có đóng dấu đỏ của Anycar Việt Nam: không đâm đụng ảnh hưởng đến khung gầm kết cấu; không ngập nước, thủy kích; động cơ nguyên bản; hộp số nguyên bản; hồ sơ hợp pháp lý an toàn, sẵn sàng sang tên. 
- Hoàn tiền ngay 100% tiền nếu trong vòng 7 ngày phát hiện sai cam kết. 
- Tặng thẻ thành viên 2.3 triệu 
- Xe bán ra có bảo hành 3 tháng hoặc 6 tháng: động cơ + hộp số tại xưởng dịch vụ Anycar Long Biên theo chuẩn Nhật Bản."
94b408c9-f93e-41db-82b0-23000e07e829,anycar.bonbanh.com,"https://anycar.bonbanh.com/chi-tiet-xe/id,4434085/",1656771826.10093,xe honda crv 2.4,438000000.0,2011,trong nước,cũ,suv,125986 km,xám,đen,5 cửa,5 chỗ,xăng, tự động,fwd,2354 (cc),"- Xe đạt 5 tiêu chí vàng và đạt 143 hạng mục kiểm tra theo tiêu chuẩn, được cam kết bằng văn bản và có đóng dấu đỏ của Anycar Việt Nam: không đâm đụng ảnh hưởng đến khung gầm kết cấu; không ngập nước, thủy kích; động cơ nguyên bản; hộp số nguyên bản; hồ sơ hợp pháp lý an toàn, sẵn sàng sang tên. 
- Hoàn tiền ngay 100% tiền nếu trong vòng 7 ngày phát hiện sai cam kết. 
- Tặng thẻ thành viên 2.3 triệu 
- Xe bán ra có bảo hành 3 tháng hoặc 6 tháng: động cơ + hộp số tại xưởng dịch vụ Anycar Long Biên theo chuẩn Nhật Bản"
c614f0bc-d8bd-4367-8eaf-ed27daeeabb0,anycar.bonbanh.com,"https://anycar.bonbanh.com/chi-tiet-xe/id,4447140/",1656771826.234026,xe nissan x trail 2.0 sl 2wd premium,728000000.0,2018,trong nước,cũ,suv,39569 km,đỏ,đen,5 cửa,7 chỗ,xăng, tự động,fwd,1997 (cc),"- Xe đạt 5 tiêu chí vàng và đạt 143 hạng mục kiểm tra theo tiêu chuẩn, được cam kết bằng văn bản và có đóng dấu đỏ của Anycar Việt Nam: không đâm đụng ảnh hưởng đến khung gầm kết cấu; không ngập nước, thủy kích; động cơ nguyên bản; hộp số nguyên bản; hồ sơ hợp pháp lý an toàn, sẵn sàng sang tên. 
- Hoàn tiền ngay 100% tiền nếu trong vòng 7 ngày phát hiện sai cam kết. 
- Tặng thẻ thành viên 2.3 triệu 
- Xe bán ra có bảo hành 3 tháng hoặc 6 tháng: động cơ + hộp số tại xưởng dịch vụ Anycar Long Biên theo chuẩn Nhật Bản"
16f3b347-4153-4a47-ae94-64936a7d0236,anycar.bonbanh.com,"https://anycar.bonbanh.com/chi-tiet-xe/id,4449668/",1656771826.301945,xe hyundai accent 1.4 ath,505000000.0,2018,trong nước,cũ,sedan,32167 km,trắng,nhiều màu,4 cửa,5 chỗ,xăng, tự động,fwd,1396 (cc),"- Xe đạt 5 tiêu chí vàng và đạt 143 hạng mục kiểm tra theo tiêu chuẩn, được cam kết bằng văn bản và có đóng dấu đỏ của Anycar Việt Nam: không đâm đụng ảnh hưởng đến khung gầm kết cấu; không ngập nước, thủy kích; động cơ nguyên bản; hộp số nguyên bản; hồ sơ hợp pháp lý an toàn, sẵn sàng sang tên. 
- Hoàn tiền ngay 100% tiền nếu trong vòng 7 ngày phát hiện sai cam kết. 
- Tặng thẻ thành viên 2.3 triệu 
- Xe bán ra có bảo hành 3 tháng hoặc 6 tháng: động cơ + hộp số tại xưởng dịch vụ Anycar Long Biên theo chuẩn Nhật Bản."
7f0459c6-3b82-4608-96b3-2f9cccc26017,anycar.bonbanh.com,"https://anycar.bonbanh.com/chi-tiet-xe/id,4285843/",1656771826.327273,xe kia morning si,328000000.0,2017,trong nước,cũ,hatchback,36757 km,nâu,xám,5 cửa,5 chỗ,xăng, tự động,fwd,1248 (cc),"- Xe đạt 5 tiêu chí vàng và đạt 143 hạng mục kiểm tra theo tiêu chuẩn, được cam kết bằng văn bản và có đóng dấu đỏ của Anycar Việt Nam: không đâm đụng ảnh hưởng đến khung gầm kết cấu; không ngập nước, thủy kích; động cơ nguyên bản; hộp số nguyên bản; hồ sơ hợp pháp lý an toàn, sẵn sàng sang tên. 
- Hoàn tiền ngay 100% tiền nếu trong vòng 7 ngày phát hiện sai cam kết. 
- Tặng thẻ thành viên 2.3 triệu 
- Xe bán ra có bảo hành 3 tháng hoặc 6 tháng: động cơ + hộp số tại xưởng dịch vụ Anycar Long Biên theo chuẩn Nhật Bản."
fb6dd24d-23ec-44eb-a012-f9f0869bba51,anycar.bonbanh.com,"https://anycar.bonbanh.com/chi-tiet-xe/id,4404633/",1656771826.39395,xe honda crv 2.4,638000000.0,2014,trong nước,cũ,suv,126859 km,bạc,đen,5 cửa,5 chỗ,xăng, tự động,fwd,2354 (cc),"- Xe đạt 5 tiêu chí vàng và đạt 143 hạng mục kiểm tra theo tiêu chuẩn, được cam kết bằng văn bản và có đóng dấu đỏ của Anycar Việt Nam: không đâm đụng ảnh hưởng đến khung gầm kết cấu; không ngập nước, thủy kích; động cơ nguyên bản; hộp số nguyên bản; hồ sơ hợp pháp lý an toàn, sẵn sàng sang tên. 
- Hoàn tiền ngay 100% tiền nếu trong vòng 7 ngày phát hiện sai cam kết. 
- Tặng thẻ thành viên 2.3 triệu 
- Xe bán ra có bảo hành 3 tháng hoặc 6 tháng: động cơ + hộp số tại xưởng dịch vụ Anycar Long Biên theo chuẩn Nhật Bản."
3f0de609-e09c-4d17-b14c-f8ffb267409c,anycar.bonbanh.com,"https://anycar.bonbanh.com/chi-tiet-xe/id,4404733/",1656771826.442837,xe kia morning van 1.0,265000000.0,2015,nhập khẩu,cũ,van/minivan,47256 km,bạc,xám,5 cửa,2 chỗ,xăng, tự động,fwd,998 (cc),"- Xe đạt 5 tiêu chí vàng và đạt 143 hạng mục kiểm tra theo tiêu chuẩn, được cam kết bằng văn bản và có đóng dấu đỏ của Anycar Việt Nam: không đâm đụng ảnh hưởng đến khung gầm kết cấu; không ngập nước, thủy kích; động cơ nguyên bản; hộp số nguyên bản; hồ sơ hợp pháp lý an toàn, sẵn sàng sang tên. 
- Hoàn tiền ngay 100% tiền nếu trong vòng 7 ngày phát hiện sai cam kết. 
- Tặng thẻ thành viên 2.3 triệu 
- Xe bán ra có bảo hành 3 tháng hoặc 6 tháng: động cơ + hộp số tại xưởng dịch vụ Anycar Long Biên theo chuẩn Nhật Bản."
a17428a7-8641-458f-b853-bb140ead29c8,anycar.bonbanh.com,"https://anycar.bonbanh.com/chi-tiet-xe/id,4428046/",1656771826.481623,xe mazda cx5 2.5 at 2wd,813000000.0,2018,trong nước,cũ,suv,69741 km,trắng,đen,5 cửa,5 chỗ,xăng, tự động,fwd,2488 (cc),"- Xe đạt 5 tiêu chí vàng và đạt 143 hạng mục kiểm tra theo tiêu chuẩn, được cam kết bằng văn bản và có đóng dấu đỏ của Anycar Việt Nam: không đâm đụng ảnh hưởng đến khung gầm kết cấu; không ngập nước, thủy kích; động cơ nguyên bản; hộp số nguyên bản; hồ sơ hợp pháp lý an toàn, sẵn sàng sang tên. 
- Hoàn tiền ngay 100% tiền nếu trong vòng 7 ngày phát hiện sai cam kết. 
- Tặng thẻ thành viên 2.3 triệu 
- Xe bán ra có bảo hành 3 tháng hoặc 6 tháng: động cơ + hộp số tại xưởng dịch vụ Anycar Long Biên theo chuẩn Nhật Bản."
2d6e5c23-5c24-4604-8697-d6ec7fca41ec,anycar.bonbanh.com,"https://anycar.bonbanh.com/chi-tiet-xe/id,4432301/",1656771826.551531,xe kia cerato 1.6,531000000.0,2018,trong nước,cũ,sedan,10868 km,trắng,kem,4 cửa,5 chỗ,xăng, tự động,fwd,1591 (cc),"- Xe đạt 5 tiêu chí vàng và đạt 143 hạng mục kiểm tra theo tiêu chuẩn, được cam kết bằng văn bản và có đóng dấu đỏ của Anycar Việt Nam: không đâm đụng ảnh hưởng đến khung gầm kết cấu; không ngập nước, thủy kích; động cơ nguyên bản; hộp số nguyên bản; hồ sơ hợp pháp lý an toàn, sẵn sàng sang tên. 
- Hoàn tiền ngay 100% tiền nếu trong vòng 7 ngày phát hiện sai cam kết. 
- Tặng thẻ thành viên 2.3 triệu 
- Xe bán ra có bảo hành 3 tháng hoặc 6 tháng: động cơ + hộp số tại xưởng dịch vụ Anycar Long Biên theo chuẩn Nhật Bản"
0cd4c04b-5555-457d-a0a8-12d06a4fcd14,anycar.bonbanh.com,"https://anycar.bonbanh.com/chi-tiet-xe/id,4429730/",1656771826.677265,xe mazda 3 1.5,585000000.0,2018,trong nước,cũ,sedan,63688 km,trắng,đen,4 cửa,5 chỗ,xăng, tự động,fwd,1496 (cc),"- Xe đạt 5 tiêu chí vàng và đạt 143 hạng mục kiểm tra theo tiêu chuẩn, được cam kết bằng văn bản và có đóng dấu đỏ của Anycar Việt Nam: không đâm đụng ảnh hưởng đến khung gầm kết cấu; không ngập nước, thủy kích; động cơ nguyên bản; hộp số nguyên bản; hồ sơ hợp pháp lý an toàn, sẵn sàng sang tên. 
- Hoàn tiền ngay 100% tiền nếu trong vòng 7 ngày phát hiện sai cam kết. 
- Tặng thẻ thành viên 2.3 triệu 
- Xe bán ra có bảo hành 3 tháng hoặc 6 tháng: động cơ + hộp số tại xưởng dịch vụ Anycar Long Biên theo chuẩn Nhật Bản"
2e535857-b065-41b9-9d17-6b46e492748f,anycar.bonbanh.com,"https://anycar.bonbanh.com/chi-tiet-xe/id,4429658/",1656771826.712021,xe toyota vios 1.5g,553000000.0,2020,trong nước,cũ,sedan,20569 km,vàng,kem,4 cửa,5 chỗ,xăng, tự động,fwd,1496 (cc),"- Xe đạt 5 tiêu chí vàng và đạt 143 hạng mục kiểm tra theo tiêu chuẩn, được cam kết bằng văn bản và có đóng dấu đỏ của Anycar Việt Nam: không đâm đụng ảnh hưởng đến khung gầm kết cấu; không ngập nước, thủy kích; động cơ nguyên bản; hộp số nguyên bản; hồ sơ hợp pháp lý an toàn, sẵn sàng sang tên. 
- Hoàn tiền ngay 100% tiền nếu trong vòng 7 ngày phát hiện sai cam kết. 
- Tặng thẻ thành viên 2.3 triệu 
- Xe bán ra có bảo hành 3 tháng hoặc 6 tháng: động cơ + hộp số tại xưởng dịch vụ Anycar Long Biên theo chuẩn Nhật Bản"
ed44358e-3563-4bb1-b5b1-6903518c9fa5,anycar.bonbanh.com,"https://anycar.bonbanh.com/chi-tiet-xe/id,4425403/",1656771826.759686,xe mazda 2 1.5,425000000.0,2016,trong nước,cũ,sedan,65742 km,xanh,đen,4 cửa,5 chỗ,xăng, tự động,fwd,1496 (cc),"- Xe đạt 5 tiêu chí vàng và đạt 143 hạng mục kiểm tra theo tiêu chuẩn, được cam kết bằng văn bản và có đóng dấu đỏ của Anycar Việt Nam: không đâm đụng ảnh hưởng đến khung gầm kết cấu; không ngập nước, thủy kích; động cơ nguyên bản; hộp số nguyên bản; hồ sơ hợp pháp lý an toàn, sẵn sàng sang tên. 
- Hoàn tiền ngay 100% tiền nếu trong vòng 7 ngày phát hiện sai cam kết. 
- Tặng thẻ thành viên 2.3 triệu 
- Xe bán ra có bảo hành 3 tháng hoặc 6 tháng: động cơ + hộp số tại xưởng dịch vụ Anycar Long Biên theo chuẩn Nhật Bản"
e7180b22-0a1a-4d0e-8d05-7ef759aabae6,anycar.bonbanh.com,"https://anycar.bonbanh.com/chi-tiet-xe/id,4423380/",1656771826.804586,xe vinfast lux sa 2.0 plus 2.0,1096000000.0,2021,trong nước,cũ,suv,4927 km,trắng,nâu,5 cửa,7 chỗ,xăng, tự động,rfd,1997 (cc),"- Xe đạt 5 tiêu chí vàng và đạt 143 hạng mục kiểm tra theo tiêu chuẩn, được cam kết bằng văn bản và có đóng dấu đỏ của Anycar Việt Nam: không đâm đụng ảnh hưởng đến khung gầm kết cấu; không ngập nước, thủy kích; động cơ nguyên bản; hộp số nguyên bản; hồ sơ hợp pháp lý an toàn, sẵn sàng sang tên. 
- Hoàn tiền ngay 100% tiền nếu trong vòng 7 ngày phát hiện sai cam kết. 
- Tặng thẻ thành viên 2.3 triệu 
- Xe bán ra có bảo hành 3 tháng hoặc 6 tháng: động cơ + hộp số tại xưởng dịch vụ Anycar Long Biên theo chuẩn Nhật Bản."
