id,domain,url,crawled_date,anh_xe,ten,gia_ban,gia_lan_banh,nam_san_xuat,kieu_dang,tinh_trang,xuat_xu,tinh_thanh,quan_huyen,hop_so,nhien_lieu,mo_ta
5cfb2000-17bf-48e8-887b-518985aec42b,oto.com.vn,https://oto.com.vn/mua-ban-xe-isuzu-f-series-ben-tre/thung-dai-96-met-fvr900-aidxm22530784,1656843390.729124,https://i3.ytimg.com/vi/ZJ6AR9J5xzM/hqdefault.jpg,isuzu f series,1400000000.0,1434000000.0,2022,truck,mới,trong nước,bến tre,bến tre, tay,diesel,"- Xe tải nặng Isuzu thùng dài 9.6 mét FVR900. - Kích thước lọt lòng: 9600x2350x2350 mm (52 khối hàng). - Tải chở hàng 7.5 tấn, chuyên chở hàng nhẹ, cồng kềnh, - Tiết kiệm nhiên liệu bền bỉ. - Xe tiêu chuẩn có liền giao ngay giá cực tốt. - Hổ trợ vay vốn ngân hàng cao. - Nhận xe trực tiếp từ đại lý ủy quyền. Xem xe chi tiết tại: 111/2 Đường số 18, Kp. 2, P. Bình Hưng Hòa, Q. Bình Tân, Hồ Chí Minh."
eeadf4e7-370c-4adf-8574-a5d3dbfe3cff,oto.com.vn,https://oto.com.vn/mua-ban-xe-ford-ranger-ha-noi/du-mau-xe-gia-tot-nhat-khi-dat-som-goi-full-phu-kien-tra-truoc-20-nhan-xe-ho-tro-moi-thu-tuc-lan-banh-aidxm22515489,1656843390.838746,https://img1.oto.com.vn/crop/575x430/2022/06/10/20220610151337-97b0_wm.jpg,ford ranger xls 2.2 4x2,662000000.0,712800000.0,2022,pick-up truck,mới,nhập khẩu,hà nội,bắc từ liêm, tự động,diesel,"Mua Ford  Ranger XLS 2022.  Mua Ford Ranger ở Hà Nội. Chính sách giá bán Ford Ranger XLS tháng 6/ 2022. + Ranger XLS 2.2L 4x2 AT (nâng cấp mới): 662 triệu. + Ranger XLS 2.2L 4x2 MT (nâng cấp mới): 642 triệu. Giá xe ưu đãi tốt nhất phụ thuộc thời điểm khách hàng đặt xe giữ giá, giữ xuất giao trước hoặc lấy xe giao ngay. Hỗ trợ vay đến 80% giá xe; Lãi suất hấp dẫn, thời hạn tối đa 8 năm. Chỉ cần hộ khẩu và CMND. Không cần chứng minh thu nhập. (3 ngày nhận xe ngay). Hỗ trợ đăng ký, đăng kiểm, giao xe tận nhà. Thủ tục đơn giản, nhanh gọn, tiết kiệm thời gian cho quý khách. Cam kết khách hàng sẽ nhận được quyền lợi tối đa nhất. Quý khách có kế hoạch lấy xe vui lòng đặt sớm để lấy xe tháng 6. Hãy gọi ngay: 0904016692 để TVBH tư vấn hỗ trợ báo giá tốt nhất. Hỗ trợ khách hàng đặt lấy xe trong thời gian này. - Bảo hành bảo dưỡng 3 năm/100.000km. - Có xe lái thử trải nghiệm miễn phí tại đại lý. - Sẵn xe, đủ màu giao ngay. Số lượng có hạn. - Chính sách giá bán hợp lý nhất cho quý khách đặt xe sớm. - Tặng gói phụ kiện, gói bảo hiểm hấp dẫn dành cho khách mua Ford Ranger ở Hà Nội. (tùy thời điểm). Lưu ý: Số lượng xe về đại lý ít nên quý khách hàng có nhu cầu vui lòng liên hệ đặt xe sớm. Để được giao xe đúng ngày. Mr Hiếu - Đại lý Ford chính hãng. Hotline 0969016692. Showroom: 168 Phạm Văn Đồng, Bắc Từ Liêm, Hà Nội. Quý khách vui lòng, chúng tôi hạnh phúc! Trân trọng cảm ơn quý khách hàng đã xem tin và rất hân hạnh được phục vụ!"
221cddf6-38c2-4682-b03d-d6b06beba369,oto.com.vn,https://oto.com.vn/mua-ban-xe-honda-civic-hcm/uu-dai-khung-du-mau-giao-ngay-sg-aidxm22539738,1656843390.865789,https://img1.oto.com.vn/crop/575x430/2022/06/28/20220628173711-f133_wm.jpg,honda civic 1.5 g,770000000.0,869300000.0,2022,sedan,mới,nhập khẩu,thành phố hồ chí minh,tân bình, tự động,xăng,1/ Honda Civic với 2 phiên bản G - RS khuyến mãi hấp dẫn - đủ màu - giao ngay.   2/ Chỉ từ 116 triệu nhận xe ngay (liên hệ để tính phí ra biển số từng địa phương).   3/ Cập nhật báo giá: (liên hệ nhận ưu đãi). ✔Civic G: 770 triệu. ✔City RS: 870 triệu.   4/ Nhận đặt xe & tư vấn khuyến mãi (liên hệ nhận ưu đãi): ✔Ưu đãi tiền mặt. ✔Hỗ trợ bảo hiểm vật chất xe. ✔Tặng gói phụ kiện nâng cấp.   5/ Vay vốn linh hoạt: ✔Tỷ lệ vay đến 80 - 90% tổng giá trị xe. ✔Tối đa 96 tháng. ✔Hỗ trợ hồ sơ thủ tục nhanh chóng. Liên hệ ngay để được ưu đãi tốt nhất từng thời điểm.
a7f52d08-c1e1-4d64-9123-bf6c969f7126,oto.com.vn,https://oto.com.vn/mua-ban-xe-ford-everest-ha-noi/san-xe-gia-tot-uu-dai-den-100-trieu-tien-mat-tang-goi-pk-chinh-hang-tra-gop-80-gia-xe-ho-tro-lan-banh-aidxm22518004,1656843390.90201,https://img1.oto.com.vn/crop/575x430/2022/06/11/20220611142129-94bb_wm.jpg,ford everest titanium 2.0l at 4wd,1309000000.0,1489000000.0,2022,suv,mới,nhập khẩu,hà nội,, tự động,diesel,"Mua bán Ford Everest 2022 ở Hà Nội.   Mua Ford Everest Titanium 4x4AT 2022  .  Chính sách bán hàng Ford Everest tháng 6/2022. Everest Titanium 2.0L 4x4AT- Turbo kép (Giá tốt LH Hotline). Everest Titanium 2.0L 4x2AT-Turbo kép (Giá tốt LH Hotline).   Giá xe Ưu đãi tốt nhất phụ thuộc thời điểm khách hàng đặt xe ngay giữ giá hoặc cần lấy xe giao ngay. Hãy gọi ngay: 0969016692 - Để TVBH tư vấn hỗ trợ báo giá tốt nhất. Hỗ trợ vay đến 80% giá xe; Lãi suất hấp dẫn, thời hạn tối đa 8 năm. Chỉ cần hộ khẩu và CMND. Không cần chứng minh thu nhập. (3 ngày nhận xe ngay). Hỗ trợ đăng ký, đăng kiểm, giao xe tận nhà. Thủ tục đơn giản, nhanh gọn, tiết kiệm thời gian cho quý khách. Cam kết khách hàng sẽ nhận được quyền lợi tối đa nhất.   Quý khách có kế hoạch lấy xe vui lòng đặt sớm để lấy xe tháng 6. Hỗ trợ khách hàng đặt lấy xe trong thời gian này. - Bảo hành bảo dưỡng 3 năm/100.000km. - Có xe lái thử trải nghiệm miễn phí tại đại lý. - Sẵn xe, đủ màu giao ngay. Số lượng có hạn. - Chính sách giá bán hợp lý nhất cho quý khách đặt xe sớm. - Tặng gói phụ kiện, gói bảo hiểm hấp dẫn dành cho khách mua Ford Everest ở Hà Nội. (tùy thời điểm). Lưu ý: Số lượng xe về đại lý ít nên quý khách hàng có nhu cầu vui lòng liên hệ đặt xe sớm. Để được giao xe đúng ngày. Mr Hiếu _Đại lý Ford chính hãng. Hotline 0969016692. Showroom: 168 Phạm Văn Đồng, Bắc Từ Liêm, Hà Nội. Quý khách vui lòng, chúng tôi hạnh phúc! Trân trọng cảm ơn quý khách hàng đã xem tin và rất hân hạnh được phục vụ!"
e7578b7e-3c74-4a6d-ada1-0bc69924b987,oto.com.vn,https://oto.com.vn/mua-ban-xe-ford-ranger-ha-noi/san-mau-tra-truoc-hon-200-trieu-nhan-xe-tang-goi-phu-kien-ho-tro-thu-tuc-lan-banh-giao-xe-toan-quoc-aidxm22515566,1656843390.950079,https://img1.oto.com.vn/crop/575x430/2022/06/10/20220610152308-422d_wm.jpg,ford ranger wildtrak 2.0l 4x4,917000000.0,986100000.0,2022,pick-up truck,mới,nhập khẩu,hà nội,bắc từ liêm, tự động,diesel,"Mua Ford Ranger Wildtrak 2022 .  Mua Ford Ranger ở Hà Nội. Chính sách giá bán Ford Ranger Wildtrak tháng 6/ 2022. Ranger Wildtrak 2.0L 4x4AT – Turbo kép (Bi Turbo): 937 triệu. Màu xe: Cam, trắng, đen, xám. - Giá bán xe ưu đãi tốt nhất phụ thuộc thời điểm khách hàng đặt xe giữ giá, giữ xuất giao trước hoặc lấy xe giao ngay. - Hỗ trợ vay đến 80% giá xe; Lãi suất hấp dẫn, thời hạn tối đa 8 năm. Chỉ cần hộ khẩu và CMND. Không cần chứng minh thu nhập. (3 ngày nhận xe ngay). - Hỗ trợ đăng ký, đăng kiểm, giao xe tận nhà. - Thủ tục đơn giản, nhanh gọn, tiết kiệm thời gian cho quý khách. - Cam kết khách hàng sẽ nhận được quyền lợi tối đa nhất. Quý khách có kế hoạch lấy xe vui lòng đặt sớm để lấy xe tháng 6. Hãy gọi ngay: 0969016692 - Để TVBH tư vấn hỗ trợ báo giá tốt nhất. Hỗ trợ khách hàng đặt lấy xe trong thời gian này. - Bảo hành bảo dưỡng 3 năm/100.000km. - Có xe lái thử trải nghiệm miễn phí tại đại lý. - Sẵn xe, đủ màu giao ngay. Số lượng có hạn. - Chính sách giá bán hợp lý nhất cho quý khách đặt xe sớm. - Tặng gói phụ kiện, gói bảo hiểm hấp dẫn dành cho khách mua Ford Ranger ở Hà Nội. (tùy thời điểm). Lưu ý: Số lượng xe về đại lý ít nên quý khách hàng có nhu cầu vui lòng liên hệ đặt xe sớm. Để được giao xe đúng ngày. Mr Hiếu - Đại lý Ford chính hãng. Hotline 0969016692. Showroom: 168 Phạm Văn Đồng, Bắc Từ Liêm, Hà Nội. Quý khách vui lòng, chúng tôi hạnh phúc!"
b9c18fc8-c572-4f3e-b78c-166c78524fbd,oto.com.vn,https://oto.com.vn/mua-ban-xe-hyundai-santa-fe-ha-noi/san-xe-giao-ngay-trong-thang-72022-nhieu-qua-tang-chinh-hang-aidxm22539663,1656843391.056224,https://img1.oto.com.vn/crop/575x430/2022/06/28/20220628170147-9dd6_wm.jpg,hyundai santa fe 2.2l (máy dầu) cao cấp,1405000000.0,1596000000.0,2022,suv,mới,trong nước,hà nội,hà đông, tự động,xăng,"Hyundai Santafe 2022 SUV 7 chỗ vừa ra mắt 17/5/2021, xe giao ngay. Mới 100%. Sẵn màu đen + Trắng cao cấp giao ngay tháng 7/2022. Quà tặng hấp dẫn đi kèm (Liên hệ để biết thêm chi tiêt). * Chưa từng có: Phụ kiện chuẩn hãng, giá như ""ở ngoài"": Giảm giá lên tới 50% phụ kiện mua thêm (Liên hệ để biết thêm chi tiết). * Hỗ trợ trả góp lãi suất thấp 0,625%/ tháng suốt thời gian vay, vay tối đa 85% giá trị xe. * Xử lý nợ xấu nhóm cao, xử lý hồ sơ khó chứng minh tài chính. * Hỗ trợ vay cho doanh nghiệp: - Công ty mới thành lập. - Công ty báo cáo tài chính lỗ. - Không báo cáo tài chính. - Công ty muốn vay tối đa %. * Bảo hành chính hãng 5 năm toàn quốc. * Bảo dưỡng theo chuẩn Hyundai toàn cầu. - Liên hệ: Hyundai Hà Đông Hà Nội 0966388150."
fc92d5df-5baf-47a8-b676-97dc409b34f5,oto.com.vn,https://oto.com.vn/mua-ban-xe-ford-explorer-hcm/nhap-khau-100-tu-my-giao-trong-thang-72022-aidxm22491218,1656843391.092039,https://img1.oto.com.vn/crop/575x430/2022/05/24/20220524203742-270d_wm.jpg,ford explorer limited,2399000000.0,2662000000.0,2022,suv,mới,nhập khẩu,thành phố hồ chí minh,, tự động,xăng,"Ford Explorer 2022 nhập khẩu 100% từ Mỹ - Nâng tầm đẳng cấp! Tin vui dành cho quý khách hàng đón chờ Ford Explorer phiên bản mới. Xe đã chính thức được phân phối tại thị trường Việt Nam. Siêu phẩm Ford Explorer 2022 hoàn toàn mới với rất nhiều công nghệ tiên tiến. + Động cơ 2.3 Ecoboost nổi tiếng của Ford cho công suất lên tới 301 sức ngựa! + Hộp số 10 cấp - Cần số với núm xoay hiện đại kết hợp 7 chế độ đường đi! + Phanh tay điện tử kết hợp tính năng auto hold. +Công nghệ đèn full led. + Xe 2 cầu toàn thời gian với động cơ đặt dọc, lực truyền chủ yếu từ cầu sau giúp cho chiếc xe vận hành mạnh mẽ hơn! + Sạc không dây tiện nghi. + Bộ lốp mới êm ái và đỡ ồn hơn bản cũ. + Bộ loa mới B&O cho trải nghiệm âm thanh chất lượng. + Hỗ trợ tự đánh lái tránh va chạm. + Hỗ trợ phanh khẩn cấp với vật cản cắt ngang, giữ khoảng cách và bám theo xe phía trước. + Tự động pha cốt, né pha khi gặp xe đối diện phía trước. Và còn rất nhiều các tính năng chờ quý KH trải nghiệm. - Màu xe: Trắng, đen, đỏ, xanh. - Tặng gói quà tặng hấp dẫn dành cho khách hàng ký chờ. - Bảo bành bảo dưỡng 3 năm/ 100.000km. + Hỗ trợ cho vay 80% giá xe; Lãi suất hấp dẫn, tối đa vay 8 năm. + Hỗ trợ giao xe miễn phí tại nhà. + Thủ tục đơn giản, nhanh gọn, tiết kiệm thời gian cho quý khách.   Hỗ trợ tư vấn chăm sóc xe tận tình. Liên hệ ngay: 0906971282."
2c91dde7-06ee-4637-887a-512fd561bf94,oto.com.vn,https://oto.com.vn/mua-ban-xe-honda-cr-v-hcm/uu-dai-khung-du-mau-giao-ngay-sg-aidxm22539713,1656843391.125039,https://img1.oto.com.vn/crop/575x430/2022/06/28/20220628172214-363c_wm.jpg,honda cr v 1.5 g,1048000000.0,1175000000.0,2022,suv,mới,nhập khẩu,thành phố hồ chí minh,tân bình, tự động,xăng,1/Honda CRV với 3 phiên bản G - L - LSE khuyến mãi hấp dẫn - đủ màu - giao ngay.   2/Chỉ từ 158 triệu nhận xe ngay (liên hệ để tính phí ra biển số từng địa phương).   3/Cập nhật báo giá: (liên hệ nhận ưu đãi). ✔CRV G: 1 tỷ 048 triệu. ✔CRV L: 1 tỷ 118 triệu. ✔CRV LSE: 1 tỷ 038 triệu.   4/Nhận đặt xe & tư vấn khuyến mãi (liên hệ nhận ưu đãi): ✔Ưu đãi tiền mặt. ✔Hỗ trợ bảo hiểm vật chất xe. ✔Tặng gói phụ kiện nâng cấp.   5/Vay vốn linh hoạt: ✔Tỷ lệ vay đến 80 - 90% tổng giá trị xe. ✔Tối đa 96 tháng. ✔Hỗ trợ hồ sơ thủ tục nhanh chóng. Liên hệ ngay để được Ưu đãi tốt nhất từng thời điểm.
3b54bfb0-282c-4e53-8352-e6af7cd4a6cc,oto.com.vn,https://oto.com.vn/mua-ban-xe-toyota-corolla-cross-ha-noi/gia-tot-nhat-ho-tro-85-giao-xe-ngay-tang-kem-qua-tang-dac-biet-aidxm22391630,1656843391.184775,https://img1.oto.com.vn/crop/575x430/2022/03/22/20220322135234-f9ae_wm.jpg,toyota corolla cross 1.8 g,746000000.0,857900000.0,2022,suv,mới,nhập khẩu,hà nội,, tự động,xăng,"Toyota Corolla Cross giá tốt nhất Hà Nội - Hỗ trợ 85%, giao xe ngay các phiên bản, tặng kèm quà tặng đặc biệt. Giá xe Toyota Cross 2022. - Toyota Cross G 2021: 746.000.000 VNĐ. - Toyota Cross V 2021: 846.000.000 VNĐ. - Toyota Cross HV 2021: 936.000.000 VNĐ. Ưu đãi dành tặng quý khách mua xe trong tháng này: - Vay 85 % giá trị xe. - Thời gian vay: 7 - 8 năm. - Lãi suất: 0,4 - 0,7%. - Hồ sơ vay đơn giản, không chứng minh thu nhập. Xử lí nhanh hồ sơ xấu. - Thời gian làm thủ tục: 2 - 3 ngày là nhận xe. - Giao xe tận nhà, hỗ trợ lái thử miễn phí. Và còn rất nhiều phần quà khủng dành tặng quý khách kí xe tháng 6 chỉ có tại Toyota Hà Đông. Hotline: 0896696862."
57832fac-02d9-4f96-be90-a02dde000f69,oto.com.vn,https://oto.com.vn/mua-ban-xe-mitsubishi-xpander-tay-ninh/all-new-giao-ngay-du-mau-tang-phu-kien-gia-tot-nhat-mien-nam-aidxm22521938,1656843391.217344,https://img1.oto.com.vn/crop/575x430/2022/06/15/20220615091236-e7e5_wm.jpg,mitsubishi xpander at premium,648000000.0,716600000.0,2022,mpv,mới,nhập khẩu,tây ninh,, tự động,xăng,"Mitsubishi Ô Tô Sài Gòn Tây Ninh chuyên phân phối các dòng xe mitsubishi Xpander All  New chính hãng 2022 liên hệ em Trực để là vị khách may mắn nhận được chương trình giá tốt có xe ngay, sở hữu nhiều phần quà hấp dẫn. Hotline/Zalo: Mr Trực 0903830839. Giá niêm yết. - Mitsubishi Xpander MT: 555 (tr đồng). - Mitsubishi Xpander AT: 588 (tr đồng). - Mitsubishi Xpander AT Premium: 648 (tr đồng) Giao ngay tháng 06: - Tặng full phụ kiện - Quà tặng theo xe. Liên hệ ngay. Tư vấn xe nhiệt tình. Cập nhật chương trình theo tháng sớm nhất đến khách hàng. Hỗ trợ đăng ký, đăng kiểm xe. Liên hệ ngay em Trực để có xe ngay và quà tặng full theo xe. Giá tốt nhất miền Nam. Hotline: Mr Trực_ Mitsubishi Ô Tô Sài Gòn Tây Ninh: 0903830839."
646adc15-0ab9-4dc2-b391-fb78bbd12494,oto.com.vn,https://oto.com.vn/mua-ban-xe-honda-cr-v-ha-noi/uu-dai-cuc-khung-giam-gia-tien-mat-sock-bo-phu-kien-chinh-hang-xu-ly-ca-ho-so-kho-aidxm22537539,1656843391.273553,https://img1.oto.com.vn/crop/575x430/2022/06/27/20220627085851-eb8f_wm.jpg,honda cr v 1.5 l,1118000000.0,1275000000.0,2022,suv,mới,trong nước,hà nội,, tự động,xăng,"Honda CR-V 2022 - Honda CRV 2022 ưu đãi lớn, full PK, lãi suất 0%, hỗ trợ nợ xấu, giá tốt nhất miền Bắc.   Honda CR-V chưa khi nào hạ nhiệt, độc quyền ưu đãi lớn nhất lên đến gần 140tr đồng: - Hỗ trợ vay lên đến 90%. - Thời gian vay tối đa lên tới 8 năm. - Hỗ trợ ""đổi cũ lấy mới"" giá cao + tặng thêm đến 30 triệu. - Bảo hành 5 năm, miễn phí cứu hộ 24/7. - Hỗ trợ chứng minh thu nhập. - Tất toán bất cứ khi nào có tài chính. Lãi suất trừ dần đều. Vui lòng liên hệ với các đại lý Honda An Khánh để có thông tin chi tiết nhất."
cc5edfa9-e158-42c9-9fb1-84ab8b2140aa,oto.com.vn,https://oto.com.vn/mua-ban-xe-toyota-corolla-cross-ha-noi/san-xe-giao-ngay-gia-tot-tang-bo-phu-kien-chinh-hang-bao-ho-so-kho-aidxm22542498,1656843391.443621,https://img1.oto.com.vn/crop/575x430/2022/07/01/20220701103635-3876_wm.jpg,toyota corolla cross 1.8 g,746000000.0,857900000.0,2022,suv,mới,nhập khẩu,hà nội,cầu giấy, tự động,xăng,"Đủ màu sẵn xe giao ngay. - Nhận xe đi ngay từ 150.000.000 đồng. - Bảo hành 5 năm, miễn phí cứu hộ 24/7. - Tặng bộ phụ kiện chính hãng. Đặc biệt: Chương trình đặt hàng trước cho khách hàng đặt xe trong tháng 07/2022: Tặng phiếu bảo dưỡng 1 năm hoặc 20.000 km(Tùy theo điều kiện nào đến trước).   Khi quý khách hàng làm việc với em Sơn 0936647638 (call/ zalo) quý khách còn được hưởng thêm các quyền lợi sau: - Đăng kí đăng kiểm thuận tiện, tránh biển xấu, lựa chọn màu xe theo mệnh. - Hỗ trợ trả góp từ 85 - 90% giá trị xe. - Hỗ trợ chứng minh thu nhập, xử lí hồ sơ xấu nhanh gọn. - Hỗ trợ thu cũ đổi mới giá tốt. - Tư vấn tận tâm - chuyên nghiệp. - Hỗ trợ giao xe tận nhà. - Dịch vụ hậu mãi chu đáo. - Khuyến mãi tốt nhất khu vực.   Bảng giá xe Toyota Corolla Cross 2022 mới nhất: 1. Corolla Cross 1.8 Hybird: 936.000.000₫. 2. Corolla Cross 1.8 V: 846.000.000₫. 3. Corolla Cross 1.8 G: 746.000.000₫. Màu Trắng ngọc trai: +8.000.000₫. Số lượng có hạn - Giao xe ngay đủ màu chỉ có tại đại lý chính hãng Toyota Thăng Long. Tư vấn bán hàng Mr Sơn: 0936647638. Toyota Thăng Long hân hạnh hỗ trợ quý khách hàng. Địa chỉ: 316 Đ. Cầu Giấy, Dịch Vọng, Cầu Giấy, Hà Nội."
811b6581-778f-4830-94d4-53142d5fd7f8,oto.com.vn,https://oto.com.vn/mua-ban-xe-vinfast-lux-a20-ha-noi/cuc-hot-ap-dung-3-voucher-chi-99-trieu-nhan-xe-ngay-uu-dai-khung-thang-7-toi-600tr-giam-tien-truc-tiep-du-mau-du-phien-ban-aidxm22510015,1656843391.463245,https://img1.oto.com.vn/crop/575x430/2022/06/08/20220608082508-04f0_wm.jpg,vinfast lux a2.0 tiêu chuẩn,881000000.0,1009000000.0,2022,sedan,mới,trong nước,hà nội,nam từ liêm, tự động,xăng,"Vinfast Lux A2.0 Turbo 2022 - Ưu đãi lên đến 600tr. - Lăn bánh tỉnh chỉ từ 6xx triệu. - Ưu đãi 100% lệ phí trước bạ. - Giảm 10 % giá xe khi trả thẳng. - Áp dụng cùng lúc 3 voucher Vinhomes. - Bảo hành 10 năm, cứu hộ miễn phí 24/7, gửi xe miễn phí 6h tại TTTM Vincom. - Hỗ trợ thủ tục trả góp, bao nợ xấu. - Hỗ trợ ký hợp đồng, giao xe tận nhà.   Giá bán lẻ Lux A2.0 chỉ từ: 881.000.000 VNĐ. Vinfast Thăng Long - Liên hệ: Mr. Cường. Điện thoại/Zalo: 0984392101."
378cc4b6-91f5-4722-ab02-435282f688fe,oto.com.vn,https://oto.com.vn/mua-ban-xe-toyota-yaris-bac-giang/gia-370tr-aidxc22530646,1656843392.135703,https://img1.oto.com.vn/crop/575x430/2022/06/21/20220621161159-b937_wm.jpg,toyota yaris,370000000.0,378400000.0,2012,hatchback,cũ,nhập khẩu,bắc giang,, tự động,,"⁃ Bán xe Toyota Yaris màu đỏ sx 2012 bản Thái. ⁃ Odo 113387km, giá 370tr ạ. ⁃ Xem xe tại Hà Nội. ⁃ Quý khách có nhu cầu vui lòng liên hệ để được tư vấn trực tiếp."
72dbb331-aeba-45d5-84b2-0f5173c4fddb,oto.com.vn,https://oto.com.vn/mua-ban-xe-toyota-corolla-cross-ha-noi/du-mau-trong-thang-nhieu-uu-dai-voi-goi-phu-kien-cao-cap-va-1-nam-bhvc-aidxm22533308,1656843392.170862,https://img1.oto.com.vn/crop/575x430/2022/06/02/20220602092141-8cfe_wm.jpeg,toyota corolla cross 1.8 g,746000000.0,857900000.0,2022,suv,mới,nhập khẩu,hà nội,hà đông, tự động,xăng,"Toyota Corolla Cross 2022.   Bán xe Toyota Chuẩn giá - Cam kết Thời gian giao xe-Luôn có hỗ trợ đặc biệt cho khách hàng gọi điện - Tối ưu hóa tài chính khi mua xe.   Toyota Cross-Mẫu xe bán chạy nhất Việt Nam dù giá lên tới cả tỷ đồng bởi vì: - Công nghệ an toàn BSM, RCTA cảnh báo điểm mù, cảm biến quanh xe. - Thiết kế bắt mắt, không gian rộng rãi, phụ kiện được trang bị tỉ mỉ. - Động cơ làm nên thương hiệu của Toyota Corolla: 1.8 VVTI. - Tiện ích đầy đủ với một mẫu xe hiện đại: Đèn auto, điều hòa auto, cửa gió điều hòa sau. - Khung gầm thế hệ mới TNGA mang lại sự chắc chắn và an toàn rất cao.   Màu xe đang phân phối: Trắng - Đỏ - Đen - Xám cùng nội thất tùy chọn: Nâu đỏ và đen. Xem xe: Hà Nội. Gọi ngay để đặt xe! Gói phụ kiện và bảo hiểm kèm theo xe. - Thảm sàn. - Dán phim cách nhiệt. - Camera hành trình. - Phủ gầm cao cấp. - Bảo hiểm vật chất 1 năm.   Đóng thuế trước bạ, đăng ký, đăng kiểm và giao xe tại nhà!   Liên hệ trực tiếp: Vũ LC-Toyota Hà Đông- Đại diện Kinh doanh."
a86ddbbf-afde-4484-88a0-3e792d264365,oto.com.vn,https://oto.com.vn/mua-ban-xe-audi-q8-ha-noi/sieu-luot-600-cay-nhu-xe-moi-dap-hop-aidxc22545335,1656843392.231894,https://img1.oto.com.vn/crop/575x430/2022/07/03/20220703164331-8aef_wm.jpeg,audi q8 55 tfsi quattro,5050000000.0,5171000000.0,2021,,cũ,nhập khẩu,hà nội,bắc từ liêm, tự động,xăng,"-Bán xe Audi Q8 S-Line siêu siêu lướt 600km như xe mới đập hộp
-Màu đen nội thất nâu da bò
-Xe sản xuất 2021 model 2022
-Nhập khẩu chính hãng, bảo hành hãng 3 năm
-Option full với những trang bị hiện đại
Hiện tại hãng không có xe, GID với chiếc xe siêu siêu lướt như mới tinh giao ngay đến quý khách hàng
Mọi chi tiết xin liên hệ HOTline để biết thêm thông tin, giá cả thương lượng"
5468d51c-0f63-4e0e-b097-28b0085b2062,oto.com.vn,https://oto.com.vn/mua-ban-xe-honda-city-hcm/uu-dai-khung-du-mau-giao-ngay-sg-aidxm22539725,1656843392.262065,https://img1.oto.com.vn/crop/575x430/2022/06/28/20220628173219-53da_wm.jpg,honda city 1.5 l,569000000.0,648200000.0,2022,sedan,mới,trong nước,thành phố hồ chí minh,tân bình, tự động,xăng,1/ Honda City với 2 phiên bản L - RS khuyến mãi hấp dẫn - đủ màu - giao ngay.   2/ Chỉ từ 86 triệu nhận xe ngay (liên hệ để tính phí ra biển số từng địa phương).   3/ Cập nhật báo giá: (liên hệ nhận ưu đãi). ✔City L: 569 triệu. ✔City RS: 599 triệu.   4/ Nhận đặt xe & tư vấn khuyến mãi (liên hệ nhận ưu đãi): ✔Ưu đãi tiền mặt. ✔Hỗ trợ bảo hiểm vật chất xe. ✔Tặng gói phụ kiện nâng cấp.   5/ Vay vốn linh hoạt: ✔Tỷ lệ vay đến 80 - 90% tổng giá trị xe. ✔Tối đa 96 tháng. ✔Hỗ trợ hồ sơ thủ tục nhanh chóng. Liên hệ ngay để được Ưu đãi tốt nhất từng thời điểm.
ccbe04df-425b-45fd-b958-0acaa5af975f,oto.com.vn,https://oto.com.vn/mua-ban-xe-honda-cr-v-ba-ria-vung-tau/bao-gia-toan-quoc-san-xe-giao-ngay-giam-tien-mat-truc-tiep-tang-phu-kien-hap-dan-aidxm22501742,1656843392.39001,https://img1.oto.com.vn/crop/575x430/2022/06/03/20220603113635-a8b8_wm.jpg,honda cr v 1.5 l,1058000000.0,1168000000.0,2022,suv,mới,trong nước,bà rịa vũng tàu,vũng tàu, tự động,xăng,"Honda CR-V khai phá giác quan thứ 6. Honda CR-V Cuốn hút và mạnh mẽ trong từng chuyển động với động cơ 1.5L Vtec Turbo, tiện nghi và cao cấp với thiết kế 7 chỗ, kết hợp cùng với hệ thống công nghệ hỗ trợ lái xe an toàn tiên tiến Honda Sensing, Honda CR-V khai phóng mọi giác quan của bạn, để bạn tự tin tận hưởng trên mọi hành trình. Tháng 06 này khách hàng mua xe CRV, liên hệ em Hằng: 0969308826, Zalo: 0355277165 để là 100 khách hàng đầu tiên mua được với giá tốt nhất, cùng quà tặng phụ kiện full theo xe, giảm tiền mặt lên đến 30tr. Tư vấn xe nhiệt tình. Vay tối đa 80%. Hỗ trợ đăng ký, đăng kiểm xe. Cập nhật chương trình khuyến mãi sớm nhất đến khách hàng. Địa chỉ xem xe: Số 2 Lê Đức Thọ, Phường Mai Dịch, Quận Cầu Giấy. Honda Ô Tô Mỹ Đình hân hạnh được phục vụ."
63c2ae4c-3ebd-4e87-b2c0-32bb9e0e96b1,oto.com.vn,https://oto.com.vn/mua-ban-xe-toyota-fortuner-hcm/gia-tot-nhat-ho-chi-minh-xe-san-giao-ngay-ho-tro-vay-85-gia-tri-xe-aidxm22540899,1656843392.415787,https://img1.oto.com.vn/crop/575x430/2022/06/29/20220629160102-9260_wm.jpg,toyota fortuner 2.4g 4x2,1107000000.0,1240000000.0,2022,suv,mới,trong nước,thành phố hồ chí minh,thủ đức, tự động,diesel,"Toyota Đông Sài Gòn xin gửi đến Quý Khách hàng chương trình bán hàng cam kết chất lượng - uy tín Miền Nam. - Toyota Fortuner 2.4 G 4x2 MT (số sàn, máy dầu): 1.015.000.000 vnđ. - Toyota Fortuner 2.4 G 4x2 AT (tự động, máy dầu): 1.107.000.000 vnđ. - Toyota Fortuner 2.4 Legender 4x2 AT (dầu): 1.248.000.000 vnđ. - Toyota Fortuner 2.8 G 4x4 AT (dầu 2 cầu): 1.423.000.000 vnđ. - Toyota Fortuner 2.8 Legender 4x4 AT (dầu 2 cầu): 1.459.000.000 vnđ. - Toyota Fortuner 2.7 G 4x2 AT (xăng): 1.187.000.000 vnđ. - Toyota Fortuner 2.7 G 4x4 AT (xăng 2 cầu): 1.277.000.000 vnđ. Ưu đãi dành tặng quý khách mua xe trong tháng này: - Hỗ trợ vay 85% giá trị xe. - Thời gian vay: 7 năm. - Lãi suất: 0,6%. - Hồ sơ vay đơn giản, không chứng minh thu nhập. Xử lí nhanh hồ sơ xấu. - Thời gian làm thủ tục: 2 - 3 ngày là nhận xe. - Giao xe tận nhà, hỗ trợ lái thử miễn phí. Liên hệ em ngay để được hỗ trợ tư vấn nhận xe sớm nhất. SĐT/Zalo: 0866866751 (Sơn) - Toyota Đông Sài Gòn. Địa chỉ: 507 Xa Lộ Hà Nội, Phường An Phú, Quận 2, TPHCM."
55d25071-7e61-43e0-93ec-ce9de0b76ca0,oto.com.vn,https://oto.com.vn/mua-ban-xe-hyundai-grand-i10-ha-noi/giao-xe-ngay-ho-tro-100-thu-tuc-nhan-xe-tang-pk-chinh-hang-aidxm22538287,1656843392.476454,https://img1.oto.com.vn/crop/575x430/2021/12/22/20211222131734-a2bd_wm.jpg,hyundai grand i10 hatchback 1.2,370000000.0,436700000.0,2022,hatchback,mới,trong nước,hà nội,, tự động,xăng,"Giá trong bài viết chỉ mang tính tham khảo vui lòng liên hệ trực tiếp người bán để được báo giá chính xác nhất,. Cảm ơn tất cả quý khách hàng đã tin tưởng và ủng hộ! Mua bán Hyundai Grandi10. Rước all new Grand i10 ngay thôi - ưu đãi hot lên đến 45 triệu đồng (*). Là hiện thân cho phong cách thời trang táo bạo và sở hữu hàng loạt các giải thưởng danh giá về thiết kế, chất lượng,... All New Grand i10 chính là mảnh ghép xứng tầm cho những chủ nhân cá tính. Đừng bỏ lỡ loạt ưu đãi khủng từ Hyundai Miền Nam: Giảm giá trực tiếp 30 triệu đồng tiền mặt. Tặng gói phụ kiện cao cấp trị giá 15 triệu đồng. Tặng gói bảo dưỡng miễn phí 1 năm/20.000km. Tặng gói vệ sinh khử khuẩn buồng lạnh, vệ sinh kim phun, buồng đốt. Còn chờ gì mà không rước All New Grand i10 ngay thôi! Hotline tư vấn xe 24/7: 0946686066. Đặc biệt Trong tháng 7/2022 khi làm việc với em Trưởng Hyundai Hà Đông: 0946686066 quý khách hàng nhận ngay quà tặng riêng từ Em. - Tặng 1 năm rửa xe miễn phí. - Bảo dưỡng tổng thể 13 hạng mục chuyên sâu. - Thay dầu tiêu chuẩn. - Đánh bóng xe. - Wax bóng sơn xe... Giá trong bài viết chỉ mang tính tham khảo vui lòng liên hệ trực tiếp người bán để được báo giá chính xác nhất. Cảm ơn tất cả quý khách hàng đã tin tưởng và ủng hộ."
64958869-0647-4cd8-b199-b17baaa1f8aa,oto.com.vn,https://oto.com.vn/mua-ban-xe-toyota-yaris-vinh-phuc/xe-nhap-khau-nguyen-chiec-aidxc22530642,1656843392.501764,https://img1.oto.com.vn/crop/575x430/2022/06/21/20220621160943-6126_wm.jpg,toyota yaris,370000000.0,378400000.0,2012,hatchback,cũ,nhập khẩu,vĩnh phúc,, tự động,,"Bán xe Toyota Yaris màu đỏ sx 2012 bản Thái. Odo 113387km, giá 370tr ạ. Xem xe tại Hà Nội. Quý khách có nhu cầu vui lòng liên hệ để được tư vấn trực tiếp."
18a06be2-a1bf-4533-8989-23f6fcf3edd2,oto.com.vn,https://oto.com.vn/mua-ban-xe-hyundai-santa-fe-ha-noi/km-nguyen-ban-co-ho-tro-tra-gop-aidxc22538304,1656843392.526463,https://img1.oto.com.vn/crop/575x430/2022/06/27/20220627161912-f734_wm.jpg,hyundai santa fe 2.2l (máy dầu) cao cấp,1510000000.0,1560000000.0,2021,suv,cũ,trong nước,hà nội,cầu giấy, tự động,diesel,"Giá nay chỉ còn 1.510 triệu. Lợi thế: - Chỉ cần khoảng 500 triệu tiền mặt là lái xe về, còn lại trả dần! - Khuyến khích các bạn mang xe đến đại lý chính hãng để kiểm tra chất lượng cho minh bạch, an tâm! Tự tin cam kết (có ký nhận văn bản). 1. Động cơ, hộp số nguyên bản (không đâm đụng, không ngập nước... ). 2. Hợp pháp lý (không tranh chấp, không cầm cố, không phạt nguội). 3. Trả góp (lãi suất tốt nhất; Thủ tục nhanh). 4. Chân thành tư vấn tất cả vấn đề cả sau khi nhận xe! Gọi ngay số điện thoại phía dưới để xem xe và lái thử."
483c7015-f9bd-42ef-b5e0-fedcac4be5c6,oto.com.vn,https://oto.com.vn/mua-ban-xe-ford-ranger-hcm/gia-dinh-chinh-chu-su-dung-bien-so-thanh-pho-aidxc22530653,1656843392.557077,https://img1.oto.com.vn/crop/575x430/2022/06/21/20220621161643-92d4_wm.jpg,ford ranger wildtrak 3.2 4x4,705000000.0,719200000.0,2015,pick-up truck,cũ,nhập khẩu,thành phố hồ chí minh,tân bình, tự động,diesel,"Ford Ranger Wildtrak 3.2L 4x4 Nhập thái 2 cầu số tự động. - Bảng đủ full option, biển số Tp. HCM. - Bảo dưỡng hãng đầy đủ. - Phanh tự động, gạt mưa tự động, đèn tự động, 2 cầu điện, tay lái trợ lực điện, ghế chỉnh điện, điều hòa tự động. - Cam kết không đâm đụng ngập nước, động cơ nguyên bản chưa qua sửa chữa."
c3810414-7a83-4536-901d-da660234ba3b,oto.com.vn,https://oto.com.vn/mua-ban-xe-ford-ranger-hcm/1-xe-moi-duy-nhat-giao-ngay-thang-06-aidxm22533542,1656843392.591283,https://img1.oto.com.vn/crop/575x430/2022/06/23/20220623160902-a0fc_wm.jpg,ford ranger xls 2.2 4x2,662000000.0,704800000.0,2022,pick-up truck,mới,trong nước,thành phố hồ chí minh,tân phú, tự động,diesel,Hỗ trợ làm hồ sơ ngân hàng. Bảo hành chính hãng. Phụ kiện ưu đãi tốt. Quý khách có nhu cầu vui lòng liên hệ để được tư vấn trực tiếp.
c8cb2389-d560-4862-b79f-4d80b06da508,oto.com.vn,https://oto.com.vn/mua-ban-xe-ford-explorer-ha-noi/xe-sieu-moi-aidxc22495548,1656843392.65698,https://img1.oto.com.vn/crop/575x430/2022/05/29/20220529111541-34ed.jpeg,ford explorer 2.3l ecoboost,1880000000.0,1938000000.0,2020,suv,cũ,nhập khẩu,hà nội,hoàng mai, tự động,xăng,"Mình bán xe Explorer đăng ký 7/2020, chạy chuẩn 2,5 vạn km bao check hãng, biển Hà Nội chính chủ nữ doanh nhân. Xe trang bị rất cao cấp: Ghế massage, sưởi ấm và làm mát ghế, tự động ghép chuồng, camera 180 siêu nét, phanh khoảng cách, giữ làn đường tự động, ghế gập điện, đá cốp, pha Led, mở cửa bằng mật khẩu, nửa nóc đôi, dẫn động 4 bánh, nhiều chế độ lái, âm thanh đỉnh cao của Sony, hệ điều hành tiếng việt, bản đồ Việt Nam, giải trí carplay.... Vận hành quá êm ái, chất lượng gần như xe mới tinh."
6e795997-fd8b-43d3-91f8-6940c02cd58a,oto.com.vn,https://oto.com.vn/mua-ban-xe-toyota-vios-ha-noi/mau-den-cuc-chat-aidxc22530667,1656843392.802796,https://img1.oto.com.vn/crop/575x430/2022/06/21/20220621162016-2fb5_wm.jpg,toyota vios 1.5 e cvt,505000000.0,535100000.0,2020,sedan,cũ,trong nước,hà nội,nam từ liêm, tự động,xăng,"Toyota Sure chào bán: Vios E CVT 2020 màu đen giá tốt. - Xe đã được bảo hành chính hãng, cam kết không đâm đụng, không bổ máy, không ngập nước, không phạt nguội. - Xe trang bị: Số tự động, máy xăng, dẫn động một cầu. - Phụ kiện: Ghế da, dán kính, trải sàn, màn hình. - Hỗ trợ tài chính lãi suất hấp dẫn nhất. - Trả góp toàn quốc. Hotline: 0934891515 (zalo 24/7) để có giá tốt nhất."
8b81626d-3162-4f4a-bb2a-23bbc475cb33,oto.com.vn,https://oto.com.vn/mua-ban-xe-hyundai-accent-ha-noi/chi-100tr-nhan-xe-ngay-san-xe-giao-ngay-ho-tro-tra-gop-85-lai-thu-giao-xe-tan-nha-aidxm22538324,1656843392.854725,https://img1.oto.com.vn/crop/575x430/2022/06/27/20220627162023-e23b_wm.jpg,hyundai accent 1.4mt,422000000.0,495000000.0,2022,sedan,mới,trong nước,hà nội,hà đông, tay,xăng,"Hyundai Accent 1.4MT 2022 - Chỉ 100tr nhận xe ngay, sẵn xe giao ngay, hỗ trợ trả góp 85%, lái thử, giao xe tận nhà - Tặng gói phụ kiện chính hãng. - Mua xe trả góp chỉ cần đưa trước 100 triệu đồng. - Lãi suất ưu đãi 0.69%/tháng. - Hỗ trợ thủ tục đăng ký đăng kiểm xe, thủ tục tham gia hợp tác xã, mở tài khoản gọi xe thông minh. - Tư vấn lắp đặt phụ kiện miễn phí cho quý khách hàng. Hỗ trợ vay tối đa 85% giá trị xe. Lãi suất chỉ từ 0,74% 1 tháng. Hồ sơ nhanh gọn không cần chứng minh. Vay tối đa 84 tháng. Giảm ngay tiền mặt và tặng gói phụ kiện khi gọi hotline  Đặc biệt trong tháng 7/2022 khi làm việc với em Trưởng Hyundai Hà Đông: 0946686066 quý khách hàng nhận ngay quà tặng riêng từ em. - Tặng 1 năm rửa xe miễn phí. - Bảo dưỡng tổng thể 13 hạng mục chuyên sâu. - Thay dầu tiêu chuẩn. - Đánh bóng xe. - Wax bóng sơn xe... Giá trong bài viết chỉ mang tính tham khảo vui lòng liên hệ trực tiếp người bán để được báo giá chính xác nhất. Cảm ơn tất cả quý khách hàng đã tin tưởng và ủng hộ."
018271c1-36a0-4729-8d47-a1b33d237dc2,oto.com.vn,https://oto.com.vn/mua-ban-xe-peugeot-2008-binh-duong/tang-01-nam-bao-hiem-vat-chat-coupon-10000000-aidxm22530691,1656843392.883272,https://img1.oto.com.vn/crop/575x430/2022/06/21/20220621162600-a449_wm.jpg,peugeot 2008 gt line,849000000.0,937200000.0,2022,suv,mới,trong nước,bình dương,thủ dầu một, tự động,xăng,"Peugeot 2008 - Bộ 3 SUV thế hệ mới.   Giá bán. - Peugeot 2008 AT: 769 triệu đồng. - Peugeot 2008 GT-Line: 849 triệu đồng.   Tính năng. - Cần số điện tử sang trọng. - Cảnh báo áp suất lốp. - Giới hạn tốc độ & điều khiển hành trình Cruise Control. - Phanh an toàn chủ động. - Hỗ trợ giữ làn đường. - Hệ thống nhận diện biển bảo tốc độ. - Nhắc nhở người lái tập trung. - Cảnh báo điểm mù. - 12 cảm biến trước + sau.   Khuyến mãi. - Bảo hành 05 năm hoặc 150.000km. - Bệ bước chân. - Bảo hiểm vật chất xe 01 năm. - Coupon dịch vụ 5.000.000 (quy đổi). - Coupon mua xe máy Django 5.000.000 (quy đổi). - Phim cách nhiệt Llumar Mỹ. - Thảm lót chân chính hãng Peugeot. - Lót cốp nhựa. - Dù che mưa chính hãng Peugeot. - Xăng giao xe.   Hỗ trợ. - Tư vấn và lái thử 24/7. - Trả góp ngân hàng lên đến 80% giá trị xe tối đa 8 năm. - Hỗ trợ lái thử, kí hợp đồng tại nhà.   Liên hệ. Liên hệ em Hoa 0766577539 để được hỗ trợ. Showroom chính hãng Peugeot Bình Dương."
4dc5ad8c-a25d-4a18-92ba-f5bd623e6124,oto.com.vn,https://oto.com.vn/mua-ban-xe-mercedes-benz-c200-ha-noi/bien-aidxc22537954,1656843392.909385,https://img1.oto.com.vn/crop/575x430/2022/06/29/20220629165132-b9a1.jpg,mercedes benz c200 2.0,959000000.0,998200000.0,2016,sedan,cũ,trong nước,hà nội,cầu giấy, tự động,xăng,Mercedes-Benz C200 sản xuất 2016. Xe tên cá nhân biển Hà Nội. Chất lượng khỏi bàn. Xe đi cực ít 48.000km. Test thoải mái. Hỗ trợ ngân hàng.
b89a16cd-b84f-444a-a171-6056425fb20e,oto.com.vn,https://oto.com.vn/mua-ban-xe-ford-everest-ha-noi/sale-cham-day-khuyen-mai-lon-nhat-trong-nam-aidxm22525688,1656843393.343745,https://img1.oto.com.vn/crop/575x430/2022/06/17/20220617161638-7873_wm.jpg,ford everest titanium 2.0 at 4x2,1193000000.0,1359000000.0,2022,suv,mới,nhập khẩu,hà nội,bắc từ liêm, tự động,diesel,"Ford Hà Thành thân mời Quý khách hàng đến tham gia chương trình trải nghiệm dòng xe Ford Everest. THỜI GIAN & ĐỊA ĐIỂM. - Sự kiện được tổ chức vào lúc: 8: 00 đến 12: 00 ngày 22/6/2022. - Tại showroom ford hà thành: Số 2 tôn thất thuyết, mỹ đình, từ liêm, hà nội. Nội dung chương trình. - Trải nghiệm, lái thử các dòng xe ford everest. Nhận về muôn vàn ưu đãi. - 100% khách hàng đến tham dự chương trình đều được nhận những phần quà tri ân đặc biệt. - Tham gia các gameshow của chương trình và nhận về các phần quà điện máy cực kì giá trị. - Hưởng quyền lợi siêu ưu đãi đặc biệt khi khách hàng ký hợp đồng mua xe ngay trong sáng 22/6. - Hỗ trợ mua xe trả góp với lãi suất cực ưu đãi. Còn gì tuyệt vời hơn khi vừa nhâm nhi ly cafe vừa trải nghiệm những tính năng mới của Ford và nhận về rất nhiều phần quà giá trị. Hãy đăng ký tham gia lái thử ngay hôm nay TẠI ĐÂY. Hoặc liên hệ cho chúng tôi để được tư vấn và hỗ trợ nhanh nhất theo số. Hotline: 0988818087 (Ms Hường).   Hà Thành Ford cam kết đem đến khách hàng chất lượng dịch vụ tốt nhất."
4f96ca0e-30ea-4b2b-8508-39cf56280998,oto.com.vn,https://oto.com.vn/mua-ban-xe-toyota-yaris-ha-noi/mau-do-xe-nhap-370-trieu-aidxc22530639,1656843393.683708,https://img1.oto.com.vn/crop/575x430/2022/06/21/20220621160756-aa47_wm.jpg,toyota yaris,370000000.0,397400000.0,2012,hatchback,cũ,nhập khẩu,hà nội,, tự động,,"Bán xe Toyota Yaris màu đỏ sx 2012 bản Thái. Odo 113387km, giá 370tr ạ. Quý khách có nhu cầu vui lòng liên hệ để được tư vấn trực tiếp."
8e7a03b1-92d0-4c4b-a763-2a87532f62fb,oto.com.vn,https://oto.com.vn/mua-ban-xe-ford-everest-hcm/dang-ky-2019-gia-dinh-su-dung-chinh-hang-aidxc22530634,1656843393.757835,https://img1.oto.com.vn/crop/575x430/2022/06/21/20220621160326-ce6d_wm.jpg,ford everest titanium 2.0 at 4x2,1038000000.0,1079000000.0,2018,suv,cũ,nhập khẩu,thành phố hồ chí minh,, tự động,diesel,"Ford Everest Titanium 2018 đk 2019 chính hãng. - Động cơ 2.0L 10AT. - Khởi động nút bấm, mở cửa cảm ứng, đèn tự động, gạt mưa tự động, màn hình giải trí Syn3 + Carplay, cốp điện. - Cam kết không đâm đụng, ngập nước chưa qua sửa chữa. - Bảo hành chính hãng, đã kiểm tra các hạng mục tại Ford."
b85b57b9-a3bc-43e3-813b-fe90b320cfc9,oto.com.vn,https://oto.com.vn/mua-ban-xe-lexus-rx-350-ha-noi/da-len-form-2020-aidxc22525627,1656843393.911132,https://img1.oto.com.vn/crop/575x430/2022/06/17/20220617160318-3ef0_wm.jpeg,lexus rx 350,3280000000.0,3366000000.0,2017,suv,cũ,nhập khẩu,hà nội,bắc từ liêm, tự động,xăng,"Bán xe Lexus RX350 sản xuất 2017, đã lên form 2021 mất mấy trăm triệu. Xe chạy 5v km zin, cực đẹp. Biển HN dễ nhớ, tên cá nhân. Cam kết không đâm đụng, tai nạn, ngập nước. Hỗ trợ bank tối đa."
a7304dde-5048-48dc-9e40-e560f86d4b6b,oto.com.vn,https://oto.com.vn/mua-ban-xe-bmw-116i-ha-noi/dkld-2014-xe-dep-chu-di-giu-gin-bao-check-xe-va-tang-1-the-cham-xe-mien-phi-khi-mua-xe-aidxc22533539,1656843393.975317,https://img1.oto.com.vn/crop/575x430/2022/06/23/20220623161008-0a15_wm.jpg,bmw 116i,599000000.0,631000000.0,2013,hatchback,cũ,nhập khẩu,hà nội,, tự động,xăng,"BMW 116i - sx 2013/đkld 1/2014 máy 1.6tubo 4xylanh hộp số 8 cấp.   Màu cam - đen.   SX 2013 / ĐKLD 2014, biển HN, odo 7,5V đẹp như mới - mua về chỉ việc chạy.   Cam kết chất lượng bằng văn bản. Hỗ trợ vay bank, thủ tục sang tên. Hỗ trợ bao check/test toàn quốc. - -. Giá: 599tr.   Mr Thắng: 0928016666.   Chuyên mua bán ô tô đã qua sử dụng. Chuyên cung cấp ô tô mới các hãng giá tốt nhất thị trường. Thắng Auto. Số 92 trương công giai - Dịch Vọng - Cầu Giấy - Hà Nội (Gần Công Viên Cầu Giấy - Toà nhà FPT). Xe chất-giá đẹp-mua trong tầm tay."
7d470a82-efe9-4811-abab-5be9611a7418,oto.com.vn,https://oto.com.vn/mua-ban-xe-ford-everest-ha-noi/gia-chinh-thuc-nhan-uu-dai-ve-gia-dat-xe-som-se-uu-tien-suat-giao-som-ho-tro-tra-truoc-20-gia-xe-aidxm22543180,1656843394.045333,https://img1.oto.com.vn/crop/575x430/2022/07/01/20220701153429-9948_wm.jpg,ford everest titanium 2.0l at 4wd,1099000000.0,1253000000.0,2022,suv,mới,nhập khẩu,hà nội,cầu giấy, tự động,diesel,"Mua Ford  Everest 2023 ở Hà Nội.  Ford Everest 2023 Hoàn toàn mới đã có giá niêm yết chính thức:   ▪️Everest Ambiente 4x2 6AT 2.0L: 1.099 Tr. ▪️Everest Sport 4x2 6AT 2.0L: 1.166 Tr. ▪️Everest Titanium 4x2 6AT 2.0L: 1.245 Tr. ▪️Everest Titanium+ 4x4 10AT 2.0L: 1.452 Tr. ▪️ Ngoại thất màu Trắng tuyết hoặc Đỏ Cam thêm 7 triệu đồng. ▪️ Nội thất màu Nâu hạt dẻ thêm 7 triệu đồng.   Nhận đặt xe ngay hôm nay.   Thời điểm vàng dể đặt trước và nhận suất xe sớm nhất. - Quyền lợi khách hàng được hưởng sẽ là gì???? + Ưu tiên nhận xe sớm nhất. + Tự do thay đổi màu xe, thay đổi phiên bản. + Nhận được deal tốt nhất đến từ dại lý. + Ngập tràn quà tặng và là khách mời dặc biệt ở lễ ra mắt tại dại lý. + Cam kết giao xe đúng thứ tự đặt cọc. + Hoàn 100% tiền đặt cọc khi các option hoặc giá bán không phù hợp với khách hàng (Cam kết điều khoản trong biên bản). FORD AN ĐÔ. Showroom: Số 168 Phạm Văn Đồng, P Xuân Đỉnh, Q. Bắc Từ Liêm, TP Hà Nội. Hotline: 0904016692 – Phụ trách kinh doanh."
480aa65b-ae23-4ffd-92d6-447693840054,oto.com.vn,https://oto.com.vn/mua-ban-xe-ford-ranger-ha-noi/2-cau-may-dau-chinh-chu-gia-chi-125tr-aidxc22538284,1656843394.085182,https://img1.oto.com.vn/crop/575x430/2022/06/27/20220627160731-c4aa_wm.jpg,ford ranger,125000000.0,127600000.0,2001,pick-up truck,cũ,nhập khẩu,hà nội,, tay,diesel,"Bán xe Ford Ranger sản xuất 2001. Xe 2 cầu, máy dầu. Xe chất, máy móc gầm bệ, nội ngoại thất đại chất, mua về chỉ việc đổ dầu vào là đi. Giá bán: 125 triệu(xem xe Uỷ Ban Nhân Dân xã Thái Hoà, huyện Ba Vì, Hà Nội). Liên hệ: 0835331111 E Dũng."
01f6d41e-ded0-4683-a4aa-386bd712f91e,oto.com.vn,https://oto.com.vn/mua-ban-xe-nissan-terra-ha-noi/xe-gia-dinh-gia-tot-755tr-aidxc22535695,1656843394.107628,https://img1.oto.com.vn/crop/575x430/2022/06/25/20220625101812-06ca_wm.jpg,nissan terra s 2wd 6mt,755000000.0,790100000.0,2019,suv,cũ,nhập khẩu,hà nội,, tay,diesel,"Nissan Terra S số sàn siêu lướt - máy dầu. Sản xuất 2019, nhập khẩu nguyên chiếc. Chạy 5 vạn tư nhân 1 chủ từ mới. Màu đen. Luôn chăm sóc chính hãng. Xe nội thất căng đét, thân vỏ căng đét, gầm bệ đẹp nhức nhối.   ☀Cam kết chất lượng bằng văn bản. ☀Hỗ trợ vay bank, thủ tục sang tên. ☀Hỗ trợ bao check/test toàn quốc. ☀Hỗ trợ trả góp 70-75%, tối đa 6-7 năm. (Không cần chứng minh thu nhập). Chỉ cần có: (30%) là có xe đi.   Mr Thắng: 0928016666.   Chuyên mua bán ô tô đã qua sử dụng. Chuyên cung cấp ô tô mới các hãng giá tốt nhất thị trường. Thắng Auto. Số 92 Trương Công Giai - Dịch Vọng - Cầu Giấy - Hà Nội (gần Công Viên Cầu Giấy - Toà Nhà FPT). Xe chất-giá đẹp-mua trong tầm tay."
f2037f6c-efd1-4feb-8650-1cd1e8bcb6d6,oto.com.vn,https://oto.com.vn/mua-ban-xe-toyota-hilux-ha-noi/xe-nhap-khau-xe-dep-chu-rat-giu-gin-bao-check-xe-va-tang-1-nam-the-cham-xe-mien-phi-khi-mua-xe-aidxc22536186,1656843394.149902,https://img1.oto.com.vn/crop/575x430/2022/06/25/20220625160545-fdf4_wm.jpg,toyota hilux 2.4e 4×2,720000000.0,734600000.0,2019,pick-up truck,cũ,nhập khẩu,hà nội,, tự động,diesel,"Hilux 2019  siêu lướt và chất chơi, hàng hiếm trên thị trường.  Tư nhân chạy 3,9 vạn km, lốp theo xe quá dầy, đủ 5 quả, mới kinh khủng khiếp, Vào full option: Chìa khoá thông minh, cammera 360, màn hình androi 4G, rán kính trải sàn, chụp thùng thấp thái lan, Trần bọc nilon từ mới, full phí đường bộ đến 2023 và bảo hiểm vvv. Đủ 2 chìa khoá theo xe.   Luôn chăm sóc chính hãng. Xe nội thất căng đét, thân vỏ căng đét, gầm bệ đẹp nhức nhối. ☀Cam kết chất lượng bằng văn bản. ☀Hỗ trợ vay bank, thủ tục sang tên. ☀Hỗ trợ bao check/test toàn quốc. ☀Hỗ trợ trả góp 70-75%, tối đa 6-7 năm. (Không cần chứng minh thu nhập). Chỉ cần có: (30%) là có xe đi. - -.   Mr Thắng: 0928016666.   CHUYÊN mua bán ô tô đã qua sử dụng. CHUYÊN cung cấp ô tô mới các hãng giá tốt nhất thị trường. ⚜️. THẮNG AUTO. ⚜️. Số 92 Trương Công Giai - Dịch Vọng - Cầu Giấy - Hà Nội (Gần Công Viên Cầu Giấy - Toà nhà FPT). XE CHẤT-GIÁ ĐẸP-MUA TRONG TẦM TAY."
072603ba-93c8-45ea-8102-c342581437fa,oto.com.vn,https://oto.com.vn/mua-ban-xe-mazda-6-ha-noi/xe-zin-ho-tro-1-nam-xe-tra-gop-len-den-70-aidxc22525416,1656843395.529572,https://img1.oto.com.vn/crop/575x430/2022/06/17/20220617144056-8bf0_wm.jpg,mazda 6 2.5l premium,705000000.0,739100000.0,2017,sedan,cũ,nhập khẩu,hà nội,cầu giấy, tự động,xăng,Mazda 6. ▸ Bản Premium - Sx 2017. ▸ Xe được thay toàn bộ nội thất cao cấp da neban và trần sao 8 màu. ▸ Odo chuẩn 8.8 vạn km. ▸ Xe hãng cam kết chuẩn chỉnh. Chợ Xe Cũ Hà Nội cam kết chất lượng uy tín. - Hỗ trợ trả góp 70%. - Hỗ trợ check xe miễn phí 100%. - Hỗ trợ chăm xe 1 năm nhiều hạng mục. Quan tâm LH: 0946811268 - 0964811268.
b5504b03-da05-4fd9-82cf-6a928471eebd,oto.com.vn,https://oto.com.vn/mua-ban-xe-vinfast-vf-e34-ha-noi/mau-trang-san-xe-aidxm22498747,1656843395.568755,https://img1.oto.com.vn/crop/575x430/2022/06/01/20220601150842-399c_wm.jpg,vinfast vf e34,570000000.0,660700000.0,2022,suv,mới,trong nước,hà nội,, tự động,điện,"VinFast VF e34 2022 Sẵn xe giao ngay, hỗ trợ nợ xấu, lái thử, giao xe tận nhà. Hỗ trợ giao xe sớm nhất Hà Nội. - Tặng gói phụ kiện cao cấp chính hãng..... - Cam kết mua phụ kiện với giá ưu đãi ít nhất 40% so với giá niêm yết. - Hỗ trợ vay ngân hàng 80 - 90%. - Thời gian vay 2-8 năm. - Hỗ trợ đăng ký xe không cần đem xe. - Bao ra biển số vàng nếu xe kinh doanh miễn phí. - Hỗ trợ ""đổi cũ lấy mới"" giá cao tặng thêm đến 30 triệu. - Bảo hành 5 năm, miễn phí cứu hộ 24/7. - Hỗ trợ chứng minh thu nhập. Liên hệ Ms Vĩnh: 0965056226. VF E34 là mẫu xe điện thông minh được trang bị hệ thống công nghệ xu hướng tương lai, mang đến những trải nghiệm ưu việt. Liên hệ Ms Vĩnh: 0965056226."
37545903-7b20-4056-92a4-768f132bfd1f,oto.com.vn,https://oto.com.vn/mua-ban-xe-toyota-land-cruiser-ha-noi/xe-sang-bao-zin-chat-luong-check-thoai-mai-ho-tro-tra-gop-70-aidxc22525439,1656843395.609222,https://img1.oto.com.vn/crop/575x430/2022/06/17/20220617150843-8275_wm.jpg,toyota land cruiser 300,5950000000.0,6089000000.0,2021,suv,cũ,nhập khẩu,hà nội,cầu giấy, tự động,xăng,"Toyota Land Cruiser LC 300 2021. ▸ Xe đẹp bao zin. ▸ Cam kết không đâm đụng, chất lượng như mới. ▸ Odo chuẩn 2.2 vạn km. ▸ Xe hãng cam kết chuẩn chỉnh. Chợ Xe Cũ Hà Nội cam kết chất lượng uy tín. - Hỗ trợ trả góp 70%. - Hỗ trợ check xe miễn phí 100%. - Hỗ trợ chăm xe 1 năm nhiều hạng mục. Quan tâm LH: 0946811268 - 0964811268."
89c2f39e-7e4d-4cfd-b525-0ff5d433db8f,oto.com.vn,https://oto.com.vn/mua-ban-xe-hyundai-elantra-ha-noi/do-aidxc22540819,1656843395.754618,https://i3.ytimg.com/vi/RTxyjD53e8k/hqdefault.jpg,hyundai elantra gls 2.0,675000000.0,708500000.0,2020,sedan,cũ,trong nước,hà nội,cầu giấy, tự động,,"Tứ Quý Auto hiện đang bán xe Hyundai Elantra 2.0AT 2020 - Đỏ. Xe đăng kí tên tư nhân 1 chủ từ đầu - Cực đẹp - Odo zin 25.000 km. Xe trang bị gồm: Start/stop, màn hình, cam lùi, cảm biến, vô lăng tích hợp điều khiển, túi khí an toàn, điều hòa, cửa nóc, gương gập điện, ghế điện, giải trí CD/MP3/Radio, kết nối ngoại vi,.. Cùng nhiều tiện nghi khác. Cam kết với khách hàng bằng văn bản khi mua xe tại Tứ Quý: - Cam kết xe nguyên bản không đâm đụng, ngập nước. - Nhiều chế độ bảo hành và hậu mãi. - Hỗ trợ mọi thủ tục vay vốn, sang tên, lãi suất ưu đãi. Uy tín là sự sống còn của chúng tôi! #Otocheck. Oto.com.vn trợ giá 100% gói kiểm tra 8 hạng mục lớn của xe trước mua bán tai hơn 30 cơ sở đối tác cho khách hàng xem xe trên website. #Otocare. Oto.com.vn đồng hành chăm xe 01 năm tại các đối tác chuyên nghiệp, đa dạng ngành: Bảo dưỡng - sửa chữa, spa - làm đẹp, phụ kiện... Cho khách hàng mua xe thành công trên website."
36e1d0e8-e619-41c9-bcb0-e2533c5b8242,oto.com.vn,https://oto.com.vn/mua-ban-xe-toyota-camry-hcm/gia-tot-nhat-ho-chi-minh-xe-san-giao-ngay-ho-tro-vay-85-gia-tri-xe-aidxm22540841,1656843395.809025,https://img1.oto.com.vn/crop/575x430/2022/06/29/20220629152847-8b33_wm.jpg,toyota camry 2.5q,1370000000.0,1529000000.0,2022,sedan,mới,nhập khẩu,thành phố hồ chí minh,thủ đức, tự động,xăng,"Toyota Camry giá tốt nhất Hồ Chí Minh - Hỗ trợ vay 85%, giao xe ngay các phiên bản, tặng kèm quà tặng đặc biệt. Giá xe Toyota Camry 2022: - Toyota Camry 2.0G: 1.070.000.000 VNĐ. - Toyota Camry 2.0Q: 1.185.000.000VNĐ. - Toyota Camry 2.5Q: 1.370.000.000VNĐ. - Toyota Camry 2.5HV: 1.460.000.000VNĐ. Ưu đãi dành tặng quý khách mua xe trong tháng này: - Hỗ trợ vay 85% giá trị xe. - Thời gian vay: 7 năm. - Lãi suất: 0,6%. - Hồ sơ vay đơn giản, không chứng minh thu nhập. Xử lí nhanh hồ sơ xấu. - Thời gian làm thủ tục: 2 - 3 ngày là nhận xe. - Giao xe tận nhà, hỗ trợ lái thử miễn phí. Liên hệ em ngay để được hỗ trợ tư vấn nhận xe sớm nhất. SĐT/Zalo: 0866866751 (Sơn) - Toyota Đông Sài Gòn. Địa chỉ: 507 Xa Lộ Hà Nội, Phường An Phú, Quận 2, TPHCM."
aa38c7cd-79d0-4a1d-abde-c06453042b00,oto.com.vn,https://oto.com.vn/mua-ban-xe-kia-cerato-hai-phong/gia-629tr-xe-mau-trang-aidxc22540808,1656843395.846877,https://img1.oto.com.vn/crop/575x430/2022/06/29/20220629151311-e637_wm.jpg,kia cerato 2.0 at premium,629000000.0,642600000.0,2019,sedan,cũ,trong nước,hải phòng,, tự động,xăng,- Quốc Toản Auto mới về em: Kia Cerato trắng 2.0 2019 bản Premium. - Chạy 30000km. - Gía 629tr. - Với quyền lợi: - Phát hiện lỗi đổi trả 100% giá trị xe hoặc hoàn xe mới. - Hỗ trợ thu xe cũ đổi xe mới cho khách hàng. - 1 năm chăm sóc xe miễn phí.
744bb06c-8274-4cd1-86c4-4c9a9debdac6,oto.com.vn,https://oto.com.vn/mua-ban-xe-toyota-veloz-cross-hcm/gia-tot-nhat-ho-chi-minh-xe-san-giao-ngay-ho-tro-vay-85-gia-tri-xe-aidxm22540810,1656843395.879001,https://img1.oto.com.vn/crop/575x430/2022/06/29/20220629150118-f21e_wm.jpg,toyota veloz cross 1.5 cvt top,688000000.0,779600000.0,2022,mpv,mới,nhập khẩu,thành phố hồ chí minh,thủ đức, tự động,xăng,"Toyota Veloz Cross 2022 - Mẫu xe hoàn toàn mới với nhiều công nghệ hàng đầu của Toyota. Giá niêm yết: - Veloz Cross CVT: 648.000.000VNĐ. - Veloz Cross CVT Top: 688.000.000VNĐ. Ưu đãi dành tặng quý khách mua xe trong tháng này: - Hỗ trợ vay 80-85% giá trị xe. - Thời gian vay 7 năm. - Lãi suất 0.6%. - Hồ sơ vay đơn giản, không chứng minh thu nhập. Xử lí nhanh hồ sơ xấu. - Thời gian làm thủ tục: 2 - 3 ngày là nhận xe. - Hỗ trợ giao xe tận nhà, hỗ trợ lái thử miễn phí. Liên hệ em ngay để được hỗ trợ tư vấn nhận xe sớm nhất. SĐT/Zalo: 0866.866.751 (Sơn) - Toyota Đông Sài Gòn. Địa chỉ: 507 Xa Lộ Hà Nội, Phường An Phú, Quận 2, TPHCM."
c1f43ede-ae77-44bd-9b71-21af57d7e296,oto.com.vn,https://oto.com.vn/mua-ban-xe-toyota-rush-ha-noi/co-ho-tro-tra-gop-bien-hn-aidxc22533441,1656843395.955769,https://img1.oto.com.vn/crop/575x430/2022/06/23/20220623152519-a2b0_wm.jpg,toyota rush 1.5at,569000000.0,600400000.0,2018,suv,cũ,nhập khẩu,hà nội,cầu giấy, tự động,xăng,"Giá nay chỉ còn 5. Xx triệu. Lợi thế: - Chỉ cần khoảng 190 triệu tiền mặt là lái xe về, còn lại trả dần! - Khuyến khích các bạn mang xe đến đại lý chính hãng để kiểm tra chất lượng cho minh bạch, an tâm! Tự tin cam kết (có ký nhận văn bản). 1. Động cơ, hộp số nguyên bản (không đâm đụng, không ngập nước... ). 2. Hợp pháp lý (không tranh chấp, không cầm cố, không phạt nguội). 3. Trả góp (lãi suất tốt nhất; Thủ tục nhanh). 4. Chân thành tư vấn tất cả vấn đề cả sau khi nhận xe! Gọi ngay số điện thoại phía dưới để xem xe và lái thử."
78bc2a73-6137-4eac-8c02-6871076cb6ae,oto.com.vn,https://oto.com.vn/mua-ban-xe-hyundai-elantra-ha-noi/tu-nhan-1-chu-tu-dau-odo-2-van-km-son-zin-nguyen-tang-1-nam-the-cham-xe-mien-phi-khi-mua-xe-aidxc22538170,1656843396.024775,https://img1.oto.com.vn/crop/575x430/2022/06/27/20220627151936-156d_wm.jpg,hyundai elantra gls 2.0,660000000.0,693200000.0,2020,sedan,cũ,trong nước,hà nội,, tự động,xăng,"Elantra - 2.0 - 2020 tư nhân 1 chủ từ đầu, chạy 2 vạn km, sơn zin. - Kiểu dáng khá trẻ trung, chủ cũ vào thêm thêm ít đồ chơi khiến chiếc xe khá bắt mắt. - Lốp theo xe cả dàn, sơ cua chớm Hạ. Đủ 2 chìa khoá theo xe, nội thất thơm phức mùi mới. - Luôn chăm sóc chính hãng. Xe nội thất căng đét, thân vỏ căng đét, gầm bệ đẹp nhức nhối.   • Cam kết chất lượng bằng văn bản. • Hỗ trợ vay bank, thủ tục sang tên. • Hỗ trợ bao check/test toàn quốc. • Hỗ trợ trả góp 70-75%, tối đa 6-7 năm. (Không cần chứng minh thu nhập). Chỉ cần có: (30%) là có xe đi.   Mr Thắng: 0928016666.   Chuyên mua bán ô tô đã qua sử dụng. Chuyên cung cấp ô tô mới các hãng giá tốt nhất thị trường. Thắng Auto. Số 92 Trương Công Giai - Dịch Vọng - Cầu Giấy - Hà Nội (Gần công viên Cầu Giấy - Toà nhà FPT). Xe chất-giá đẹp-mua trong tầm tay."
2349e2f1-9a16-472a-9766-f590bb485d17,oto.com.vn,https://oto.com.vn/mua-ban-xe-mitsubishi-outlander-hai-phong/gia-809tr-mau-trang-aidxc22540827,1656843396.070725,https://img1.oto.com.vn/crop/575x430/2022/06/29/20220629152553-6f6e_wm.jpg,mitsubishi outlander 2.0 cvt,809000000.0,826200000.0,2021,suv,cũ,trong nước,hải phòng,, tự động,,Quốc Toản Auto mới về em: Mitsubishi Oulander; Bản CVT sx 2021. Lăn bánh 10000km. Gía 809tr. Với quyền lợi: - Phát hiện lỗi đổi trả 100% giá trị xe hoặc hoàn xe mới. - Hỗ trợ thu xe cũ đổi xe mới cho khách hàng. - 1 năm chăm sóc xe miễn phí.
3faa25ad-b035-459f-8ea4-71b19827a3b0,oto.com.vn,https://oto.com.vn/mua-ban-xe-kia-cerato-hai-phong/xe-dep-con-rat-moi-aidxc22540820,1656843396.102212,https://img1.oto.com.vn/crop/575x430/2022/06/29/20220629152225-ce74_wm.jpg,kia cerato 1.6 at luxury,499000000.0,510000000.0,2017,sedan,cũ,trong nước,hải phòng,, tự động,,Quốc Toản Auto mới về em: Kia Cerato xanh đá 1.6 sx 2017; Bản Luxury. Chạy 40000km. Gía 499tr. Với quyền lợi: - Phát hiện lỗi đổi trả 100% giá trị xe hoặc hoàn xe mới. - Hỗ trợ thu xe cũ đổi xe mới cho khách hàng. - 1 năm chăm sóc xe miễn phí.
c7189463-202c-4efa-8964-abec8a1c241b,oto.com.vn,https://oto.com.vn/mua-ban-xe-hyundai-grand-i10-hai-phong/dong-xe-nho-gon-aidxc22540830,1656843396.173023,https://img1.oto.com.vn/crop/575x430/2022/06/29/20220629153309-fc55_wm.jpg,hyundai grand i10 hatchback 1.2,450000000.0,460000000.0,2021,hatchback,cũ,trong nước,hải phòng,, tự động,,Quốc Toản Auto mới về em: Hyundai Grand i10 trắng 2021 máy 1.2. Chạy 18000km. Gía 450tr. Với quyền lợi: - Phát hiện lỗi đổi trả 100% giá trị xe hoặc hoàn xe mới. - Hỗ trợ thu xe cũ đổi xe mới cho khách hàng. - 1 năm chăm sóc xe miễn phí.
071304e4-11d9-4a5d-b480-164da5b362ae,oto.com.vn,https://oto.com.vn/mua-ban-xe-mazda-6-ha-noi/duy-nhat-xe-zin-1-nam-cham-soc-xe-ho-tro-tra-gop-70-aidxc22525524,1656843396.204333,https://img1.oto.com.vn/crop/575x430/2022/06/17/20220617153240-3e23_wm.jpg,mazda 6 2.0 premium,698000000.0,732000000.0,2017,sedan,cũ,nhập khẩu,hà nội,cầu giấy, tự động,xăng,Mazda 6 bản 2.0 Premium. ▸ Cam kết 3 không: Không lội nước - không đâm đụng -không bóp méo. ▸ Xe zin nguyên body. ▸ Odo chuẩn 6.2 vạn km. ▸ Xe hãng cam kết chuẩn chỉnh. Chợ Xe Cũ Hà Nội cam kết chất lượng uy tín. - Hỗ trợ trả góp 70%. - Hỗ trợ check xe miễn phí 100%. - Hỗ trợ chăm xe 1 năm nhiều hạng mục. Quan tâm LH: 0946811268 - 0964811268 Rút gọn.
c626aa82-50bb-4dff-a6c1-abd376bb25b2,oto.com.vn,https://oto.com.vn/mua-ban-xe-toyota-land-cruiser-ha-noi/1-nam-cham-xe-cam-ket-chat-luong-ho-tro-giai-ngan-70-aidxc22525455,1656843396.252486,https://img1.oto.com.vn/crop/575x430/2022/06/17/20220617151500-b492_wm.jpg,toyota land cruiser 200,4750000000.0,4865000000.0,2019,suv,cũ,nhập khẩu,hà nội,cầu giấy, tự động,xăng,Toyota Land Cruiser - Biển Hà Nội. ▸ Cam kết 3 không: Không đâm đụng - không ngập nước - không bóp méo. ▸ Sx 2019. ▸ Odo chuẩn 3.2 vạn. ▸ Xe hãng cam kết chuẩn chỉnh. Chợ Xe Cũ Hà Nội cam kết chất lượng uy tín. - Hỗ trợ trả góp 70%. - Hỗ trợ check xe miễn phí 100%. - Hỗ trợ chăm xe 1 năm nhiều hạng mục. Quan tâm LH: 0946811268 - 0964811268.
5dfe8976-bab0-4b7c-816b-9ac67ec6f34c,oto.com.vn,https://oto.com.vn/mua-ban-xe-hyundai-santa-fe-ha-noi/gia-cuc-uu-dai-trong-thang-6-cung-nhieu-qua-tang-chinh-hang-aidxm22529022,1656843401.172036,https://img1.oto.com.vn/crop/575x430/2021/12/10/e094e11f-3655_wm.jpg,hyundai santa fe 2.2 dầu cao cấp,1405000000.0,1596000000.0,2022,suv,mới,trong nước,hà nội,, tự động,diesel,Hyundai Santafe 2022 – Ra mắt với diện mạo mới đầy thu hút. Đến ngay Hyundai Hà Đông trải nghiệm xe với nhiều tính năng hấp dẫn. Liên hệ báo giá: 0966388150. Hỗ trợ trả góp 85% xe với lãi suất ưu đãi. Thủ tục nhanh gọn. Tặng bộ quà tặng vip đi kèm. Tặng phiếu bảo hành 5 năm. Tặng voucher bảo dưỡng trị giá 5 triệu đồng. Hỗ trợ lái thử miễn phí tại nhà. Liên hệ ngay Hyundai Hà Đông Hà Nội 0966388150 để được biết thêm chi tiết.
