dong_xe,gia,hop_so,kieu_dang,km_da_di,mau_xe,nhien_lieu,so_cho_ngoi,so_cua,tinh_trang,xuat_xu
SUV,Xe	Volvo XC40	T5 AWD R-Design	2019	- 1 Tỷ 626 Triệu,Số tự động,,"19,000 Km",Xám,Xăng	2.0 L,5 chỗ,5 cửa,Xe đã dùng,Nhập khẩu
Van/Minivan,Xe	Suzuki Super Carry Van	Blind Van	2022	- 263 Triệu,Số tay,,0 Km,Trắng,Xăng	1.0 L,2 chỗ,4 cửa,Xe mới,Lắp ráp trong nước
Sedan,Xe	Hyundai Elantra	1.8 AT	2014	- 399 Triệu,Số tự động,,"6,000 Km",Bạc,Xăng	1.8 L,5 chỗ,4 cửa,Xe đã dùng,Nhập khẩu
Crossover,Xe	Hyundai Tucson	LX 2.0 eVGT	2010	- 535 Triệu,Số tự động,,"7,000 Km",Đen,Dầu	2.0 L,5 chỗ,5 cửa,Xe đã dùng,Nhập khẩu
SUV,Xe	Honda CRV	L	2018	- 889 Triệu,Số tự động,,"39,000 Km",Xám,Xăng	1.5 L,7 chỗ,5 cửa,Xe đã dùng,Nhập khẩu
SUV,Xe	Suzuki XL7	1.5 AT	2022	- 589 Triệu,Số tự động,,0 Km,Cam,Xăng	1.5 L,7 chỗ,5 cửa,Xe mới,Nhập khẩu
Bán tải / Pickup,Xe	Ford Ranger	XLS 2.2L 4x2 AT	2020	- 682 Triệu,Số tự động,,100 Km,Vàng,Dầu	2.2 L,5 chỗ,4 cửa,Xe đã dùng,Nhập khẩu
SUV,Xe	Suzuki Ertiga	GL 1.5 MT	2022	- 485 Triệu,Số tay,,0 Km,Đỏ,Xăng	1.5 L,7 chỗ,5 cửa,Xe mới,Nhập khẩu
SUV,Xe	Mercedes Benz GLC	200 4Matic	2020	- 1 Tỷ 980 Triệu,Số tự động,,"6,000 Km",Trắng,Xăng	2.0 L,5 chỗ,5 cửa,Xe đã dùng,Lắp ráp trong nước
Sedan,Xe	Mercedes Benz E class	E300 AMG	2022	- 2 Tỷ 950 Triệu,Số tự động,,0 Km,Đen,Xăng	2.0 L,5 chỗ,4 cửa,Xe mới,Lắp ráp trong nước
Sedan,Xe	Mazda 3	S 1.6 AT	2014	- 399 Triệu,Số tự động,,"68,000 Km",Xám,Xăng	1.6 L,5 chỗ,4 cửa,Xe đã dùng,Lắp ráp trong nước
SUV,Xe	Ford Everest	Titanium 2.0L 4x4 AT	2022	- 1 Tỷ 359 Triệu,Số tự động,,0 Km,Đen,Dầu	2.0 L,7 chỗ,5 cửa,Xe mới,Nhập khẩu
Bán tải / Pickup,Xe	Ford Ranger	Raptor 2.0L 4x4 AT	2022	- 1 Tỷ 202 Triệu,Số tự động,,0 Km,Xanh,Dầu	2.0 L,5 chỗ,4 cửa,Xe mới,Nhập khẩu
Van/Minivan,Xe	Suzuki Super Carry Van	Blind Van	2022	- 263 Triệu,Số tay,,0 Km,Đỏ,Xăng	1.0 L,2 chỗ,4 cửa,Xe mới,Lắp ráp trong nước
Van/Minivan,Xe	Suzuki Super Carry Van	Blind Van	2022	- 263 Triệu,Số tay,,0 Km,Cam,Xăng	1.0 L,2 chỗ,5 cửa,Xe mới,Lắp ráp trong nước
Bán tải / Pickup,Xe	Ford Ranger	XLS 2.2L 4x2 AT	2022	- 662 Triệu,Số tự động,,0 Km,Trắng,Dầu	2.2 L,5 chỗ,4 cửa,Xe mới,Lắp ráp trong nước
Sedan,Xe	Volkswagen Passat	1.8TSI	2016	- 839 Triệu,Số tự động,,"63,000 Km",Trắng,Xăng	1.8 L,5 chỗ,4 cửa,Xe đã dùng,Nhập khẩu
SUV,Xe	VinFast Lux SA 2.0	Premium 2.0 AT	2020	- 1 Tỷ 150 Triệu,Số tự động,,"20,000 Km",Đen,Xăng	2.0 L,7 chỗ,5 cửa,Xe đã dùng,Lắp ráp trong nước
Van/Minivan,Xe	Ford Transit	Tiêu chuẩn	2022	- 799 Triệu,Số tay,,0 Km,Ghi,Dầu	2.2 L,16 chỗ,4 cửa,Xe mới,Lắp ráp trong nước
Sedan,Xe	BMW 3 Series	320i	2016	- 920 Triệu,Số tự động,,"68,200 Km",Xanh,Xăng	2.0 L,5 chỗ,4 cửa,Xe đã dùng,Nhập khẩu
Hatchback,Xe	Suzuki Swift	GL 1.2 AT	2019	- 499 Triệu,Số tự động,,"19,000 Km",Trắng,Xăng	1.2 L,5 chỗ,5 cửa,Xe đã dùng,Nhập khẩu
SUV,Xe	Kia Sorento	Signature 2.2 AT AWD	2021	- 1 Tỷ 299 Triệu,Số tự động,,"12,345 Km",Trắng,Dầu	2.2 L,7 chỗ,5 cửa,Xe đã dùng,Lắp ráp trong nước
Sedan,Xe	Mercedes Benz C class	C250	2016	- 999 Triệu,Số tự động,,"70,000 Km",Trắng,Xăng,5 chỗ,4 cửa,Xe đã dùng,Nhập khẩu
SUV,Xe	Hyundai Kona	2.0 ATH	2019	- 615 Triệu,Số tự động,,"28,000 Km",Xanh,Xăng,5 chỗ,5 cửa,Xe đã dùng,Lắp ráp trong nước
SUV,Xe	BMW X7	xDrive40i M Sport	2022	- 5 Tỷ 869 Triệu,Số tự động,,0 Km,Trắng,Xăng	3.0 L,7 chỗ,5 cửa,Xe mới,Nhập khẩu
Sedan,Xe	Daewoo Lacetti	SE	2010	- 230 Triệu,Số tay,,0 Km,Đen,Xăng	1.6 L,5 chỗ,4 cửa,Xe đã dùng,Nhập khẩu
Sedan,Xe	Mercedes Benz E class	E200	2015	- 879 Triệu,Số tự động,,"69,000 Km",Đen,Xăng	2.0 L,5 chỗ,4 cửa,Xe đã dùng,Lắp ráp trong nước
SUV,Xe	Chevrolet Captiva	2008	- 268 Triệu,Số tự động,,"144,682 Km",-,Xăng,8 chỗ,5 cửa,Xe đã dùng,Lắp ráp trong nước
SUV,Xe	Mercedes Benz GLS	450 4Matic	2022	- 5 Tỷ 139 Triệu,Số tự động,,0 Km,Đen,Xăng	3.0 L,7 chỗ,5 cửa,Xe mới,Nhập khẩu
Crossover,Xe	Mazda cx3	Luxury 1.5 AT	2021	- 689 Triệu,Số tự động,,0 Km,Đỏ,Xăng	1.5 L,5 chỗ,5 cửa,Xe mới,Nhập khẩu
Sedan,Xe	Hyundai Accent	1.4 AT	2020	- 495 Triệu,Số tự động,,"28,000 Km",Đỏ,Xăng	1.4 L,5 chỗ,4 cửa,Xe đã dùng,Lắp ráp trong nước
Sedan,Xe	Lexus ES	250	2020	- 2 Tỷ 560 Triệu,Số tự động,,"13,000 Km",Trắng,Xăng	2.5 L,5 chỗ,4 cửa,Xe đã dùng,Nhập khẩu
Sedan,Xe	Toyota Camry	2.5Q	2019	- 1 Tỷ 130 Triệu,Số tự động,,"28,000 Km",Nâu,Xăng	2.5 L,5 chỗ,4 cửa,Xe đã dùng,Nhập khẩu
Sedan,Xe	Mazda 3	S 1.6 AT	2014	- 409 Triệu,Số tự động,,"68,101 Km",Vàng,Xăng	1.6 L,5 chỗ,4 cửa,Xe đã dùng,Lắp ráp trong nước
Sedan,Xe	Toyota Vios	1.5E	2017	- 319 Triệu,Số tay,,"71,000 Km",Cát,Xăng	1.5 L,5 chỗ,4 cửa,Xe đã dùng,Lắp ráp trong nước
Hatchback,Xe	VinFast Fadil	Tiêu chuẩn 1.4 AT	2022	- 385 Triệu,Số tự động,,"1,000 Km",Trắng,Xăng	1.4 L,5 chỗ,5 cửa,Xe đã dùng,Lắp ráp trong nước
Hatchback,Xe	Hyundai i30	CW 1.6 AT	2011	- 365 Triệu,Số tự động,,"78,000 Km",Trắng,Xăng	1.6 L,5 chỗ,5 cửa,Xe đã dùng,Nhập khẩu
SUV,Xe	Toyota Fortuner	2.4G 4x2 AT	2020	- 1 Tỷ 39 Triệu,Số tự động,,"34,268 Km",Trắng,Dầu	2.4 L,8 chỗ,5 cửa,Xe đã dùng,Lắp ráp trong nước
SUV,Xe	Kia Sorento	Signature 2.5 AT AWD	2021	- 1 Tỷ 229 Triệu,Số tự động,,"8,000 Km",Đỏ,Xăng	2.5 L,7 chỗ,5 cửa,Xe đã dùng,Lắp ráp trong nước
Van/Minivan,Xe	Toyota Sienna	Limited 3.5	2018	- 3 Tỷ 500 Triệu,Số tự động,,"45,000 Km",Trắng,Xăng	3.5 L,7 chỗ,5 cửa,Xe đã dùng,Nhập khẩu
SUV,Xe	Mercedes Benz GLC	300 4Matic	2021	- 2 Tỷ 499 Triệu,Số tự động,,0 Km,Xám,Xăng	2.0 L,5 chỗ,5 cửa,Xe mới,Lắp ráp trong nước
Sedan,Xe	Toyota Corolla altis	1.8V	2022	- 765 Triệu,Số tự động,,0 Km,Đen,Xăng	1.8 L,5 chỗ,4 cửa,Xe mới,Nhập khẩu
Bán tải / Pickup,Xe	Mazda BT50	2.2L 4x2 AT	2015	- 465 Triệu,Số tự động,,0 Km,Cát,Dầu	2.2 L,5 chỗ,4 cửa,Xe đã dùng,Nhập khẩu
SUV,Xe	Lexus RX	300	2020	- 3 Tỷ 299 Triệu,Số tự động,,"9,000 Km",Trắng,Xăng	2.0 L,5 chỗ,5 cửa,Xe đã dùng,Nhập khẩu
Truck,Xe	Isuzu NMR	1T9 thùng Bạt 4m5	2022	- 680 Triệu,Số tay,,0 Km,Trắng,Dầu,3 chỗ,2 cửa,Xe mới,Nhập khẩu
SUV,Xe	Toyota Fortuner	2.7V 4x2 AT	2015	- 585 Triệu,Số tự động,,"90,000 Km",Xám,Xăng	2.7 L,8 chỗ,5 cửa,Xe đã dùng,Lắp ráp trong nước
Sedan,Xe	Toyota Vios	1.5G	2018	- 465 Triệu,Số tự động,,"72,000 Km",Trắng,Xăng,5 chỗ,5 cửa,Xe đã dùng,Lắp ráp trong nước
Sedan,Xe	Mercedes Benz C class	C200 Exclusive	2021	- 1 Tỷ 659 Triệu,Số tự động,,"6,000 Km",Xanh,Xăng	2.0 L,5 chỗ,4 cửa,Xe đã dùng,Lắp ráp trong nước
Sedan,Xe	Mercedes Benz E class	E200	2019	- 1 Tỷ 768 Triệu,Số tự động,,"30,000 Km",Đen,Xăng	2.0 L,5 chỗ,4 cửa,Xe đã dùng,Lắp ráp trong nước
SUV,Xe	Ford Everest	Titanium 2.0L 4x4 AT	2021	- 1 Tỷ 420 Triệu,Số tự động,,"8,000 Km",Đen,Dầu	2.0 L,7 chỗ,5 cửa,Xe đã dùng,Nhập khẩu
Sedan,Xe	Mercedes Benz C class	C200 Exclusive	2018	- 1 Tỷ 360 Triệu,Số tự động,,"28,000 Km",Đen,Hybrid	1.5 L,5 chỗ,4 cửa,Xe đã dùng,Lắp ráp trong nước
SUV,Xe	Mazda CX5	Deluxe 2.0 AT	2022	- 832 Triệu,Số tự động,,0 Km,Trắng,Xăng	2.0 L,5 chỗ,5 cửa,Xe mới,Lắp ráp trong nước
SUV,Xe	Toyota Prado	TXL 2.7L	2014	- 1 Tỷ 410 Triệu,Số tự động,,0 Km,Trắng,Xăng	2.7 L,7 chỗ,5 cửa,Xe đã dùng,Nhập khẩu
SUV,Xe	BMW X1	sDrive18i	2021	- 1 Tỷ 798 Triệu,Số tự động,,100 Km,Đen,Xăng	1.5 L,5 chỗ,5 cửa,Xe đã dùng,Nhập khẩu
SUV,Xe	Mazda CX5	2.0 Deluxe	2022	- 832 Triệu,Số tự động,,0 Km,Xanh,Xăng	2.0 L,5 chỗ,5 cửa,Xe mới,Lắp ráp trong nước
SUV,Xe	Ford Everest	Titanium 2.0L 4x4 AT	2022	- 1 Tỷ 380 Triệu,Số tự động,,0 Km,Đen,Dầu	2.0 L,7 chỗ,5 cửa,Xe mới,Nhập khẩu
SUV,Xe	LandRover Range Rover	SV Autobiography LWB 5.0	2016	- 7 Tỷ 590 Triệu,Số tự động,,"50,000 Km",Trắng,Xăng	5.0 L,4 chỗ,5 cửa,Xe đã dùng,Nhập khẩu
Sedan,Xe	Mercedes Benz C class	C200 Elegance	2008	- 328 Triệu,Số tự động,,"145,000 Km",Đen,Xăng	1.8 L,5 chỗ,4 cửa,Xe đã dùng,Lắp ráp trong nước
Sedan,Xe	Audi A6	1.8 TFSI	2017	- 1 Tỷ 480 Triệu,Số tự động,,"35,000 Km",Trắng,Xăng	1.8 L,5 chỗ,4 cửa,Xe đã dùng,Nhập khẩu
Sedan,Xe	Mercedes Benz S class	S400L	2017	- 2 Tỷ 700 Triệu,Số tự động,,"40,000 Km",Trắng,Xăng	3.0 L,5 chỗ,4 cửa,Xe đã dùng,Lắp ráp trong nước
SUV,Xe	Mitsubishi Pajero Sport	2.4D 4x2 AT	2021	- 1 Tỷ 110 Triệu,Số tự động,,0 Km,Trắng,Dầu	2.4 L,7 chỗ,5 cửa,Xe mới,Nhập khẩu
SUV,Xe	Mercedes Benz GLC	200 4Matic	2020	- 1 Tỷ 980 Triệu,Số tự động,,"18,000 Km",Đen,Xăng	2.0 L,5 chỗ,5 cửa,Xe đã dùng,Lắp ráp trong nước
SUV,Xe	Mazda CX5	2.0 AT	2018	- 765 Triệu,Số tự động,,"38,000 Km",Trắng,Xăng	2.0 L,5 chỗ,5 cửa,Xe đã dùng,Lắp ráp trong nước
SUV,Xe	Ford Everest	Titanium 2.0L 4x4 AT	2022	- 1 Tỷ 412 Triệu,Số tự động,,0 Km,Xanh,Dầu	2.0 L,7 chỗ,5 cửa,Xe mới,Nhập khẩu
SUV,Xe	Ford Everest	Titanium 2.0L 4x2 AT	2022	- 1 Tỷ 80 Triệu,Số tự động,,0 Km,Xanh,Dầu	2.0 L,7 chỗ,5 cửa,Xe mới,Nhập khẩu
Bán tải / Pickup,Xe	Ford Ranger	Wildtrak 3.2L 4x4 AT	2015	- 640 Triệu,Số tự động,,"98,372 Km",Trắng,Dầu	3.2 L,5 chỗ,4 cửa,Xe đã dùng,Nhập khẩu
Bán tải / Pickup,Xe	Ford Ranger	XLS 2.2L 4x2 AT	2022	- 645 Triệu,Số tự động,,0 Km,Trắng,Dầu	2.2 L,5 chỗ,4 cửa,Xe mới,Lắp ráp trong nước
Van/Minivan,Xe	Toyota Sienna	Limited 3.5 AWD	2016	- 2 Tỷ 645 Triệu,Số tự động,,"60,000 Km",Trắng,Xăng	3.5 L,7 chỗ,5 cửa,Xe đã dùng,Nhập khẩu
Van/Minivan,Xe	Toyota Sienna	Limited 3.5	2018	- 3 Tỷ 350 Triệu,Số tự động,,"25,000 Km",Trắng,Xăng	3.5 L,7 chỗ,5 cửa,Xe đã dùng,Nhập khẩu
Sedan,Xe	Toyota Camry	2.0Q	2022	- 1 Tỷ 170 Triệu,Số tự động,,0 Km,Đen,Xăng	2.0 L,5 chỗ,4 cửa,Xe mới,Nhập khẩu
Bán tải / Pickup,Xe	Ford Ranger	XLS 2.2L 4x2 AT	2017	- 595 Triệu,Số tự động,,"72,000 Km",Cát,Dầu	2.2 L,5 chỗ,4 cửa,Xe đã dùng,Nhập khẩu
SUV,Xe	Mazda CX5	2.5 AT 2WD	2019	- 850 Triệu,Số tự động,,0 Km,Đỏ,Xăng	2.5 L,5 chỗ,5 cửa,Xe đã dùng,Lắp ráp trong nước
SUV,Xe	Lexus RX	350	2019	- 4 Tỷ 90 Triệu,Số tự động,,"11,000 Km",Trắng,Xăng	3.5 L,5 chỗ,5 cửa,Xe đã dùng,Nhập khẩu
SUV,Xe	Porsche Macan	2.0	2019	- 3 Tỷ 850 Triệu,Số tự động,,"16,000 Km",Trắng,Xăng	2.0 L,5 chỗ,5 cửa,Xe đã dùng,Nhập khẩu
SUV,Xe	Lexus RX	350L	2022	- 4 Tỷ 550 Triệu,Số tự động,,"2,000 Km",Cát,Xăng	3.5 L,7 chỗ,5 cửa,Xe đã dùng,Nhập khẩu
SUV,Xe	LandRover Range Rover Evoque	R-Dynamic S	2019	- 2 Tỷ 980 Triệu,Số tự động,,"7,000 Km",Đỏ,Xăng	2.0 L,5 chỗ,5 cửa,Xe đã dùng,Nhập khẩu
Van/Minivan,Xe	Toyota Hiace	2002	- 59 Triệu,Số tay,,"150,000 Km",Xanh,Xăng,3 chỗ,4 cửa,Xe đã dùng,Lắp ráp trong nước
Sedan,Xe	VinFast Lux A 2.0	Tiêu chuẩn	2022	- 882 Triệu,Số tự động,,0 Km,Đỏ,Xăng	2.0 L,5 chỗ,4 cửa,Xe mới,Lắp ráp trong nước
SUV,Xe	Lexus NX	300	2019	- 2 Tỷ 450 Triệu,Số tự động,,"45,000 Km",Trắng,Xăng	2.0 L,5 chỗ,5 cửa,Xe đã dùng,Nhập khẩu
SUV,Xe	Toyota Highlander	SE 2.7	2011	- 799 Triệu,Số tự động,,"80,000 Km",Cát,Xăng	2.7 L,7 chỗ,5 cửa,Xe đã dùng,Nhập khẩu
Sedan,Xe	Mercedes Benz C class	C200	2017	- 1 Tỷ 115 Triệu,Số tự động,,0 Km,Đỏ,Xăng	2.0 L,5 chỗ,4 cửa,Xe đã dùng,Lắp ráp trong nước
Sedan,Xe	Mercedes Benz E class	E200 Exclusive	2022	- 2 Tỷ 555 Triệu,Số tự động,,30 Km,Trắng,Xăng	2.0 L,5 chỗ,4 cửa,Xe đã dùng,Lắp ráp trong nước
Sedan,Xe	Porsche Panamera	3.0 V6	2019	- 5 Tỷ 899 Triệu,Số tự động,,"26,000 Km",Trắng,Xăng	3.0 L,4 chỗ,4 cửa,Xe đã dùng,Nhập khẩu
SUV,Xe	Toyota Fortuner	2.7V 4x2 AT	2015	- 585 Triệu,Số tự động,,"96,000 Km",Xám,Xăng	2.7 L,7 chỗ,5 cửa,Xe đã dùng,Lắp ráp trong nước
SUV,Xe	Toyota Corolla Cross	1.8V	2022	- 846 Triệu,Số tự động,,0 Km,Xanh,Xăng	1.8 L,5 chỗ,5 cửa,Xe mới,Nhập khẩu
SUV,Xe	Jeep Wrangler	Rubicon 2.0 4x4 AT	2021	- 3 Tỷ 390 Triệu,Số tự động,,"11,678 Km",Đỏ,Xăng	2.0 L,5 chỗ,5 cửa,Xe đã dùng,Nhập khẩu
SUV,Xe	Toyota Land Cruiser	VX 4.6 V8	2013	- 2 Tỷ 410 Triệu,Số tự động,,"120,000 Km",Đen,Xăng	4.6 L,8 chỗ,5 cửa,Xe đã dùng,Nhập khẩu
Hatchback,Xe	Hyundai i10	1.2 AT	2021	- 408 Triệu,Số tự động,,0 Km,Xanh,Xăng	1.25 L,5 chỗ,5 cửa,Xe mới,Lắp ráp trong nước
SUV,Xe	Lexus NX	300	2017	- 1 Tỷ 980 Triệu,Số tự động,,"68,000 Km",Trắng,Xăng	2.0 L,5 chỗ,5 cửa,Xe đã dùng,Nhập khẩu
Sedan,Xe	Mercedes Benz C class	C250 Exclusive	2015	- 960 Triệu,Số tự động,,"75,000 Km",Đen,Xăng	2.0 L,5 chỗ,4 cửa,Xe đã dùng,Lắp ráp trong nước
Sedan,Xe	Toyota Corolla altis	1.8G MT	2014	- 415 Triệu,Số tay,,"60,000 Km",Đen,Xăng	1.8 L,5 chỗ,4 cửa,Xe đã dùng,Lắp ráp trong nước
Hatchback,Xe	Kia Morning	Premium AT	2022	- 409 Triệu,Số tự động,,0 Km,Đỏ,Xăng	1.25 L,5 chỗ,5 cửa,Xe mới,Lắp ráp trong nước
SUV,Xe	Toyota Corolla Cross	1.8G	2022	- 730 Triệu,Số tự động,,0 Km,Đen,Xăng	1.8 L,5 chỗ,5 cửa,Xe mới,Nhập khẩu
Van/Minivan,Xe	Toyota Innova	Ventuner	2017	- 710 Triệu,Số tự động,,"76,127 Km",Đỏ,Xăng,0 chỗ,0 cửa,Xe đã dùng,Lắp ráp trong nước
SUV,Xe	Honda CRV	2.4 AT	2012	- 495 Triệu,Số tự động,,"100,000 Km",Trắng,Xăng	2.4 L,5 chỗ,5 cửa,Xe đã dùng,Lắp ráp trong nước
Bán tải / Pickup,Xe	Isuzu Dmax	LS 3.0 4x4 MT	2011	- 360 Triệu,Số tay,,"400,000 Km",Đỏ,Dầu	3.0 L,5 chỗ,4 cửa,Xe đã dùng,Nhập khẩu
Crossover,Xe	Kia Seltos	Premium 1.4 AT	2022	- 759 Triệu,Số tự động,,0 Km,Đỏ,Xăng	1.4 L,5 chỗ,5 cửa,Xe mới,Lắp ráp trong nước
SUV,Xe	Toyota Prado	2.7 TXL	2015	- 1 Tỷ 599 Triệu,Số tự động,,"70,000 Km",Cát,Xăng,7 chỗ,4 cửa,Xe đã dùng,Nhập khẩu
Sedan,Xe	Kia K3	Premium 1.6 AT	2022	- 674 Triệu,Số tự động,,0 Km,Đen,Xăng	1.6 L,5 chỗ,5 cửa,Xe mới,Lắp ráp trong nước
Hatchback,Xe	Toyota Wigo	1.2G MT	2019	- 299 Triệu,Số tay,,"10,000 Km",Bạc,Xăng	1.2 L,5 chỗ,5 cửa,Xe đã dùng,Nhập khẩu
SUV,Xe	LandRover Range Rover	Autobiography 5.0	2013	- 4 Tỷ 300 Triệu,Số tự động,,"60,000 Km",Trắng,Xăng	5.0 L,4 chỗ,5 cửa,Xe đã dùng,Nhập khẩu
Sedan,Xe	Hyundai i10	1.2 MT Tiêu Chuẩn	2021	- 342 Triệu,Số tay,,0 Km,Bạc,Xăng	1.25 L,5 chỗ,4 cửa,Xe mới,Lắp ráp trong nước
Bán tải / Pickup,Xe	Nissan Navara	EL 2.5 AT 2WD	2019	- 575 Triệu,Số tự động,,"48,000 Km",Cam,Dầu	2.5 L,5 chỗ,4 cửa,Xe đã dùng,Nhập khẩu
SUV,Xe	Porsche Cayenne	3.6 V6	2011	- 1 Tỷ 560 Triệu,Số tự động,,"67,000 Km",Đỏ,Xăng	3.6 L,5 chỗ,4 cửa,Xe đã dùng,Nhập khẩu
Sedan,Xe	Hyundai Accent	1.4 MT	2020	- 438 Triệu,Số tay,,"18,000 Km",Đỏ,Xăng	1.4 L,5 chỗ,4 cửa,Xe đã dùng,Lắp ráp trong nước
Sedan,Xe	Hyundai Elantra	2.0 AT	2019	- 613 Triệu,Số tự động,,"40,000 Km",Đỏ,Xăng	2.0 L,5 chỗ,4 cửa,Xe đã dùng,Lắp ráp trong nước
Sedan,Xe	Honda City	1.5 AT	2016	- 418 Triệu,Số tự động,,"46,000 Km",Xanh,Xăng	1.5 L,5 chỗ,4 cửa,Xe đã dùng,Lắp ráp trong nước
Truck,Xe	Suzuki Super Carry Truck	1.0 MT	2022	- 223 Triệu,Số tay,,0 Km,Xanh,Xăng	1.0 L,2 chỗ,2 cửa,Xe mới,Lắp ráp trong nước
SUV,Xe	Suzuki XL7	1.5 AT	2022	- 559 Triệu,Số tự động,,0 Km,Đen,Xăng	1.5 L,7 chỗ,5 cửa,Xe mới,Nhập khẩu
SUV,Xe	Hyundai SantaFe	2.2L	2013	- 735 Triệu,Số tự động,,"85,000 Km",Đen,Dầu	2.2 L,7 chỗ,5 cửa,Xe đã dùng,Nhập khẩu
SUV,Xe	Lexus GX	460	2011	- 1 Tỷ 850 Triệu,Số tự động,,"86,000 Km",Vàng,Xăng	4.6 L,7 chỗ,5 cửa,Xe đã dùng,Nhập khẩu
Sedan,Xe	Mercedes Benz CLA class	CLA 200	2015	- 799 Triệu,Số tự động,,"64,500 Km",Trắng,Xăng	1.6 L,5 chỗ,4 cửa,Xe đã dùng,Nhập khẩu
Hatchback,Xe	VinFast Fadil	1.4 AT Premium	2019	- 380 Triệu,Số tự động,,"28,140 Km",Trắng,Xăng	1.4 L,5 chỗ,5 cửa,Xe đã dùng,Lắp ráp trong nước
Crossover,Xe	MG ZS	Luxury 1.5 AT 2WD	2021	- 619 Triệu,Số tự động,,0 Km,Trắng,Xăng	1.5 L,5 chỗ,5 cửa,Xe mới,Nhập khẩu
Hatchback,Xe	Toyota Yaris	1.3G	2016	- 460 Triệu,Số tự động,,0 Km,Bạc,Xăng	1.3 L,5 chỗ,5 cửa,Xe đã dùng,Nhập khẩu
SUV,Xe	Toyota Fortuner	2.4G 4x2 MT	2019	- 975 Triệu,Số tay,,"128,000 Km",Trắng,Dầu	2.4 L,8 chỗ,5 cửa,Xe đã dùng,Nhập khẩu
SUV,Xe	Mercedes Benz G class	G63 AMG	2022	- 14 Tỷ 500 Triệu,Số tự động,,0 Km,Đen,Xăng	4.0 L,5 chỗ,4 cửa,Xe đã dùng,Nhập khẩu
Sedan,Xe	Mercedes Benz S class	S400L	2017	- 2 Tỷ 690 Triệu,Số tự động,,"5,000 Km",Trắng,Xăng	3.0 L,5 chỗ,4 cửa,Xe đã dùng,Lắp ráp trong nước
Sedan,Xe	Hyundai Accent	1.4 ATH	2020	- 515 Triệu,Số tự động,,"20,000 Km",Đen,Xăng	1.4 L,5 chỗ,4 cửa,Xe đã dùng,Lắp ráp trong nước
Crossover,Xe	Toyota Innova	2.0E	2015	- 379 Triệu,Số tay,,86 Km,Bạc,Xăng	2.0 L,8 chỗ,5 cửa,Xe đã dùng,Lắp ráp trong nước
SUV,Xe	Jeep Wrangler	Rubicon 2.0 4x4 AT	2021	- 3 Tỷ 688 Triệu,Số tự động,,0 Km,Vàng,Xăng	2.0 L,5 chỗ,5 cửa,Xe mới,Nhập khẩu
SUV,Xe	Mercedes Benz GLC	200	2022	- 1 Tỷ 859 Triệu,Số tự động,,0 Km,Trắng,Xăng	2.0 L,5 chỗ,5 cửa,Xe mới,Lắp ráp trong nước
SUV,Xe	Mercedes Benz GLC	200 4Matic	2022	- 2 Tỷ 129 Triệu,Số tự động,,0 Km,Xanh,Xăng	2.0 L,5 chỗ,5 cửa,Xe mới,Lắp ráp trong nước
Sedan,Xe	VinFast Lux A 2.0	Tiêu chuẩn	2022	- 671 Triệu,Số tự động,,0 Km,Xanh,Xăng	2.0 L,5 chỗ,4 cửa,Xe mới,Lắp ráp trong nước
SUV,Xe	LandRover Range Rover	Autobiography 5.0	2010	- 1 Tỷ 250 Triệu,Số tự động,,"80,000 Km",Đen,Xăng	5.0 L,5 chỗ,5 cửa,Xe đã dùng,Nhập khẩu
Hatchback,Xe	VinFast Fadil	Cao cấp 1.4 AT	2022	- 409 Triệu,Số tự động,,0 Km,Đỏ,Xăng	1.4 L,5 chỗ,5 cửa,Xe mới,Lắp ráp trong nước
Crossover,Xe	Hyundai Tucson	2.0 AT Tiêu chuẩn	2022	- 825 Triệu,Số tự động,,0 Km,Trắng,Xăng	2.0 L,5 chỗ,5 cửa,Xe mới,Lắp ráp trong nước
Sedan,Xe	BMW 5 Series	520i	2013	- 750 Triệu,Số tự động,,"61,200 Km",Trắng,Xăng	2.0 L,5 chỗ,4 cửa,Xe đã dùng,Nhập khẩu
Sedan,Xe	Mazda 6	2.5L Premium	2018	- 765 Triệu,Số tự động,,"49,000 Km",Trắng,Xăng	2.5 L,5 chỗ,4 cửa,Xe đã dùng,Lắp ráp trong nước
SUV,Xe	LandRover Range Rover Sport	HSE	2013	- 2 Tỷ 450 Triệu,Số tự động,,"45,000 Km",Cát,Xăng	3.0 L,5 chỗ,5 cửa,Xe đã dùng,Nhập khẩu
Sedan,Xe	Mitsubishi Attrage	Premium 1.2 CVT	2021	- 485 Triệu,Số tự động,,0 Km,Trắng,Xăng	1.2 L,5 chỗ,4 cửa,Xe mới,Nhập khẩu
Hatchback,Xe	Mini One	1.5 AT	2022	- 1 Tỷ 719 Triệu,Số tự động,,0 Km,Trắng,Xăng	1.5 L,5 chỗ,5 cửa,Xe mới,Nhập khẩu
Crossover,Xe	VinFast VF e34	AT	2022	- 580 Triệu,Số tự động,,0 Km,Đỏ,Điện	0.1 L,5 chỗ,5 cửa,Xe mới,Lắp ráp trong nước
Sedan,Xe	Mazda 3	1.5 AT	2019	- 599 Triệu,Số tự động,,"30,000 Km",Đỏ,Xăng,0 chỗ,0 cửa,Xe đã dùng,Lắp ráp trong nước
Hatchback,Xe	Hyundai i10	Grand 1.2 AT	2018	- 375 Triệu,Số tự động,,0 Km,Đỏ,Xăng	1.25 L,5 chỗ,5 cửa,Xe đã dùng,Lắp ráp trong nước
Sedan,Xe	MG 5	Luxury 1.5 AT	2022	- 579 Triệu,Số tự động,,0 Km,Vàng,Xăng	1.5 L,5 chỗ,4 cửa,Xe mới,Nhập khẩu
Hatchback,Xe	Honda Brio	RS	2021	- 450 Triệu,Số tự động,,0 Km,Cam,Xăng	1.2 L,5 chỗ,5 cửa,Xe mới,Nhập khẩu
Crossover,Xe	Toyota Innova	2.0E	2018	- 615 Triệu,Số tay,,0 Km,Bạc,Xăng	2.0 L,8 chỗ,5 cửa,Xe đã dùng,Lắp ráp trong nước
SUV,Xe	Mazda CX5	2.0 Luxury	2020	- 853 Triệu,Số tự động,,"9,000 Km",Đỏ,Xăng	2.0 L,5 chỗ,5 cửa,Xe đã dùng,Lắp ráp trong nước
SUV,Xe	Honda CRV	L	2022	- 1 Tỷ 58 Triệu,Số tự động,,0 Km,Đen,Xăng	1.5 L,7 chỗ,5 cửa,Xe mới,Lắp ráp trong nước
SUV,Xe	Mercedes Benz G class	G63 AMG	2021	- 13 Tỷ 500 Triệu,Số tự động,,"8,000 Km",Đen,Xăng	4.0 L,5 chỗ,5 cửa,Xe đã dùng,Nhập khẩu
Crossover,Xe	Toyota Innova	2.0E	2015	- 335 Triệu,Số tay,,"90,000 Km",Cát,Xăng	2.0 L,8 chỗ,5 cửa,Xe đã dùng,Lắp ráp trong nước
SUV,Xe	Mercedes Benz GLC	200	2020	- 1 Tỷ 939 Triệu,Số tự động,,"20,000 Km",Đen,Xăng	2.0 L,5 chỗ,5 cửa,Xe đã dùng,Lắp ráp trong nước
Convertible/Cabriolet,Xe	BMW 3 Series	328i Convertible	2007	- 820 Triệu,Số tự động,,"54,000 Km",Trắng,Xăng	3.0 L,5 chỗ,2 cửa,Xe đã dùng,Nhập khẩu
SUV,Xe	Volvo XC90	Inscription B6 AWD	2022	- 3 Tỷ 950 Triệu,Số tự động,,0 Km,Đen,Xăng	2.0 L,7 chỗ,5 cửa,Xe mới,Nhập khẩu
Sedan,Xe	Toyota Vios	E 1.5 MT	2022	- 488 Triệu,Số tay,,"2,500 Km",Vàng,Xăng	1.5 L,5 chỗ,4 cửa,Xe đã dùng,Lắp ráp trong nước
SUV,Xe	Mercedes Benz GLC	200	2022	- 1 Tỷ 909 Triệu,Số tự động,,50 Km,Trắng,Xăng	2.0 L,5 chỗ,5 cửa,Xe đã dùng,Lắp ráp trong nước
SUV,Xe	Hyundai SantaFe	Cao cấp 2.2L HTRAC	2022	- 1 Tỷ 340 Triệu,Số tự động,,0 Km,Trắng,Dầu	2.2 L,7 chỗ,5 cửa,Xe mới,Lắp ráp trong nước
SUV,Xe	Mercedes Benz GLC	300 4Matic	2021	- 2 Tỷ 479 Triệu,Số tự động,,"3,000 Km",Đen,Xăng	2.0 L,5 chỗ,5 cửa,Xe đã dùng,Lắp ráp trong nước
Hatchback,Xe	VinFast Fadil	1.4 AT Plus	2020	- 353 Triệu,Số tự động,,"28,000 Km",Xám,Xăng	1.4 L,5 chỗ,5 cửa,Xe đã dùng,Lắp ráp trong nước
Truck,Xe	Suzuki Carry	Pro	2022	- 319 Triệu,Số tay,,0 Km,Trắng,Xăng	1.5 L,2 chỗ,2 cửa,Xe mới,Nhập khẩu
Sedan,Xe	Rolls Royce Ghost	Series II EWB	2022	- 40 Tỷ ,Số tự động,,0 Km,Đen,Xăng	6.6 L,4 chỗ,4 cửa,Xe mới,Nhập khẩu
Sedan,Xe	Chevrolet Cruze	LTZ 1.6 AT	2011	- 290 Triệu,Số tự động,,"46,000 Km",Đen,Xăng	1.6 L,5 chỗ,4 cửa,Xe đã dùng,Nhập khẩu
Sedan,Xe	Kia Cerato	2.0 AT Premium	2019	- 610 Triệu,Số tự động,,"30,000 Km",Đỏ,Xăng	2.0 L,5 chỗ,4 cửa,Xe đã dùng,Lắp ráp trong nước
Sedan,Xe	Toyota Corolla altis	2.0V Sport	2019	- 740 Triệu,Số tự động,,"20,000 Km",Đen,Xăng	2.0 L,5 chỗ,4 cửa,Xe đã dùng,Lắp ráp trong nước
SUV,Xe	Honda CRV	G	2020	- 928 Triệu,Số tự động,,"32,000 Km",Đỏ,Xăng	1.5 L,7 chỗ,5 cửa,Xe đã dùng,Nhập khẩu
Sedan,Xe	Mitsubishi Attrage	1.2 CVT	2022	- 415 Triệu,Số tự động,,0 Km,Trắng,Xăng	1.2 L,5 chỗ,4 cửa,Xe mới,Nhập khẩu
Sedan,Xe	Mercedes Benz C class	C200 Exclusive	2020	- 1 Tỷ 589 Triệu,Số tự động,,"10,000 Km",Trắng,Xăng	2.0 L,5 chỗ,4 cửa,Xe đã dùng,Lắp ráp trong nước
Sedan,Xe	Nissan Almera	1.0 MT	2021	- 425 Triệu,Số tay,,0 Km,Trắng,Xăng	1.0 L,5 chỗ,4 cửa,Xe mới,Nhập khẩu
Sedan,Xe	Honda Civic	1.5L Vtec Turbo	2018	- 725 Triệu,Số tự động,,"50,000 Km",Trắng,Xăng	1.5 L,5 chỗ,5 cửa,Xe đã dùng,Nhập khẩu
Bán tải / Pickup,Xe	Ford Ranger	Wildtrak 2.0L 4x4 AT	2022	- 937 Triệu,Số tự động,,0 Km,Cam,Dầu	2.0 L,5 chỗ,4 cửa,Xe mới,Lắp ráp trong nước
SUV,Xe	Lexus RX	350	2017	- 2 Tỷ 920 Triệu,Số tự động,,"50,000 Km",Cát,Xăng	3.5 L,5 chỗ,5 cửa,Xe đã dùng,Nhập khẩu
SUV,Xe	Mazda CX5	2.5 AT 2WD	2018	- 813 Triệu,Số tự động,,"69,741 Km",Trắng,Xăng	2.5 L,5 chỗ,5 cửa,Xe đã dùng,Lắp ráp trong nước
Crossover,Xe	Hyundai Creta	Đặc biệt 1.5 AT	2022	- 670 Triệu,Số tự động,,0 Km,Trắng,Xăng	1.5 L,5 chỗ,5 cửa,Xe mới,Nhập khẩu
Sedan,Xe	Nissan Almera	EL 1.0 CVT	2021	- 529 Triệu,Số tự động,,0 Km,Cam,Xăng	1.0 L,5 chỗ,4 cửa,Xe mới,Nhập khẩu
Hatchback,Xe	Honda Brio	RS	2022	- 450 Triệu,Số tự động,,0 Km,Cam,Xăng	1.2 L,5 chỗ,5 cửa,Xe mới,Nhập khẩu
SUV,Xe	Mitsubishi Outlander	2.4 CVT Premium	2020	- 945 Triệu,Số tự động,,"20,000 Km",Trắng,Xăng	2.4 L,7 chỗ,5 cửa,Xe đã dùng,Lắp ráp trong nước
Hatchback,Xe	VinFast Fadil	Tiêu chuẩn 1.4 AT	2022	- 342 Triệu,Số tự động,,0 Km,Đỏ,Xăng	1.4 L,5 chỗ,5 cửa,Xe mới,Lắp ráp trong nước
SUV,Xe	BMW X5	xDrive40i xLine	2021	- 4 Tỷ 239 Triệu,Số tự động,,0 Km,Xanh,Xăng	3.0 L,7 chỗ,5 cửa,Xe mới,Nhập khẩu
Sedan,Xe	Mazda 6	Premium 2.0 AT	2019	- 765 Triệu,Số tự động,,"23,000 Km",Trắng,Xăng	2.0 L,5 chỗ,4 cửa,Xe đã dùng,Lắp ráp trong nước
Sedan,Xe	Kia Cerato	1.6 AT Luxury	2020	- 628 Triệu,Số tự động,,"30,000 Km",Trắng,Xăng	1.6 L,5 chỗ,4 cửa,Xe đã dùng,Lắp ráp trong nước
Sedan,Xe	Mazda 3	1.5 AT	2018	- 550 Triệu,Số tự động,,0 Km,Trắng,Xăng	1.5 L,5 chỗ,4 cửa,Xe đã dùng,Lắp ráp trong nước
Bán tải / Pickup,Xe	Ford Ranger	XLS 2.2L 4x2 MT	2022	- 630 Triệu,Số tay,,0 Km,Trắng,Dầu	2.2 L,5 chỗ,4 cửa,Xe mới,Nhập khẩu
Sedan,Xe	Hyundai Elantra	2.0 AT	2019	- 585 Triệu,Số tự động,,"30,000 Km",Vàng,Xăng	2.0 L,5 chỗ,4 cửa,Xe đã dùng,Lắp ráp trong nước
Crossover,Xe	Kia Carens	SXMT	2011	- 245 Triệu,Số tay,,0 Km,Bạc,Xăng	2.0 L,7 chỗ,5 cửa,Xe đã dùng,Lắp ráp trong nước
SUV,Xe	Peugeot 5008	GT 1.6 AT	2022	- 1 Tỷ 320 Triệu,Số tự động,,0 Km,Trắng,Xăng	1.6 L,7 chỗ,5 cửa,Xe đã dùng,Lắp ráp trong nước
Van/Minivan,Xe	Dongben SRM X30	2021	- 210 Triệu,Số tay,,"35,000 Km",Đỏ,Xăng,2 chỗ,5 cửa,Xe đã dùng,Lắp ráp trong nước
SUV,Xe	Toyota RAV4	2.0 AT	2015	- 999 Triệu,Số tự động,,0 Km,Trắng,Xăng	2.0 L,5 chỗ,5 cửa,Xe đã dùng,Nhập khẩu
Van/Minivan,Xe	Toyota Innova	2019	- 615 Triệu,Số tay,,"50,000 Km",Trắng,Xăng,7 chỗ,4 cửa,Xe đã dùng,Lắp ráp trong nước
Crossover,Xe	Kia Seltos	Premium 1.4 AT	2020	- 750 Triệu,Số tự động,,"16,000 Km",Vàng,Xăng	1.4 L,5 chỗ,5 cửa,Xe đã dùng,Lắp ráp trong nước
SUV,Xe	Mazda CX5	2.0 AT	2016	- 640 Triệu,Số tự động,,"73,000 Km",Nâu,Xăng	2.0 L,5 chỗ,5 cửa,Xe đã dùng,Lắp ráp trong nước
Sedan,Xe	Hyundai Elantra	2.0 AT	2019	- 612 Triệu,Số tự động,,"41,000 Km",Đỏ,Xăng	2.0 L,5 chỗ,4 cửa,Xe đã dùng,Lắp ráp trong nước
Sedan,Xe	Toyota Vios	1.5E CVT	2019	- 450 Triệu,Số tự động,,"52,000 Km",Đen,Xăng	1.5 L,5 chỗ,5 cửa,Xe đã dùng,Lắp ráp trong nước
SUV,Xe	Toyota Corolla Cross	1.8V	2020	- 845 Triệu,Số tự động,,0 Km,Xanh,Xăng	1.8 L,5 chỗ,5 cửa,Xe đã dùng,Nhập khẩu
SUV,Xe	LandRover Range Rover	Autobiography LWB 3.0 I6	2021	- 9 Tỷ 550 Triệu,Số tự động,,"8,000 Km",Đen,Xăng	3.0 L,5 chỗ,5 cửa,Xe đã dùng,Nhập khẩu
SUV,Xe	Lexus RX	350 AWD	2014	- 1 Tỷ 790 Triệu,Số tự động,,0 Km,Đen,Xăng	3.5 L,5 chỗ,5 cửa,Xe đã dùng,Nhập khẩu
Sedan,Xe	Kia Cerato	1.6 AT	2018	- 530 Triệu,Số tự động,,"45,000 Km",Trắng,Xăng	1.6 L,5 chỗ,4 cửa,Xe đã dùng,Lắp ráp trong nước
Bán tải / Pickup,Xe	Isuzu Dmax	LS 3.0 4x4 AT	2012	- 385 Triệu,Số tự động,,"99,000 Km",Bạc,Dầu	3.0 L,5 chỗ,4 cửa,Xe đã dùng,Nhập khẩu
Sedan,Xe	Toyota Vios	G 1.5 CVT	2021	- 579 Triệu,Số tự động,,"11,000 Km",Trắng,Xăng	1.5 L,5 chỗ,4 cửa,Xe đã dùng,Lắp ráp trong nước
Sedan,Xe	Kia Forte	SX 1.6 AT	2012	- 360 Triệu,Số tự động,,"68,140 Km",Đen,Xăng	1.6 L,5 chỗ,4 cửa,Xe đã dùng,Lắp ráp trong nước
Sedan,Xe	Honda City	L 1.5 AT	2022	- 559 Triệu,Số tự động,,0 Km,Nâu,Xăng	1.5 L,5 chỗ,4 cửa,Xe mới,Lắp ráp trong nước
Sedan,Xe	Hyundai Avante	1.6 MT	2013	- 305 Triệu,Số tay,,"80,000 Km",Đen,Xăng	1.6 L,5 chỗ,4 cửa,Xe đã dùng,Lắp ráp trong nước
SUV,Xe	Ford Everest	Titanium 2.0L 4x4 AT	2021	- 1 Tỷ 289 Triệu,Số tự động,,0 Km,Đen,Dầu	2.0 L,7 chỗ,5 cửa,Xe mới,Nhập khẩu
Van/Minivan,Xe	Kia Carnival	GS 2.5 AT	2009	- 245 Triệu,Số tự động,,"100,000 Km",Nâu,Xăng	2.5 L,7 chỗ,5 cửa,Xe đã dùng,Lắp ráp trong nước
SUV,Xe	Mitsubishi Xpander	Cross 1.5 AT	2022	- 600 Triệu,Số tự động,,0 Km,Cam,Xăng	1.5 L,7 chỗ,5 cửa,Xe mới,Nhập khẩu
SUV,Xe	Mitsubishi Outlander	Premium 2.0 CVT	2022	- 905 Triệu,Số tự động,,0 Km,Đỏ,Xăng	2.0 L,7 chỗ,5 cửa,Xe mới,Lắp ráp trong nước
Sedan,Xe	Kia K3	1.6 MT	2014	- 385 Triệu,Số tay,,"80,000 Km",Đen,Xăng	1.6 L,5 chỗ,4 cửa,Xe đã dùng,Lắp ráp trong nước
SUV,Xe	Honda HRV	RS	2022	- 820 Triệu,Số tự động,,0 Km,Trắng,Hybrid,5 chỗ,5 cửa,Xe mới,Nhập khẩu
SUV,Xe	LandRover Range Rover	Autobiography 5.0	2009	- 1 Tỷ 780 Triệu,Số tự động,,0 Km,Trắng,Xăng	5.0 L,5 chỗ,5 cửa,Xe đã dùng,Nhập khẩu
Sedan,Xe	Toyota Camry	2.0G	2021	- 1 Tỷ 30 Triệu,Số tự động,,"12,000 Km",Đen,Xăng	2.0 L,5 chỗ,4 cửa,Xe đã dùng,Nhập khẩu
SUV,Xe	Toyota Prado	VX 2.7L	2022	- 2 Tỷ 599 Triệu,Số tự động,,0 Km,Trắng,Xăng	2.7 L,7 chỗ,5 cửa,Xe mới,Nhập khẩu
SUV,Xe	Mitsubishi Xpander	Cross 1.5 AT	2022	- 688 Triệu,Số tự động,,0 Km,Trắng,Xăng	1.5 L,7 chỗ,5 cửa,Xe mới,Nhập khẩu
SUV,Xe	Mercedes Benz GLS	450 4Matic	2022	- 5 Tỷ 139 Triệu,Số tự động,,0 Km,Xanh,Xăng	3.0 L,7 chỗ,5 cửa,Xe mới,Nhập khẩu
SUV,Xe	Isuzu MU-X	3.0 4X2 AT	2016	- 660 Triệu,Số tự động,,"55,000 Km",Đen,Dầu	3.0 L,7 chỗ,5 cửa,Xe đã dùng,Nhập khẩu
Sedan,Xe	Hyundai Elantra	1.6 AT	2016	- 488 Triệu,Số tự động,,"52,000 Km",Đen,Xăng	1.6 L,5 chỗ,4 cửa,Xe đã dùng,Lắp ráp trong nước
Hatchback,Xe	Hyundai i30	CW 1.6 AT	2009	- 325 Triệu,Số tự động,,"88,000 Km",Xám,Xăng	1.6 L,5 chỗ,5 cửa,Xe đã dùng,Nhập khẩu
SUV,Xe	Lexus RX	350 AWD	2011	- 1 Tỷ 180 Triệu,Số tự động,,0 Km,Đen,Xăng	3.5 L,5 chỗ,5 cửa,Xe đã dùng,Nhập khẩu
SUV,Xe	Lexus RX	350	2020	- 4 Tỷ 30 Triệu,Số tự động,,"18,000 Km",Trắng,Xăng	3.5 L,5 chỗ,5 cửa,Xe đã dùng,Nhập khẩu
SUV,Xe	Hyundai SantaFe	Tiêu chuẩn 2.5L	2021	- 1 Tỷ 30 Triệu,Số tự động,,0 Km,Trắng,Xăng	2.5 L,7 chỗ,5 cửa,Xe mới,Lắp ráp trong nước
Crossover,Xe	Hyundai Tucson	1.6 AT Turbo HTRAC Đặc biệt	2022	- 1 Tỷ 20 Triệu,Số tự động,,0 Km,Đỏ,Xăng	1.6 L,5 chỗ,5 cửa,Xe mới,Lắp ráp trong nước
Sedan,Xe	Lexus IS	300 Luxury	2021	- 2 Tỷ 490 Triệu,Số tự động,,0 Km,Trắng,Xăng	2.0 L,5 chỗ,4 cửa,Xe mới,Nhập khẩu
SUV,Xe	VinFast Lux SA 2.0	Cao cấp	2022	- 1 Tỷ 271 Triệu,Số tự động,,0 Km,Đỏ,Xăng	2.0 L,7 chỗ,5 cửa,Xe mới,Lắp ráp trong nước
SUV,Xe	Kia Sorento	Signature 2.2 AT AWD	2022	- 1 Tỷ 299 Triệu,Số tự động,,0 Km,Xanh,Dầu	2.2 L,7 chỗ,5 cửa,Xe mới,Lắp ráp trong nước
Sedan,Xe	Toyota Corolla altis	2.0V Sport	2019	- 740 Triệu,Số tự động,,"20,000 Km",Đen,Xăng	2.0 L,5 chỗ,4 cửa,Xe đã dùng,Lắp ráp trong nước
Sedan,Xe	Maserati Quattroporte	3.0 V6	2017	- 5 Tỷ 899 Triệu,Số tự động,,"20,789 Km",Trắng,Xăng	3.0 L,5 chỗ,4 cửa,Xe đã dùng,Nhập khẩu
Sedan,Xe	Hyundai i10	MT	2016	- 269 Triệu,Số tay,,"65,000 Km",Trắng,Xăng,5 chỗ,4 cửa,Xe đã dùng,Nhập khẩu
Sedan,Xe	Mercedes Benz E class	E200 Exclusive	2022	- 2 Tỷ 470 Triệu,Số tự động,,0 Km,Đỏ,Xăng	2.0 L,5 chỗ,4 cửa,Xe mới,Lắp ráp trong nước
Sedan,Xe	Kia Optima	2.0 AT	2015	- 615 Triệu,Số tự động,,"82,000 Km",Trắng,Xăng	2.0 L,5 chỗ,4 cửa,Xe đã dùng,Nhập khẩu
Bán tải / Pickup,Xe	Isuzu Dmax	LS 1.9L 4x2 AT	2022	- 730 Triệu,Số tự động,,0 Km,Cam,Dầu	1.9 L,5 chỗ,4 cửa,Xe mới,Nhập khẩu
Crossover,Xe	MG HS	Trophy 1.5 AT 2WD	2022	- 799 Triệu,Số tự động,,0 Km,Đen,Xăng	1.5 L,5 chỗ,5 cửa,Xe mới,Nhập khẩu
Sedan,Xe	Hyundai Accent	1.4 AT Đặc Biệt	2022	- 542 Triệu,Số tự động,,0 Km,Trắng,Xăng	1.4 L,5 chỗ,4 cửa,Xe mới,Lắp ráp trong nước
Bán tải / Pickup,Xe	Ford Ranger	Wildtrak 2.0L 4x4 AT	2022	- 907 Triệu,Số tự động,,0 Km,Trắng,Dầu	2.0 L,5 chỗ,4 cửa,Xe mới,Lắp ráp trong nước
Sedan,Xe	Mazda 3	1.5L Luxury	2019	- 608 Triệu,Số tự động,,"24,000 Km",Đỏ,Xăng	1.5 L,5 chỗ,4 cửa,Xe đã dùng,Lắp ráp trong nước
Sedan,Xe	Hyundai i10	Grand 1.2 AT	2020	- 399 Triệu,Số tự động,,"9,000 Km",Bạc,Xăng	1.25 L,5 chỗ,4 cửa,Xe đã dùng,Lắp ráp trong nước
SUV,Xe	Toyota Raize	G 1.0 CVT	2022	- 555 Triệu,Số tự động,,0 Km,Đỏ,Xăng	1.0 L,5 chỗ,5 cửa,Xe mới,Nhập khẩu
SUV,Xe	Mitsubishi Pajero Sport	G 4x2 AT	2013	- 428 Triệu,Số tự động,,"80,000 Km",Vàng,Xăng	3.0 L,7 chỗ,5 cửa,Xe đã dùng,Lắp ráp trong nước
Sedan,Xe	Honda City	1.5TOP	2018	- 496 Triệu,Số tự động,,"39,000 Km",Trắng,Xăng	1.5 L,5 chỗ,4 cửa,Xe đã dùng,Lắp ráp trong nước
SUV,Xe	Hyundai SantaFe	Tiêu chuẩn 2.2L	2022	- 1 Tỷ 130 Triệu,Số tự động,,0 Km,Đen,Dầu	2.2 L,7 chỗ,5 cửa,Xe mới,Lắp ráp trong nước
Crossover,Xe	Kia Seltos	Luxury 1.4 AT	2022	- 704 Triệu,Số tự động,,0 Km,Trắng,Xăng	1.4 L,5 chỗ,5 cửa,Xe mới,Lắp ráp trong nước
SUV,Xe	Hyundai SantaFe	2.0L	2012	- 635 Triệu,Số tự động,,"91,000 Km",Nâu,Dầu	2.0 L,7 chỗ,5 cửa,Xe đã dùng,Nhập khẩu
Sedan,Xe	Mazda 6	G	2014	- 500 Triệu,Số tự động,,"90,000 Km",Trắng,Xăng,5 chỗ,4 cửa,Xe đã dùng,Lắp ráp trong nước
SUV,Xe	LandRover Range Rover	Autobiography 3.0	2015	- 4 Tỷ 650 Triệu,Số tự động,,0 Km,Trắng,Dầu	3.0 L,5 chỗ,5 cửa,Xe đã dùng,Nhập khẩu
SUV,Xe	Audi Q7	3.0 AT	2014	- 1 Tỷ 299 Triệu,Số tự động,,"80,000 Km",Đồng,Xăng	3.0 L,7 chỗ,5 cửa,Xe đã dùng,Nhập khẩu
SUV,Xe	Toyota Veloz	Cross 1.5 CVT	2022	- 648 Triệu,Số tự động,,0 Km,Đỏ,Xăng	1.5 L,7 chỗ,5 cửa,Xe mới,Nhập khẩu
Coupe,Xe	Porsche 718	Cayman 2.0 AT	2020	- 5 Tỷ 150 Triệu,Số tự động,,"5,000 Km",Trắng,Xăng	2.0 L,2 chỗ,2 cửa,Xe đã dùng,Nhập khẩu
SUV,Xe	Toyota Land Cruiser	4.2 MT	1996	- 400 Triệu,Số tay,,0 Km,Xám,Dầu	4.2 L,7 chỗ,5 cửa,Xe đã dùng,Nhập khẩu
SUV,Xe	Mercedes Benz GLC	300 4Matic	2019	- 1 Tỷ 899 Triệu,Số tự động,,"36,000 Km",Trắng,Xăng	2.0 L,5 chỗ,5 cửa,Xe đã dùng,Lắp ráp trong nước
Sedan,Xe	Mazda 3	1.5L Luxury	2019	- 595 Triệu,Số tự động,,"38,965 Km",Đỏ,Xăng	1.5 L,5 chỗ,4 cửa,Xe đã dùng,Lắp ráp trong nước
SUV,Xe	Volvo XC90	T6 Inscription	2018	- 3 Tỷ 99 Triệu,Số tự động,,"60,000 Km",Nâu,Xăng	2.0 L,7 chỗ,5 cửa,Xe đã dùng,Nhập khẩu
SUV,Xe	LandRover Range Rover Sport	Autobiography 5.0 V8	2013	- 2 Tỷ 880 Triệu,Số tự động,,"78,000 Km",Đen,Xăng	5.0 L,5 chỗ,5 cửa,Xe đã dùng,Nhập khẩu
SUV,Xe	Mazda CX5	2.5 AT	2016	- 675 Triệu,Số tự động,,0 Km,Trắng,Xăng	2.5 L,5 chỗ,5 cửa,Xe đã dùng,Lắp ráp trong nước
Hatchback,Xe	Toyota Yaris	1.3G	2014	- 435 Triệu,Số tự động,,"20,000 Km",Xanh,Xăng	1.3 L,5 chỗ,5 cửa,Xe đã dùng,Nhập khẩu
SUV,Xe	Toyota Prado	TXL 2.7L	2015	- 1 Tỷ 630 Triệu,Số tự động,,"10,000 Km",Đen,Xăng	2.7 L,7 chỗ,5 cửa,Xe đã dùng,Nhập khẩu
Sedan,Xe	Hyundai Accent	1.4 AT	2022	- 508 Triệu,Số tự động,,0 Km,Trắng,Xăng	1.4 L,5 chỗ,4 cửa,Xe mới,Lắp ráp trong nước
Sedan,Xe	Mercedes Benz E class	E200 Exclusive	2022	- 2 Tỷ 559 Triệu,Số tự động,,50 Km,Trắng,Xăng	2.0 L,5 chỗ,4 cửa,Xe đã dùng,Lắp ráp trong nước
Sedan,Xe	Kia Cerato	2.0 AT Premium	2020	- 630 Triệu,Số tự động,,"11,000 Km",Cát,Xăng	2.0 L,5 chỗ,4 cửa,Xe đã dùng,Lắp ráp trong nước
Sedan,Xe	Mercedes Benz E class	E250	2014	- 938 Triệu,Số tự động,,0 Km,Trắng,Xăng	2.0 L,5 chỗ,4 cửa,Xe đã dùng,Lắp ráp trong nước
SUV,Xe	Ford EcoSport	Titanium 1.5L AT	2019	- 565 Triệu,Số tự động,,"17,000 Km",Xám,Xăng	1.5 L,5 chỗ,5 cửa,Xe đã dùng,Lắp ráp trong nước
Sedan,Xe	Chevrolet Cruze	LTZ 1.8L	2017	- 410 Triệu,Số tự động,,"45,000 Km",Đỏ,Xăng	1.8 L,5 chỗ,4 cửa,Xe đã dùng,Lắp ráp trong nước
Crossover,Xe	Toyota Innova	Venturer 2.0 AT	2020	- 858 Triệu,Số tự động,,"9,999 Km",Đỏ,Xăng	2.0 L,8 chỗ,5 cửa,Xe đã dùng,Lắp ráp trong nước
Van/Minivan,Xe	Ford Tourneo	Titanium 2.0 AT	2019	- 790 Triệu,Số tự động,,"46,000 Km",Đen,Xăng	2.0 L,7 chỗ,5 cửa,Xe đã dùng,Lắp ráp trong nước
Coupe,Xe	Porsche 911	Carrera	2022	- 10 Tỷ ,Số tự động,,"3,000 Km",Vàng,Xăng	3.0 L,4 chỗ,2 cửa,Xe đã dùng,Nhập khẩu
SUV,Xe	Honda CRV	E	2022	- 998 Triệu,Số tự động,,0 Km,Xanh,Xăng	1.5 L,7 chỗ,5 cửa,Xe mới,Lắp ráp trong nước
SUV,Xe	Honda CRV	G	2022	- 1 Tỷ 48 Triệu,Số tự động,,0 Km,Nâu,Xăng	1.5 L,7 chỗ,5 cửa,Xe mới,Lắp ráp trong nước
Sedan,Xe	BMW 3 Series	320i	2013	- 660 Triệu,Số tự động,,"72,098 Km",Nâu,Xăng	2.0 L,5 chỗ,4 cửa,Xe đã dùng,Nhập khẩu
Crossover,Xe	Ford Escape	2.0	2003	- 165 Triệu,Số tay,,"120,000 Km",Đen,Xăng,5 chỗ,5 cửa,Xe đã dùng,Lắp ráp trong nước
Hatchback,Xe	Mini Cooper	S	2015	- 1 Tỷ 80 Triệu,Số tự động,,"35,000 Km",Vàng,Xăng,5 chỗ,5 cửa,Xe đã dùng,Nhập khẩu
Sedan,Xe	Mercedes Benz S class	S500L	2016	- 2 Tỷ 850 Triệu,Số tự động,,"39,000 Km",Đen,Xăng	4.7 L,5 chỗ,4 cửa,Xe đã dùng,Nhập khẩu
SUV,Xe	Mercedes Benz GLC	200 4Matic	2022	- 2 Tỷ 129 Triệu,Số tự động,,0 Km,Đen,Xăng	2.0 L,5 chỗ,5 cửa,Xe mới,Lắp ráp trong nước
Hatchback,Xe	Kia Morning	GT-Line	2022	- 430 Triệu,Số tự động,,"2,000 Km",Xám,Xăng	1.25 L,5 chỗ,4 cửa,Xe đã dùng,Lắp ráp trong nước
Sedan,Xe	Mercedes Benz E class	E200 Exclusive	2021	- 2 Tỷ 266 Triệu,Số tự động,,"8,000 Km",Đen,Xăng	2.0 L,5 chỗ,4 cửa,Xe đã dùng,Lắp ráp trong nước
Sedan,Xe	Mercedes Benz C class	C300 AMG	2016	- 1 Tỷ 200 Triệu,Số tự động,,"45,000 Km",Đỏ,Xăng	2.0 L,5 chỗ,4 cửa,Xe đã dùng,Lắp ráp trong nước
Sedan,Xe	Kia K3	Premium 1.6 AT	2022	- 674 Triệu,Số tự động,,0 Km,Đen,Xăng	1.6 L,5 chỗ,4 cửa,Xe mới,Lắp ráp trong nước
SUV,Xe	BMW X7	xDrive40i M Sport	2019	- 6 Tỷ 350 Triệu,Số tự động,,"15,000 Km",Trắng,Xăng	3.0 L,7 chỗ,5 cửa,Xe đã dùng,Nhập khẩu
Sedan,Xe	Mercedes Benz C class	C180	2020	- 1 Tỷ 269 Triệu,Số tự động,,"10,000 Km",Trắng,Xăng	1.5 L,5 chỗ,4 cửa,Xe đã dùng,Lắp ráp trong nước
Convertible/Cabriolet,Xe	BMW 3 Series	328i Convertible	2008	- 735 Triệu,Số tự động,,0 Km,Đỏ,Xăng	2.0 L,4 chỗ,2 cửa,Xe đã dùng,Nhập khẩu
SUV,Xe	Mitsubishi Pajero Sport	3.0G 4x2 AT	2019	- 839 Triệu,Số tự động,,0 Km,Đen,Xăng	3.0 L,7 chỗ,5 cửa,Xe đã dùng,Nhập khẩu
Hatchback,Xe	Mazda 3	2.0L Sport Signature Premium	2020	- 786 Triệu,Số tự động,,"15,239 Km",Đỏ,Xăng	2.0 L,5 chỗ,5 cửa,Xe đã dùng,Lắp ráp trong nước
SUV,Xe	LandRover Range Rover Sport	HSE	2015	- 2 Tỷ 520 Triệu,Số tự động,,"48,000 Km",Trắng,Xăng	3.0 L,5 chỗ,5 cửa,Xe đã dùng,Nhập khẩu
SUV,Xe	Kia Sorento	GATH	2017	- 670 Triệu,Số tự động,,"50,000 Km",Cát,Xăng	2.4 L,7 chỗ,5 cửa,Xe đã dùng,Lắp ráp trong nước
SUV,Xe	Ford Everest	Titanium 2.0L 4x2 AT	2022	- 1 Tỷ 151 Triệu,Số tự động,,0 Km,Xanh,Dầu	2.0 L,7 chỗ,5 cửa,Xe mới,Nhập khẩu
Sedan,Xe	Mazda 3	1.5L Luxury	2020	- 670 Triệu,Số tự động,,"18,000 Km",Đỏ,Xăng	1.5 L,5 chỗ,4 cửa,Xe đã dùng,Lắp ráp trong nước
SUV,Xe	Hyundai SantaFe	Premium 2.4L HTRAC	2020	- 1 Tỷ 120 Triệu,Số tự động,,"28,000 Km",Đen,Xăng	2.4 L,7 chỗ,5 cửa,Xe đã dùng,Lắp ráp trong nước
SUV,Xe	Kia Sorento	Signature 2.2 AT AWD	2021	- 1 Tỷ 288 Triệu,Số tự động,,"18,555 Km",Trắng,Dầu	2.2 L,7 chỗ,5 cửa,Xe đã dùng,Lắp ráp trong nước
SUV,Xe	Mazda CX5	2.5 AT	2016	- 655 Triệu,Số tự động,,"45,000 Km",Trắng,Xăng	2.5 L,5 chỗ,5 cửa,Xe đã dùng,Lắp ráp trong nước
Bán tải / Pickup,Xe	Ford Ranger	XLS 2.2L 4x2 AT	2022	- 632 Triệu,Số tự động,,0 Km,Bạc,Dầu	2.2 L,5 chỗ,4 cửa,Xe mới,Lắp ráp trong nước
SUV,Xe	Mitsubishi Pajero Sport	3.0G 4x2 AT	2018	- 799 Triệu,Số tự động,,0 Km,Đen,Xăng	3.0 L,7 chỗ,5 cửa,Xe đã dùng,Nhập khẩu
Sedan,Xe	Mazda 3	1.5 AT	2018	- 545 Triệu,Số tự động,,"50,000 Km",Đỏ,Xăng	1.5 L,5 chỗ,4 cửa,Xe đã dùng,Lắp ráp trong nước
Crossover,Xe	MG ZS	Luxury 1.5 AT 2WD	2022	- 619 Triệu,Số tự động,,0 Km,Đỏ,Xăng	1.5 L,5 chỗ,5 cửa,Xe mới,Nhập khẩu
Sedan,Xe	Kia K3	Premium 1.6 AT	2022	- 674 Triệu,Số tự động,,0 Km,Xanh,Xăng	1.6 L,5 chỗ,4 cửa,Xe mới,Lắp ráp trong nước
Sedan,Xe	Mazda 3	1.5L Deluxe	2022	- 669 Triệu,Số tự động,,0 Km,Nhiều màu,Xăng	1.5 L,5 chỗ,4 cửa,Xe mới,Lắp ráp trong nước
Sedan,Xe	Daewoo Lacetti	SE	2011	- 230 Triệu,Số tay,,0 Km,Bạc,Xăng	1.6 L,5 chỗ,4 cửa,Xe đã dùng,Nhập khẩu
Crossover,Xe	VinFast VF e34	AT	2022	- 585 Triệu,Số tự động,,0 Km,Đen,Điện	0.1 L,5 chỗ,5 cửa,Xe mới,Lắp ráp trong nước
Hatchback,Xe	Kia Morning	SLX 1.0 AT	2010	- 235 Triệu,Số tự động,,"11,000 Km",Vàng,Xăng	1.0 L,5 chỗ,5 cửa,Xe đã dùng,Nhập khẩu
Crossover,Xe	Kia Seltos	Deluxe 1.4 AT	2022	- 639 Triệu,Số tự động,,0 Km,Cam,Xăng	1.4 L,5 chỗ,5 cửa,Xe mới,Lắp ráp trong nước
Convertible/Cabriolet,Xe	BMW Z4	sDrive30i M-Sport	2022	- 3 Tỷ 409 Triệu,Số tự động,,0 Km,Trắng,Xăng	2.0 L,2 chỗ,2 cửa,Xe mới,Nhập khẩu
Bán tải / Pickup,Xe	Mazda BT50	Luxury 2.2L 4x2 AT	2020	- 638 Triệu,Số tự động,,"20,000 Km",Trắng,Dầu	2.2 L,5 chỗ,4 cửa,Xe đã dùng,Nhập khẩu
SUV,Xe	Kia Rondo	GAT Deluxe	2020	- 599 Triệu,Số tự động,,"29,999 Km",Trắng,Xăng	2.0 L,7 chỗ,5 cửa,Xe đã dùng,Lắp ráp trong nước
SUV,Xe	Ford EcoSport	Titanium 1.5L AT	2015	- 399 Triệu,Số tự động,,0 Km,Trắng,Xăng	1.5 L,5 chỗ,5 cửa,Xe đã dùng,Lắp ráp trong nước
Hatchback,Xe	Hyundai i10	Grand 1.2 AT	2020	- 410 Triệu,Số tự động,,0 Km,Đỏ,Xăng	1.25 L,5 chỗ,5 cửa,Xe đã dùng,Lắp ráp trong nước
Sedan,Xe	Toyota Camry	2.0Q	2022	- 1 Tỷ 167 Triệu,Số tự động,,0 Km,Đen,Xăng	2.0 L,5 chỗ,4 cửa,Xe mới,Nhập khẩu
Bán tải / Pickup,Xe	Ford Ranger	XLS 2.2L 4x2 MT	2022	- 642 Triệu,Số tay,,0 Km,Cát,Dầu	2.2 L,5 chỗ,4 cửa,Xe mới,Lắp ráp trong nước
SUV,Xe	VinFast Lux SA 2.0	Premium 2.0 AT	2019	- 985 Triệu,Số tự động,,"39,856 Km",Đen,Xăng	2.0 L,7 chỗ,5 cửa,Xe đã dùng,Lắp ráp trong nước
Sedan,Xe	Kia K5	2.0 AT	2010	- 395 Triệu,Số tự động,,0 Km,Đen,Xăng	2.0 L,5 chỗ,4 cửa,Xe đã dùng,Nhập khẩu
Bán tải / Pickup,Xe	Mitsubishi Triton	4x2 AT	2017	- 502 Triệu,Số tự động,,"40,000 Km",Xám,Dầu	2.5 L,5 chỗ,4 cửa,Xe đã dùng,Nhập khẩu
Sedan,Xe	BMW 7 Series	730Li	2010	- 860 Triệu,Số tự động,,"66,666 Km",Đen,Xăng	3.0 L,5 chỗ,4 cửa,Xe đã dùng,Nhập khẩu
Sedan,Xe	Mercedes Benz S class	S450L	2018	- 3 Tỷ 420 Triệu,Số tự động,,"36,000 Km",Xanh,Xăng	3.0 L,5 chỗ,4 cửa,Xe đã dùng,Lắp ráp trong nước
SUV,Xe	Honda CRV	2.4 AT	2013	- 588 Triệu,Số tự động,,"82,000 Km",Bạc,Xăng	2.4 L,5 chỗ,5 cửa,Xe đã dùng,Lắp ráp trong nước
Hatchback,Xe	Chevrolet Spark	LT 0.8 MT	2011	- 99 Triệu,Số tay,,0 Km,Trắng,Xăng	0.8 L,5 chỗ,5 cửa,Xe đã dùng,Lắp ráp trong nước
Van/Minivan,Xe	Suzuki Super Carry Van	Blind Van	2022	- 293 Triệu,Số tay,,0 Km,Trắng,Xăng	1.0 L,2 chỗ,5 cửa,Xe mới,Lắp ráp trong nước
SUV,Xe	LandRover Range Rover Evoque	Dynamic	2013	- 1 Tỷ 159 Triệu,Số tự động,,"60,000 Km",Trắng,Xăng	2.0 L,5 chỗ,5 cửa,Xe đã dùng,Nhập khẩu
Sedan,Xe	Honda Civic	1.8 AT	2009	- 315 Triệu,Số tự động,,"89,000 Km",Ghi,Xăng	1.8 L,5 chỗ,4 cửa,Xe đã dùng,Lắp ráp trong nước
Sedan,Xe	Honda City	L 1.5 AT	2022	- 539 Triệu,Số tự động,,0 Km,Trắng,Xăng	1.5 L,5 chỗ,4 cửa,Xe mới,Lắp ráp trong nước
Sedan,Xe	Kia Cerato	1.6 AT	2018	- 535 Triệu,Số tự động,,"59,000 Km",Trắng,Xăng	1.6 L,5 chỗ,4 cửa,Xe đã dùng,Lắp ráp trong nước
Hatchback,Xe	Hyundai i10	Grand 1.2 AT	2021	- 412 Triệu,Số tự động,,"12,000 Km",Đỏ,Xăng	1.25 L,5 chỗ,5 cửa,Xe đã dùng,Lắp ráp trong nước
Sedan,Xe	Toyota Corolla	GLi 1.8 AT	2007	- 338 Triệu,Số tự động,,"110,000 Km",Đen,Xăng	1.8 L,5 chỗ,4 cửa,Xe đã dùng,Nhập khẩu
Sedan,Xe	Kia Cerato	2.0 AT Premium	2020	- 628 Triệu,Số tự động,,"30,000 Km",Trắng,Xăng	2.0 L,5 chỗ,4 cửa,Xe đã dùng,Lắp ráp trong nước
Crossover,Xe	Hyundai Tucson	1.6 AT Turbo HTRAC Đặc biệt	2022	- 1 Tỷ 20 Triệu,Số tự động,,0 Km,Xanh,Xăng	1.6 L,5 chỗ,5 cửa,Xe mới,Lắp ráp trong nước
SUV,Xe	Suzuki Ertiga	Limited 1.5 AT	2022	- 555 Triệu,Số tự động,,0 Km,Xám,Xăng	1.5 L,7 chỗ,5 cửa,Xe mới,Nhập khẩu
Bán tải / Pickup,Xe	Ford Ranger	2.2	2019	- 660 Triệu,Số tự động,,"41,123 Km",Xanh,Dầu,5 chỗ,4 cửa,Xe đã dùng,Nhập khẩu
SUV,Xe	Mitsubishi Xpander	Premium 1.5 AT	2022	- 648 Triệu,Số tự động,,0 Km,Trắng,Xăng	1.5 L,7 chỗ,5 cửa,Xe mới,Nhập khẩu
Sedan,Xe	Mercedes Benz S class	S450L Luxury	2020	- 4 Tỷ 600 Triệu,Số tự động,,0 Km,Đen,Xăng	3.0 L,5 chỗ,4 cửa,Xe đã dùng,Lắp ráp trong nước
Truck,Xe	Isuzu FVR	FVM34T - Bồn Cám CP	2022	- 1 Tỷ 900 Triệu,Số tay,,0 Km,Trắng,Dầu,3 chỗ,2 cửa,Xe mới,Lắp ráp trong nước
Sedan,Xe	Toyota Vios	1.5E	2018	- 390 Triệu,Số tay,,"45,000 Km",Trắng,Xăng	1.5 L,5 chỗ,4 cửa,Xe đã dùng,Lắp ráp trong nước
Sedan,Xe	Honda City	1.5TOP	2018	- 485 Triệu,Số tự động,,0 Km,Trắng,Xăng	1.5 L,5 chỗ,4 cửa,Xe đã dùng,Lắp ráp trong nước
SUV,Xe	Porsche Cayenne	3.0 V6	2018	- 5 Tỷ 600 Triệu,Số tự động,,"40,000 Km",Xanh,Xăng	3.0 L,5 chỗ,5 cửa,Xe đã dùng,Nhập khẩu
Sedan,Xe	Toyota Camry	2.0E	2014	- 655 Triệu,Số tự động,,"45,000 Km",Đen,Xăng	2.0 L,5 chỗ,4 cửa,Xe đã dùng,Lắp ráp trong nước
SUV,Xe	Mazda CX5	2.5 AT 2WD	2017	- 710 Triệu,Số tự động,,"110,000 Km",Đen,Xăng	2.5 L,5 chỗ,4 cửa,Xe đã dùng,Lắp ráp trong nước
SUV,Xe	Toyota Rush	1.5S AT	2019	- 595 Triệu,Số tự động,,"73,000 Km",Đỏ,Xăng	1.5 L,7 chỗ,5 cửa,Xe đã dùng,Nhập khẩu
SUV,Xe	VinFast Lux SA 2.0	Premium 2.0 AT	2019	- 948 Triệu,Số tự động,,"53,000 Km",Trắng,Xăng	2.0 L,7 chỗ,5 cửa,Xe đã dùng,Lắp ráp trong nước
Sedan,Xe	Toyota Camry	LE 2.5	2010	- 665 Triệu,Số tự động,,"65,000 Km",Đen,Xăng	2.5 L,5 chỗ,5 cửa,Xe đã dùng,Nhập khẩu
Sedan,Xe	VinFast Lux A 2.0	Plus 2.0 AT	2019	- 799 Triệu,Số tự động,,"28,000 Km",Đỏ,Xăng	2.0 L,5 chỗ,4 cửa,Xe đã dùng,Lắp ráp trong nước
Crossover,Xe	Toyota Venza	2.7	2009	- 595 Triệu,Số tự động,,"73,000 Km",Đen,Xăng	2.7 L,5 chỗ,5 cửa,Xe đã dùng,Nhập khẩu
SUV,Xe	Mercedes Benz GLS	400 4Matic	2016	- 2 Tỷ 650 Triệu,Số tự động,,"67,000 Km",Nâu,Xăng	3.0 L,7 chỗ,5 cửa,Xe đã dùng,Nhập khẩu
Sedan,Xe	Hyundai Accent	1.4 ATH	2018	- 468 Triệu,Số tự động,,0 Km,Đỏ,Xăng	1.4 L,5 chỗ,4 cửa,Xe đã dùng,Lắp ráp trong nước
Hatchback,Xe	Hyundai i10	Grand 1.2 AT	2018	- 375 Triệu,Số tự động,,"20,000 Km",Trắng,Xăng	1.25 L,5 chỗ,5 cửa,Xe đã dùng,Lắp ráp trong nước
Sedan,Xe	Kia K3	Premium 1.6 AT	2022	- 674 Triệu,Số tự động,,0 Km,Đỏ,Xăng	1.6 L,5 chỗ,4 cửa,Xe mới,Lắp ráp trong nước
Bán tải / Pickup,Xe	Mitsubishi Triton	4x2 MT	2019	- 518 Triệu,Số tay,,"16,000 Km",Xám,Dầu	2.5 L,5 chỗ,4 cửa,Xe đã dùng,Nhập khẩu
Hatchback,Xe	Kia Morning	EX 1.1 MT	2011	- 130 Triệu,Số tay,,0 Km,Xám,Xăng	1.1 L,5 chỗ,5 cửa,Xe đã dùng,Lắp ráp trong nước
Bán tải / Pickup,Xe	Ford Ranger	XLS 2.2L 4x2 AT	2021	- 755 Triệu,Số tự động,,"12,000 Km",Trắng,Dầu	2.2 L,5 chỗ,4 cửa,Xe đã dùng,Nhập khẩu
Bán tải / Pickup,Xe	Ford Ranger	XLS 2.2L 4x2 MT	2022	- 642 Triệu,Số tay,,0 Km,Bạc,Dầu	2.2 L,5 chỗ,4 cửa,Xe mới,Lắp ráp trong nước
Crossover,Xe	Toyota Innova	G	2010	- 239 Triệu,Số tay,,"121,000 Km",Bạc,Xăng	2.0 L,8 chỗ,5 cửa,Xe đã dùng,Lắp ráp trong nước
Sedan,Xe	Mazda 3	1.6 AT	2004	- 209 Triệu,Số tự động,,"180,000 Km",Đen,Xăng	1.6 L,5 chỗ,4 cửa,Xe đã dùng,Lắp ráp trong nước
Sedan,Xe	Mazda 2	1.5 AT	2017	- 435 Triệu,Số tự động,,"45,000 Km",Trắng,Xăng	1.5 L,5 chỗ,4 cửa,Xe đã dùng,Lắp ráp trong nước
Sedan,Xe	Mercedes Benz E class	E200 Exclusive	2022	- 2 Tỷ 310 Triệu,Số tự động,,0 Km,Đen,Xăng	2.0 L,5 chỗ,4 cửa,Xe mới,Lắp ráp trong nước
Hatchback,Xe	VinFast Fadil	Tiêu chuẩn 1.4 AT	2022	- 342 Triệu,Số tự động,,0 Km,Đỏ,Xăng	1.4 L,5 chỗ,5 cửa,Xe mới,Lắp ráp trong nước
SUV,Xe	Toyota Fortuner	2.4G 4x2 AT	2020	- 1 Tỷ 75 Triệu,Số tự động,,"34,450 Km",Trắng,Dầu	2.4 L,8 chỗ,5 cửa,Xe đã dùng,Lắp ráp trong nước
SUV,Xe	Hyundai SantaFe	2.4L	2020	- 950 Triệu,Số tự động,,0 Km,Cam,Xăng	2.4 L,7 chỗ,5 cửa,Xe đã dùng,Lắp ráp trong nước
Bán tải / Pickup,Xe	Ford Ranger	XL 2.2L 4x4 MT	2022	- 628 Triệu,Số tay,,0 Km,Đen,Dầu	2.2 L,5 chỗ,4 cửa,Xe mới,Lắp ráp trong nước
Bán tải / Pickup,Xe	Ford Ranger	XLS 2.2L 4x2 AT	2020	- 715 Triệu,Số tự động,,"18,000 Km",Trắng,Dầu	2.2 L,5 chỗ,4 cửa,Xe đã dùng,Nhập khẩu
Crossover,Xe	Cadillac SRX	3.0 V6	2011	- 780 Triệu,Số tự động,,0 Km,Đen,Xăng	3.0 L,5 chỗ,5 cửa,Xe đã dùng,Nhập khẩu
Sedan,Xe	Mercedes Benz C class	C250 Exclusive	2016	- 1 Tỷ 95 Triệu,Số tự động,,"38,000 Km",Xanh,Xăng	2.0 L,5 chỗ,4 cửa,Xe đã dùng,Lắp ráp trong nước
Sedan,Xe	Mitsubishi Attrage	1.2 MT	2022	- 375 Triệu,Số tay,,0 Km,Xám,Xăng	1.2 L,5 chỗ,4 cửa,Xe mới,Nhập khẩu
SUV,Xe	VinFast Lux SA 2.0	Premium 2.0 AT	2019	- 1 Tỷ 30 Triệu,Số tự động,,0 Km,Trắng,Xăng	2.0 L,7 chỗ,5 cửa,Xe đã dùng,Lắp ráp trong nước
Sedan,Xe	Toyota Camry	2.5Q	2022	- 1 Tỷ 370 Triệu,Số tự động,,0 Km,Đen,Xăng	2.5 L,5 chỗ,4 cửa,Xe mới,Nhập khẩu
Hatchback,Xe	VinFast Fadil	1.4 AT Plus	2021	- 403 Triệu,Số tự động,,0 Km,Xám,Xăng	1.4 L,5 chỗ,5 cửa,Xe mới,Lắp ráp trong nước
Bán tải / Pickup,Xe	Mazda BT50	Luxury 1.9L 4x2 AT	2021	- 789 Triệu,Số tự động,,0 Km,Ghi,Dầu	1.9 L,5 chỗ,4 cửa,Xe mới,Nhập khẩu
Bán tải / Pickup,Xe	Ford Ranger	XLS 2.2L 4x2 AT	2022	- 662 Triệu,Số tự động,,0 Km,Nâu,Dầu	2.2 L,5 chỗ,4 cửa,Xe mới,Lắp ráp trong nước
SUV,Xe	Ford Everest	Titanium 2.0L 4x2 AT	2022	- 1 Tỷ 168 Triệu,Số tự động,,0 Km,Xanh,Dầu	2.0 L,7 chỗ,5 cửa,Xe mới,Nhập khẩu
Crossover,Xe	Kia Seltos	Premium 1.4 AT	2021	- 799 Triệu,Số tự động,,0 Km,Đen,Xăng	1.4 L,5 chỗ,5 cửa,Xe đã dùng,Lắp ráp trong nước
Bán tải / Pickup,Xe	Ford Ranger	Wildtrak 3.2L 4x4 AT	2016	- 775 Triệu,Số tự động,,"40,000 Km",Cam,Dầu	3.2 L,5 chỗ,4 cửa,Xe đã dùng,Nhập khẩu
Sedan,Xe	Kia Forte	SLi 1.6 AT	2009	- 309 Triệu,Số tự động,,"115,689 Km",Xám,Xăng	1.6 L,5 chỗ,4 cửa,Xe đã dùng,Nhập khẩu
SUV,Xe	Hyundai SantaFe	2.4L	2013	- 685 Triệu,Số tự động,,"80,000 Km",Bạc,Xăng	2.4 L,7 chỗ,5 cửa,Xe đã dùng,Nhập khẩu
Sedan,Xe	Toyota Corolla altis	1.8G	2022	- 699 Triệu,Số tự động,,0 Km,Đen,Xăng	1.8 L,5 chỗ,4 cửa,Xe mới,Nhập khẩu
Sedan,Xe	VinFast Lux A 2.0	Tiêu chuẩn	2022	- 881 Triệu,Số tự động,,0 Km,Trắng,Xăng	2.0 L,5 chỗ,4 cửa,Xe mới,Lắp ráp trong nước
SUV,Xe	Honda CRV	L	2020	- 1 Tỷ 10 Triệu,Số tự động,,"30,000 Km",Đỏ,Xăng	1.5 L,7 chỗ,5 cửa,Xe đã dùng,Lắp ráp trong nước
Bán tải / Pickup,Xe	Chevrolet Colorado	LTZ 2.8L 4x4 AT	2018	- 599 Triệu,Số tự động,,"70,000 Km",Đỏ,Dầu	2.8 L,5 chỗ,4 cửa,Xe đã dùng,Nhập khẩu
Sedan,Xe	Hyundai Accent	1.4 AT	2022	- 565 Triệu,Số tự động,,"5,800 Km",Trắng,Xăng	1.4 L,5 chỗ,4 cửa,Xe đã dùng,Lắp ráp trong nước
SUV,Xe	Toyota Corolla Cross	1.8HV	2022	- 920 Triệu,Số tự động,,0 Km,Trắng,Hybrid	1.8 L,5 chỗ,5 cửa,Xe mới,Nhập khẩu
Sedan,Xe	Toyota Vios	G	2007	- 195 Triệu,Số tay,,"140,000 Km",Bạc,Xăng	1.5 L,5 chỗ,4 cửa,Xe đã dùng,Lắp ráp trong nước
Crossover,Xe	Hyundai Kona	2.0 ATH	2021	- 688 Triệu,Số tự động,,"7,000 Km",Trắng,Xăng	2.0 L,5 chỗ,5 cửa,Xe đã dùng,Lắp ráp trong nước
Sedan,Xe	Mazda 3	1.5L Luxury	2019	- 619 Triệu,Số tự động,,"35,276 Km",Đỏ,Xăng	1.5 L,5 chỗ,4 cửa,Xe đã dùng,Lắp ráp trong nước
SUV,Xe	LandRover Range Rover	Vogue 3.0	2015	- 3 Tỷ 880 Triệu,Số tự động,,"30,000 Km",Đen,Xăng	3.0 L,5 chỗ,5 cửa,Xe đã dùng,Nhập khẩu
Sedan,Xe	Mazda 3	1.5L Luxury	2019	- 609 Triệu,Số tự động,,"28,000 Km",Trắng,Xăng	1.5 L,5 chỗ,4 cửa,Xe đã dùng,Lắp ráp trong nước
Van/Minivan,Xe	Kia Carnival	Luxury 2.2D	2022	- 1 Tỷ 379 Triệu,Số tự động,,"10,000 Km",Đen,Dầu	2.2 L,8 chỗ,5 cửa,Xe đã dùng,Lắp ráp trong nước
Sedan,Xe	Kia K5	Premium 2.0 AT	2022	- 965 Triệu,Số tự động,,"3,000 Km",Đen,Xăng	2.0 L,5 chỗ,4 cửa,Xe đã dùng,Lắp ráp trong nước
Sedan,Xe	Hyundai Accent	1.4 MT	2013	- 325 Triệu,Số tay,,"66,000 Km",Trắng,Xăng	1.4 L,5 chỗ,4 cửa,Xe đã dùng,Nhập khẩu
Sedan,Xe	Mazda 2	Luxury	2022	- 530 Triệu,Số tự động,,0 Km,Trắng,Xăng	1.5 L,5 chỗ,4 cửa,Xe mới,Nhập khẩu
Van/Minivan,Xe	Chevrolet Spark	Duo Van 1.2 MT	2016	- 159 Triệu,Số tay,,0 Km,Đỏ,Xăng	1.2 L,2 chỗ,5 cửa,Xe đã dùng,Lắp ráp trong nước
Sedan,Xe	Mercedes Benz E class	E200	2016	- 1 Tỷ 360 Triệu,Số tự động,,"50,000 Km",Đen,Xăng	2.0 L,5 chỗ,4 cửa,Xe đã dùng,Lắp ráp trong nước
Sedan,Xe	Chevrolet Cruze	LTZ 1.8 AT	2015	- 369 Triệu,Số tự động,,"60,000 Km",Đỏ,Xăng	1.8 L,5 chỗ,4 cửa,Xe đã dùng,Lắp ráp trong nước
SUV,Xe	Ford Everest	2.5L 4x2 MT	2007	- 248 Triệu,Số tay,,0 Km,Bạc,Dầu	2.5 L,8 chỗ,5 cửa,Xe đã dùng,Lắp ráp trong nước
Crossover,Xe	Kia Sonet	Deluxe 1.5 AT	2022	- 554 Triệu,Số tự động,,0 Km,Trắng,Xăng	1.5 L,5 chỗ,5 cửa,Xe mới,Lắp ráp trong nước
Hatchback,Xe	Kia Morning	1.0AT	2016	- 265 Triệu,Số tự động,,"65,670 Km",Kem,Xăng,2 chỗ,0 cửa,Xe đã dùng,Nhập khẩu
Bán tải / Pickup,Xe	Ford Ranger	XLS 2.2L 4x2 AT	2014	- 455 Triệu,Số tự động,,"98,695 Km",Bạc,Dầu	2.2 L,5 chỗ,4 cửa,Xe đã dùng,Nhập khẩu
SUV,Xe	Ford Everest	Titanium 2.0L 4x4 AT	2019	- 1 Tỷ 230 Triệu,Số tự động,,"32,000 Km",Đỏ,Dầu	2.0 L,7 chỗ,5 cửa,Xe đã dùng,Nhập khẩu
SUV,Xe	Lexus RX	350	2018	- 3 Tỷ 750 Triệu,Số tự động,,"39,000 Km",Đen,Xăng	3.5 L,5 chỗ,4 cửa,Xe đã dùng,Nhập khẩu
SUV,Xe	Lexus RX	350	2019	- 4 Tỷ ,Số tự động,,"18,000 Km",Trắng,Xăng	3.5 L,5 chỗ,5 cửa,Xe đã dùng,Nhập khẩu
SUV,Xe	Lexus RX	350L	2020	- 4 Tỷ 390 Triệu,Số tự động,,"29,000 Km",Trắng,Xăng	3.5 L,7 chỗ,5 cửa,Xe đã dùng,Nhập khẩu
Sedan,Xe	Kia Cerato	2.0 AT Premium	2019	- 625 Triệu,Số tự động,,"28,000 Km",Đỏ,Xăng	2.0 L,5 chỗ,4 cửa,Xe đã dùng,Lắp ráp trong nước
Sedan,Xe	VinFast Lux A 2.0	Premium 2.0 AT	2020	- 818 Triệu,Số tự động,,"23,000 Km",Đỏ,Xăng	2.0 L,5 chỗ,4 cửa,Xe đã dùng,Lắp ráp trong nước
Hatchback,Xe	Volkswagen Polo	1.6 AT	2020	- 659 Triệu,Số tự động,,0 Km,Xanh,Xăng	1.6 L,5 chỗ,5 cửa,Xe đã dùng,Nhập khẩu
Crossover,Xe	Toyota Innova	2.0V	2019	- 770 Triệu,Số tự động,,0 Km,Đồng,Xăng	2.0 L,7 chỗ,5 cửa,Xe đã dùng,Lắp ráp trong nước
Crossover,Xe	Toyota Innova	2.0G	2017	- 550 Triệu,Số tự động,,"86,000 Km",Bạc,Xăng	2.0 L,8 chỗ,5 cửa,Xe đã dùng,Lắp ráp trong nước
SUV,Xe	Hyundai SantaFe	2.4L	2013	- 685 Triệu,Số tự động,,"61,000 Km",Bạc,Xăng	2.4 L,7 chỗ,5 cửa,Xe đã dùng,Nhập khẩu
Sedan,Xe	BMW 7 Series	730Li	2011	- 1 Tỷ 100 Triệu,Số tự động,,"128,000 Km",Đen,Xăng	3.0 L,5 chỗ,4 cửa,Xe đã dùng,Nhập khẩu
Crossover,Xe	Toyota Venza	2.7 AWD	2009	- 650 Triệu,Số tự động,,0 Km,Đen,Xăng	2.7 L,5 chỗ,5 cửa,Xe đã dùng,Nhập khẩu
SUV,Xe	Ford EcoSport	Titanium 1.5 AT	2020	- 589 Triệu,Số tự động,,"20,000 Km",Đỏ,Xăng	1.5 L,5 chỗ,5 cửa,Xe đã dùng,Lắp ráp trong nước
Sedan,Xe	Honda City	1.5 AT	2017	- 475 Triệu,Số tự động,,"12,000 Km",Đỏ,Xăng	1.5 L,5 chỗ,4 cửa,Xe đã dùng,Lắp ráp trong nước
Crossover,Xe	Peugeot 2008	Active 1.2 AT	2022	- 769 Triệu,Số tự động,,0 Km,Đen,Xăng	1.2 L,5 chỗ,5 cửa,Xe mới,Lắp ráp trong nước
Bán tải / Pickup,Xe	Mitsubishi Triton	4x4 AT Mivec Premium	2021	- 855 Triệu,Số tự động,,"10,000 Km",Trắng,Dầu	2.4 L,5 chỗ,4 cửa,Xe đã dùng,Nhập khẩu
Sedan,Xe	Mazda 3	2.0 AT	2018	- 585 Triệu,Số tự động,,"42,000 Km",Trắng,Xăng	2.0 L,5 chỗ,4 cửa,Xe đã dùng,Lắp ráp trong nước
Sedan,Xe	BMW 5 Series	535i GT	2011	- 850 Triệu,Số tự động,,"79,000 Km",Ghi,Xăng	3.0 L,5 chỗ,4 cửa,Xe đã dùng,Nhập khẩu
SUV,Xe	LandRover Range Rover	HSE 3.0	2016	- 3 Tỷ 950 Triệu,Số tự động,,"63,000 Km",Đen,Xăng	3.0 L,5 chỗ,5 cửa,Xe đã dùng,Nhập khẩu
SUV,Xe	Ford Everest	Titanium 2.0L 4x2 AT	2021	- 1 Tỷ 189 Triệu,Số tự động,,"26,000 Km",Trắng,Dầu	2.0 L,7 chỗ,5 cửa,Xe đã dùng,Nhập khẩu
SUV,Xe	LandRover Range Rover Sport	Autobiography 5.0 V8	2013	- 2 Tỷ 880 Triệu,Số tự động,,"78,000 Km",Đen,Xăng	5.0 L,5 chỗ,5 cửa,Xe đã dùng,Nhập khẩu
Truck,Xe	Isuzu QKR	270	2021	- 490 Triệu,Số tay,,0 Km,Trắng,Dầu,3 chỗ,2 cửa,Xe mới,Lắp ráp trong nước
Sedan,Xe	Chrysler 300C	2.7 Limited	2009	- 530 Triệu,Số tự động,,"87,000 Km",Kem,Xăng	2.7 L,5 chỗ,4 cửa,Xe đã dùng,Nhập khẩu
Sedan,Xe	Mercedes Benz E class	E200 Edition	2015	- 940 Triệu,Số tự động,,"80,000 Km",Đen,Xăng	2.0 L,5 chỗ,4 cửa,Xe đã dùng,Lắp ráp trong nước
Sedan,Xe	Mercedes Benz C class	C180 AMG	2022	- 1 Tỷ 499 Triệu,Số tự động,,0 Km,Đỏ,Xăng	1.5 L,5 chỗ,4 cửa,Xe mới,Lắp ráp trong nước
SUV,Xe	Toyota Fortuner	2.7V 4x2 AT	2014	- 530 Triệu,Số tự động,,"80,000 Km",Đen,Xăng	2.7 L,8 chỗ,5 cửa,Xe đã dùng,Lắp ráp trong nước
SUV,Xe	Toyota Raize	G 1.0 CVT	2022	- 535 Triệu,Số tự động,,0 Km,Trắng,Xăng	1.0 L,5 chỗ,5 cửa,Xe mới,Nhập khẩu
Sedan,Xe	Mercedes Benz E class	E180	2021	- 1 Tỷ 990 Triệu,Số tự động,,30 Km,Trắng,Xăng	1.5 L,5 chỗ,4 cửa,Xe đã dùng,Lắp ráp trong nước
Sedan,Xe	Mercedes Benz E class	E200	2015	- 880 Triệu,Số tự động,,"47,000 Km",Đen,Xăng	2.0 L,5 chỗ,4 cửa,Xe đã dùng,Lắp ráp trong nước
Sedan,Xe	Mercedes Benz E class	E250	2009	- 455 Triệu,Số tự động,,"120,000 Km",Nâu,Xăng	1.8 L,5 chỗ,4 cửa,Xe đã dùng,Lắp ráp trong nước
Sedan,Xe	Kia K5	Premium 2.0 AT	2022	- 929 Triệu,Số tự động,,0 Km,Đỏ,Xăng	2.0 L,5 chỗ,4 cửa,Xe mới,Lắp ráp trong nước
SUV,Xe	Mitsubishi Pajero Sport	2.4D 4x4 AT	2022	- 1 Tỷ 204 Triệu,Số tự động,,0 Km,Nâu,Dầu	2.4 L,7 chỗ,5 cửa,Xe mới,Nhập khẩu
Sedan,Xe	Mercedes Benz C class	C300 AMG	2019	- 1 Tỷ 669 Triệu,Số tự động,,0 Km,Đỏ,Xăng	2.0 L,5 chỗ,4 cửa,Xe đã dùng,Lắp ráp trong nước
SUV,Xe	Mercedes Benz GLC	200	2019	- 1 Tỷ 555 Triệu,Số tự động,,0 Km,Trắng,Xăng	2.0 L,5 chỗ,5 cửa,Xe đã dùng,Lắp ráp trong nước
SUV,Xe	Audi Q5	2.0 AT	2017	- 1 Tỷ 799 Triệu,Số tự động,,0 Km,Đen,Xăng	2.0 L,5 chỗ,5 cửa,Xe đã dùng,Nhập khẩu
SUV,Xe	Mazda CX5	Signature Premium 2.5 AT 2WD I-Activ	2022	- 999 Triệu,Số tự động,,0 Km,Đỏ,Xăng	2.5 L,5 chỗ,5 cửa,Xe mới,Lắp ráp trong nước
Hatchback,Xe	Hyundai i10	1.2 AT	2022	- 435 Triệu,Số tự động,,0 Km,Trắng,Xăng	1.25 L,5 chỗ,5 cửa,Xe mới,Lắp ráp trong nước
SUV,Xe	Lexus NX	200t	2015	- 1 Tỷ 645 Triệu,Số tự động,,"70,000 Km",Xám,Xăng	2.0 L,5 chỗ,4 cửa,Xe đã dùng,Nhập khẩu
Bán tải / Pickup,Xe	Nissan Navara	EL Premium R	2019	- 635 Triệu,Số tự động,,"58,000 Km",Cam,Dầu	2.5 L,5 chỗ,4 cửa,Xe đã dùng,Nhập khẩu
SUV,Xe	Honda CRV	L	2022	- 1 Tỷ 83 Triệu,Số tự động,,0 Km,Ghi,Xăng	1.5 L,7 chỗ,5 cửa,Xe mới,Lắp ráp trong nước
Sedan,Xe	Toyota Vios	E CVT	2021	- 538 Triệu,Số tự động,,0 Km,Trắng,Xăng	1.5 L,5 chỗ,4 cửa,Xe đã dùng,Lắp ráp trong nước
Sedan,Xe	Mazda 6	2.0L Premium	2017	- 695 Triệu,Số tự động,,"45,000 Km",Trắng,Xăng	2.0 L,5 chỗ,4 cửa,Xe đã dùng,Lắp ráp trong nước
SUV,Xe	Mitsubishi Jolie	SS	2005	- 158 Triệu,Số tay,,0 Km,Vàng,Xăng	2.0 L,8 chỗ,5 cửa,Xe đã dùng,Lắp ráp trong nước
Hatchback,Xe	Daewoo Matiz	SE 0.8 MT	2007	- 65 Triệu,Số tay,,"10,000 Km",Trắng,Xăng	0.8 L,5 chỗ,5 cửa,Xe đã dùng,Lắp ráp trong nước
SUV,Xe	Honda CRV	L	2020	- 1 Tỷ 18 Triệu,Số tự động,,"15,000 Km",Đỏ,Xăng	1.5 L,7 chỗ,5 cửa,Xe đã dùng,Lắp ráp trong nước
SUV,Xe	LandRover Range Rover	Vogue 5.0	2013	- 3 Tỷ 790 Triệu,Số tự động,,"60,000 Km",Đen,Xăng	5.0 L,5 chỗ,5 cửa,Xe đã dùng,Nhập khẩu
Sedan,Xe	Mercedes Benz C class	C250 Exclusive	2015	- 960 Triệu,Số tự động,,"63,000 Km",Đen,Xăng	2.0 L,5 chỗ,4 cửa,Xe đã dùng,Lắp ráp trong nước
Sedan,Xe	Lexus ES	250	2019	- 2 Tỷ 340 Triệu,Số tự động,,"18,000 Km",Vàng,Xăng	2.5 L,5 chỗ,4 cửa,Xe đã dùng,Nhập khẩu
SUV,Xe	Lexus RX	350	2018	- 3 Tỷ 750 Triệu,Số tự động,,"39,000 Km",Đen,Xăng	3.5 L,5 chỗ,5 cửa,Xe đã dùng,Nhập khẩu
Hatchback,Xe	Kia Morning	AT	2020	- 355 Triệu,Số tự động,,"8,000 Km",Trắng,Xăng	1.25 L,5 chỗ,5 cửa,Xe đã dùng,Lắp ráp trong nước
Sedan,Xe	Mitsubishi Attrage	1.2 CVT	2021	- 460 Triệu,Số tự động,,0 Km,Đỏ,Xăng	1.2 L,5 chỗ,4 cửa,Xe mới,Nhập khẩu
SUV,Xe	Mitsubishi Pajero	3.0 4x4 MT	2013	- 485 Triệu,Số tay,,"60,000 Km",Bạc,Xăng	3.0 L,5 chỗ,5 cửa,Xe đã dùng,Nhập khẩu
Sedan,Xe	Toyota Vios	E 1.5 MT	2022	- 478 Triệu,Số tay,,0 Km,Cát,Xăng	1.5 L,5 chỗ,4 cửa,Xe mới,Lắp ráp trong nước
Sedan,Xe	Mazda 6	2.0L Premium	2018	- 715 Triệu,Số tự động,,0 Km,Trắng,Xăng	2.0 L,5 chỗ,4 cửa,Xe đã dùng,Lắp ráp trong nước
Sedan,Xe	Mercedes Benz C class	C300 AMG	2017	- 1 Tỷ 370 Triệu,Số tự động,,"30,000 Km",Trắng,Xăng	2.0 L,5 chỗ,4 cửa,Xe đã dùng,Lắp ráp trong nước
Sedan,Xe	Mercedes Benz E class	E300 AMG	2016	- 1 Tỷ 789 Triệu,Số tự động,,"60,000 Km",Trắng,Xăng	2.0 L,5 chỗ,4 cửa,Xe đã dùng,Lắp ráp trong nước
SUV,Xe	Honda CRV	2.0 AT	2015	- 659 Triệu,Số tự động,,"110,000 Km",Bạc,Xăng	2.0 L,5 chỗ,4 cửa,Xe đã dùng,Lắp ráp trong nước
Hatchback,Xe	Kia Morning	MT	2019	- 268 Triệu,Số tay,,0 Km,Trắng,Xăng	1.25 L,5 chỗ,5 cửa,Xe đã dùng,Lắp ráp trong nước
Hatchback,Xe	Hyundai i20	1.4 AT	2011	- 285 Triệu,Số tự động,,"60,000 Km",Đỏ,Xăng	1.4 L,5 chỗ,5 cửa,Xe đã dùng,Nhập khẩu
Crossover,Xe	Toyota Innova	2.0E	2014	- 395 Triệu,Số tay,,"50,000 Km",Vàng,Xăng	2.0 L,8 chỗ,5 cửa,Xe đã dùng,Lắp ráp trong nước
Crossover,Xe	Honda HRV	L	2020	- 765 Triệu,Số tự động,,"13,000 Km",Trắng,Xăng	1.8 L,5 chỗ,5 cửa,Xe đã dùng,Nhập khẩu
Bán tải / Pickup,Xe	Ford Ranger	Wildtrak 2.0L 4x4 AT	2022	- 937 Triệu,Số tự động,,0 Km,Đen,Dầu	2.0 L,5 chỗ,4 cửa,Xe mới,Lắp ráp trong nước
Sedan,Xe	Honda City	1.5TOP	2020	- 550 Triệu,Số tự động,,"32,000 Km",Đen,Xăng	1.5 L,5 chỗ,4 cửa,Xe đã dùng,Lắp ráp trong nước
Sedan,Xe	Toyota Camry	2.5Q	2013	- 698 Triệu,Số tự động,,"80,000 Km",Đen,Xăng	2.5 L,5 chỗ,4 cửa,Xe đã dùng,Lắp ráp trong nước
SUV,Xe	Kia Sorento	Signature 2.2 AT AWD	2022	- 1 Tỷ 252 Triệu,Số tự động,,0 Km,Xám,Dầu	2.2 L,7 chỗ,5 cửa,Xe mới,Lắp ráp trong nước
Sedan,Xe	Toyota Camry	3.0V	2003	- 230 Triệu,Số tự động,,"13,000 Km",Đen,Xăng	3.0 L,5 chỗ,4 cửa,Xe đã dùng,Lắp ráp trong nước
SUV,Xe	Mitsubishi Xpander	Premium	2022	- 619 Triệu,Số tự động,,0 Km,Trắng,Xăng,7 chỗ,5 cửa,Xe mới,Nhập khẩu
SUV,Xe	Mercedes Benz GLC	250 4Matic	2016	- 1 Tỷ 320 Triệu,Số tự động,,"50,000 Km",Trắng,Xăng	2.0 L,5 chỗ,5 cửa,Xe đã dùng,Lắp ráp trong nước
Crossover,Xe	MG HS	Sport 1.5 AT 2WD	2022	- 685 Triệu,Số tự động,,0 Km,Đỏ,Xăng	1.5 L,5 chỗ,5 cửa,Xe mới,Nhập khẩu
SUV,Xe	Ford Everest	Titanium 2.0L 4x4 AT	2022	- 1 Tỷ 369 Triệu,Số tự động,,0 Km,Đen,Dầu	2.0 L,7 chỗ,5 cửa,Xe mới,Nhập khẩu
Crossover,Xe	Hyundai Kona	2.0 ATH	2020	- 640 Triệu,Số tự động,,"41,000 Km",Đen,Xăng	2.0 L,5 chỗ,5 cửa,Xe đã dùng,Lắp ráp trong nước
Sedan,Xe	Lexus LS	430	2003	- 420 Triệu,Số tự động,,100 Km,Đen,Xăng	4.3 L,5 chỗ,4 cửa,Xe đã dùng,Nhập khẩu
Crossover,Xe	Hyundai Tucson	2.0 AT Đặc biệt	2022	- 925 Triệu,Số tự động,,0 Km,Đen,Xăng	2.0 L,5 chỗ,5 cửa,Xe mới,Lắp ráp trong nước
Sedan,Xe	Lexus GS	350	2007	- 639 Triệu,Số tự động,,"85,000 Km",Đen,Xăng	3.5 L,5 chỗ,4 cửa,Xe đã dùng,Nhập khẩu
SUV,Xe	Hyundai SantaFe	2.7L 4WD	2008	- 300 Triệu,Số tự động,,"258,678 Km",Vàng,Xăng	2.7 L,7 chỗ,5 cửa,Xe đã dùng,Nhập khẩu
Sedan,Xe	Toyota Vios	E 1.5 MT	2022	- 468 Triệu,Số tay,,0 Km,Cát,Xăng	1.5 L,5 chỗ,4 cửa,Xe mới,Lắp ráp trong nước
SUV,Xe	Toyota Corolla Cross	1.8V	2022	- 825 Triệu,Số tự động,,0 Km,Trắng,Xăng	1.8 L,5 chỗ,5 cửa,Xe mới,Nhập khẩu
SUV,Xe	Toyota Fortuner	TRD Sportivo 4x2 AT	2016	- 678 Triệu,Số tự động,,"90,000 Km",Trắng,Xăng	2.7 L,8 chỗ,5 cửa,Xe đã dùng,Lắp ráp trong nước
Sedan,Xe	Nissan Teana	2.0 AT	2009	- 330 Triệu,Số tự động,,"82,000 Km",Đen,Xăng	2.0 L,5 chỗ,4 cửa,Xe đã dùng,Nhập khẩu
Hatchback,Xe	Ford Fiesta	S 1.0 AT Ecoboost	2017	- 392 Triệu,Số tự động,,"15,000 Km",Trắng,Xăng	1.0 L,5 chỗ,5 cửa,Xe đã dùng,Lắp ráp trong nước
Sedan,Xe	Mercedes Benz C class	C200 Exclusive	2020	- 1 Tỷ 450 Triệu,Số tự động,,"15,000 Km",Đen,Xăng	2.0 L,5 chỗ,4 cửa,Xe đã dùng,Lắp ráp trong nước
SUV,Xe	Ford Everest	Titanium 2.0L 4x4 AT	2022	- 1 Tỷ 369 Triệu,Số tự động,,0 Km,Đen,Dầu	2.0 L,7 chỗ,5 cửa,Xe mới,Nhập khẩu
Bán tải / Pickup,Xe	Ford Ranger	XLS 2.2L 4x2 AT	2022	- 632 Triệu,Số tự động,,0 Km,Trắng,Dầu	2.2 L,5 chỗ,4 cửa,Xe mới,Lắp ráp trong nước
SUV,Xe	Ford Everest	Titanium 2.0L 4x4 AT	2022	- 1 Tỷ 369 Triệu,Số tự động,,0 Km,Đen,Dầu	2.0 L,7 chỗ,5 cửa,Xe mới,Nhập khẩu
SUV,Xe	Ford Everest	Ambiente 2.0 4x2 MT	2019	- 930 Triệu,Số tay,,"43,000 Km",Cát,Dầu	2.0 L,7 chỗ,5 cửa,Xe đã dùng,Nhập khẩu
SUV,Xe	Hyundai SantaFe	SLX	2009	- 585 Triệu,Số tự động,,"90,000 Km",Đen,Dầu	2.0 L,7 chỗ,5 cửa,Xe đã dùng,Nhập khẩu
Bán tải / Pickup,Xe	Ford Ranger	Raptor 2.0L 4x4 AT	2022	- 1 Tỷ 172 Triệu,Số tự động,,0 Km,Trắng,Dầu	2.0 L,5 chỗ,4 cửa,Xe mới,Nhập khẩu
SUV,Xe	Volvo XC90	T6 2.0 AT	2015	- 2 Tỷ 720 Triệu,Số tự động,,"70,000 Km",Xám,Xăng	2.0 L,7 chỗ,5 cửa,Xe đã dùng,Nhập khẩu
Bán tải / Pickup,Xe	Ford Ranger	Wildtrak 2.0L 4x4 AT	2022	- 907 Triệu,Số tự động,,0 Km,Cam,Dầu	2.0 L,5 chỗ,4 cửa,Xe mới,Lắp ráp trong nước
SUV,Xe	Toyota Land Cruiser	VX 4.6 V8	2016	- 3 Tỷ 580 Triệu,Số tự động,,"72,000 Km",Đen,Xăng	4.6 L,8 chỗ,5 cửa,Xe đã dùng,Nhập khẩu
Bán tải / Pickup,Xe	Mitsubishi Triton	4x2 AT Mivec	2022	- 625 Triệu,Số tự động,,0 Km,Trắng,Dầu	2.4 L,5 chỗ,4 cửa,Xe mới,Nhập khẩu
Sedan,Xe	Mercedes Benz E class	E200 Sport	2019	- 1 Tỷ 950 Triệu,Số tự động,,"8,000 Km",Đen,Xăng	2.0 L,5 chỗ,4 cửa,Xe đã dùng,Lắp ráp trong nước
Bán tải / Pickup,Xe	Ford Ranger	XLS 2.2L 4x2 AT	2021	- 760 Triệu,Số tự động,,"12,000 Km",Trắng,Dầu	2.2 L,5 chỗ,4 cửa,Xe đã dùng,Nhập khẩu
Hatchback,Xe	Ford Focus	Trend 1.5L	2019	- 513 Triệu,Số tự động,,"38,000 Km",Tím,Xăng	1.5 L,5 chỗ,5 cửa,Xe đã dùng,Lắp ráp trong nước
SUV,Xe	Mercedes Benz GLA class	GLA 250 4Matic	2015	- 979 Triệu,Số tự động,,80 Km,Trắng,Xăng	2.0 L,5 chỗ,5 cửa,Xe đã dùng,Nhập khẩu
Sedan,Xe	Mazda 3	2.0L Signature Luxury	2020	- 720 Triệu,Số tự động,,"22,000 Km",Trắng,Xăng	2.0 L,5 chỗ,4 cửa,Xe đã dùng,Lắp ráp trong nước
Sedan,Xe	Porsche Panamera	3.0 V6	2020	- 6 Tỷ 350 Triệu,Số tự động,,0 Km,Trắng,Xăng	3.0 L,4 chỗ,4 cửa,Xe đã dùng,Nhập khẩu
Crossover,Xe	Hyundai Tucson	2.0 AT Tiêu chuẩn	2022	- 825 Triệu,Số tự động,,0 Km,Trắng,Xăng	2.0 L,5 chỗ,5 cửa,Xe mới,Lắp ráp trong nước
Crossover,Xe	Hyundai Creta	Tiêu chuẩn 1.5 AT	2022	- 620 Triệu,Số tự động,,0 Km,Đỏ,Xăng	1.5 L,5 chỗ,5 cửa,Xe mới,Nhập khẩu
SUV,Xe	Hyundai SantaFe	Cao cấp 2.2L HTRAC	2021	- 1 Tỷ 500 Triệu,Số tự động,,"15,200 Km",Trắng,Dầu	2.2 L,7 chỗ,5 cửa,Xe đã dùng,Lắp ráp trong nước
Sedan,Xe	Toyota Camry	2.5Q	2015	- 775 Triệu,Số tự động,,"60,000 Km",Vàng,Xăng	2.5 L,5 chỗ,4 cửa,Xe đã dùng,Lắp ráp trong nước
Hatchback,Xe	Hyundai i10	Grand 1.2 AT	2019	- 378 Triệu,Số tự động,,"45,000 Km",Đỏ,Xăng	1.25 L,5 chỗ,5 cửa,Xe đã dùng,Lắp ráp trong nước
SUV,Xe	Mitsubishi Xpander	1.5 MT	2019	- 465 Triệu,Số tay,,"35,000 Km",Trắng,Xăng	1.5 L,7 chỗ,5 cửa,Xe đã dùng,Nhập khẩu
SUV,Xe	Toyota Fortuner	2.7V 4x2 AT	2012	- 490 Triệu,Số tự động,,"130,000 Km",Bạc,Xăng	2.7 L,8 chỗ,5 cửa,Xe đã dùng,Lắp ráp trong nước
SUV,Xe	Lexus NX	300	2020	- 3 Tỷ 200 Triệu,Số tự động,,"30,000 Km",Đỏ,Xăng	2.0 L,5 chỗ,5 cửa,Xe đã dùng,Nhập khẩu
SUV,Xe	Mercedes Benz GLC	300 4Matic	2019	- 1 Tỷ 839 Triệu,Số tự động,,"36,000 Km",Đen,Xăng	2.0 L,5 chỗ,5 cửa,Xe đã dùng,Lắp ráp trong nước
SUV,Xe	Audi Q7	3.0 AT	2012	- 1 Tỷ 185 Triệu,Số tự động,,"91,000 Km",Trắng,Xăng	3.0 L,7 chỗ,5 cửa,Xe đã dùng,Nhập khẩu
Hatchback,Xe	Mazda 3	1.5L Sport Premium	2022	- 789 Triệu,Số tự động,,0 Km,Trắng,Xăng	1.5 L,5 chỗ,5 cửa,Xe mới,Lắp ráp trong nước
SUV,Xe	Lincoln Navigator	Black Label	2019	- 7 Tỷ 599 Triệu,Số tự động,,"5,000 Km",Đen,Xăng	3.5 L,7 chỗ,5 cửa,Xe đã dùng,Nhập khẩu
Hatchback,Xe	Ford Focus	Sport 1.5L	2016	- 520 Triệu,Số tự động,,"60,000 Km",Đỏ,Xăng	1.5 L,5 chỗ,5 cửa,Xe đã dùng,Lắp ráp trong nước
Sedan,Xe	Mercedes Benz E class	E200	2019	- 1 Tỷ 790 Triệu,Số tự động,,"31,000 Km",Trắng,Xăng	2.0 L,5 chỗ,4 cửa,Xe đã dùng,Lắp ráp trong nước
SUV,Xe	Mitsubishi Xpander	1.5 AT	2021	- 578 Triệu,Số tự động,,0 Km,Nâu,Xăng	1.5 L,7 chỗ,5 cửa,Xe mới,Nhập khẩu
Sedan,Xe	Mercedes Benz S class	S400L	2017	- 2 Tỷ 479 Triệu,Số tự động,,"50,000 Km",Xám,Xăng	3.0 L,5 chỗ,4 cửa,Xe đã dùng,Lắp ráp trong nước
Sedan,Xe	Kia K3	Premium 1.6 AT	2022	- 674 Triệu,Số tự động,,0 Km,Xanh,Xăng	1.6 L,5 chỗ,4 cửa,Xe mới,Lắp ráp trong nước
Sedan,Xe	Kia Cerato	1.6 AT	2018	- 545 Triệu,Số tự động,,"40,000 Km",Trắng,Xăng	1.6 L,5 chỗ,4 cửa,Xe đã dùng,Lắp ráp trong nước
Sedan,Xe	Mercedes Benz C class	C300 AMG	2015	- 999 Triệu,Số tự động,,"90,000 Km",Đen,Xăng	2.0 L,5 chỗ,4 cửa,Xe đã dùng,Lắp ráp trong nước
SUV,Xe	Lexus RX	350 AWD	2009	- 1 Tỷ 130 Triệu,Số tự động,,"80,000 Km",Trắng,Xăng	3.5 L,5 chỗ,5 cửa,Xe đã dùng,Nhập khẩu
Crossover,Xe	Kia Seltos	Premium 1.6 AT	2022	- 729 Triệu,Số tự động,,0 Km,Trắng,Xăng	1.6 L,5 chỗ,5 cửa,Xe mới,Lắp ráp trong nước
Sedan,Xe	Mazda 6	2.0L Premium	2017	- 680 Triệu,Số tự động,,"60,000 Km",Trắng,Xăng	2.0 L,5 chỗ,4 cửa,Xe đã dùng,Lắp ráp trong nước
Sedan,Xe	Toyota Vios	E 1.5 MT	2022	- 483 Triệu,Số tay,,0 Km,Trắng,Xăng	1.5 L,5 chỗ,4 cửa,Xe mới,Lắp ráp trong nước
Crossover,Xe	Kia Sonet	Premium 1.5 AT	2022	- 624 Triệu,Số tự động,,0 Km,Xám,Xăng	1.5 L,5 chỗ,5 cửa,Xe mới,Lắp ráp trong nước
Sedan,Xe	Kia K3	Premium 1.6 AT	2022	- 674 Triệu,Số tự động,,0 Km,Đen,Xăng	1.6 L,5 chỗ,4 cửa,Xe mới,Lắp ráp trong nước
SUV,Xe	Kia Rondo	DAT	2018	- 625 Triệu,Số tự động,,"50,000 Km",Trắng,Dầu	1.7 L,7 chỗ,5 cửa,Xe đã dùng,Lắp ráp trong nước
Bán tải / Pickup,Xe	Nissan Navara	EL 2.5 AT 2WD	2019	- 590 Triệu,Số tự động,,"67,000 Km",Nâu,Dầu	2.5 L,5 chỗ,4 cửa,Xe đã dùng,Nhập khẩu
SUV,Xe	Hyundai SantaFe	2.4L	2011	- 479 Triệu,Số tự động,,"128,000 Km",Bạc,Xăng	2.4 L,7 chỗ,5 cửa,Xe đã dùng,Nhập khẩu
SUV,Xe	Ford Escape	XLT 3.0 AT	2005	- 148 Triệu,Số tự động,,0 Km,Đen,Xăng	3.0 L,5 chỗ,5 cửa,Xe đã dùng,Lắp ráp trong nước
Sedan,Xe	Hyundai Verna	1.4 MT	2008	- 125 Triệu,Số tay,,"90,000 Km",Bạc,Xăng	1.4 L,5 chỗ,4 cửa,Xe đã dùng,Nhập khẩu
SUV,Xe	Mercedes Benz GLC	300 4Matic	2022	- 2 Tỷ 499 Triệu,Số tự động,,0 Km,Đen,Xăng	2.0 L,5 chỗ,5 cửa,Xe mới,Lắp ráp trong nước
Bán tải / Pickup,Xe	Ford Ranger	Wildtrak 2.0L 4x2 AT	2019	- 825 Triệu,Số tự động,,"59,000 Km",Cam,Dầu	2.0 L,5 chỗ,4 cửa,Xe đã dùng,Nhập khẩu
Bán tải / Pickup,Xe	Ford Ranger	XL 2.2L 4x4 MT	2022	- 628 Triệu,Số tay,,0 Km,Xám,Dầu	2.2 L,5 chỗ,4 cửa,Xe mới,Lắp ráp trong nước
Sedan,Xe	Toyota Vios	GR-S 1.5 CVT	2022	- 635 Triệu,Số tự động,,0 Km,Đen,Xăng	1.5 L,5 chỗ,4 cửa,Xe mới,Lắp ráp trong nước
SUV,Xe	Mitsubishi Pajero	3.5	2004	- 175 Triệu,Số tay,,"121,000 Km",Đen,Xăng	3.5 L,7 chỗ,5 cửa,Xe đã dùng,Nhập khẩu
SUV,Xe	Mazda CX5	2.5 AT AWD	2016	- 699 Triệu,Số tự động,,"20,000 Km",Đỏ,Xăng	2.5 L,5 chỗ,5 cửa,Xe đã dùng,Lắp ráp trong nước
SUV,Xe	Mitsubishi Jolie	SS	2006	- 145 Triệu,Số tay,,"115,000 Km",Xám,Xăng	2.0 L,8 chỗ,5 cửa,Xe đã dùng,Lắp ráp trong nước
SUV,Xe	Nissan Terra	V 2.5 AT 4WD	2019	- 835 Triệu,Số tự động,,"30,000 Km",Trắng,Xăng	2.5 L,7 chỗ,5 cửa,Xe đã dùng,Nhập khẩu
SUV,Xe	LandRover Range Rover	Vogue 3.0	2014	- 3 Tỷ 880 Triệu,Số tự động,,"30,000 Km",Đen,Xăng	3.0 L,5 chỗ,5 cửa,Xe đã dùng,Nhập khẩu
SUV,Xe	BMW X1	xDrive28i	2010	- 425 Triệu,Số tự động,,"110,000 Km",Đen,Xăng	3.0 L,5 chỗ,5 cửa,Xe đã dùng,Nhập khẩu
Sedan,Xe	Hyundai Elantra	2.0 AT	2019	- 575 Triệu,Số tự động,,"38,000 Km",Trắng,Xăng	2.0 L,5 chỗ,4 cửa,Xe đã dùng,Lắp ráp trong nước
SUV,Xe	Lexus NX	300	2019	- 2 Tỷ 450 Triệu,Số tự động,,"45,000 Km",Trắng,Xăng	2.0 L,5 chỗ,5 cửa,Xe đã dùng,Nhập khẩu
Van/Minivan,Xe	Kia Carnival	Signature 2.2D	2022	- 1 Tỷ 489 Triệu,Số tự động,,0 Km,Trắng,Dầu	2.2 L,7 chỗ,5 cửa,Xe mới,Lắp ráp trong nước
Sedan,Xe	Lexus ES	350	2014	- 1 Tỷ 570 Triệu,Số tự động,,"55,000 Km",Đen,Xăng	3.5 L,5 chỗ,4 cửa,Xe đã dùng,Nhập khẩu
Sedan,Xe	Chevrolet Cruze	LT 1.6L	2018	- 365 Triệu,Số tay,,"50,000 Km",Trắng,Xăng	1.6 L,5 chỗ,4 cửa,Xe đã dùng,Lắp ráp trong nước
Crossover,Xe	Hyundai Creta	Đặc biệt 1.5 AT	2022	- 670 Triệu,Số tự động,,0 Km,Trắng,Xăng	1.5 L,5 chỗ,5 cửa,Xe mới,Nhập khẩu
Hatchback,Xe	Honda Brio	RS	2021	- 448 Triệu,Số tự động,,0 Km,Trắng,Xăng	1.2 L,5 chỗ,5 cửa,Xe mới,Nhập khẩu
SUV,Xe	Honda CRV	L	2021	- 1 Tỷ 86 Triệu,Số tự động,,"8,000 Km",Trắng,Xăng	1.5 L,7 chỗ,5 cửa,Xe đã dùng,Lắp ráp trong nước
SUV,Xe	Porsche Cayenne	S E-Hybrid	2011	- 1 Tỷ 430 Triệu,Số tự động,,"58,000 Km",Đen,Hybrid	3.0 L,5 chỗ,5 cửa,Xe đã dùng,Nhập khẩu
SUV,Xe	Mitsubishi Jolie	SS	2003	- 110 Triệu,Số tay,,"120,000 Km",Ghi,Xăng	2.0 L,8 chỗ,5 cửa,Xe đã dùng,Lắp ráp trong nước
SUV,Xe	Mazda CX5	2.0 Deluxe	2020	- 810 Triệu,Số tự động,,"15,000 Km",Đỏ,Xăng	2.0 L,5 chỗ,5 cửa,Xe đã dùng,Lắp ráp trong nước
Sedan,Xe	Mercedes Benz C class	C200	2012	- 475 Triệu,Số tự động,,"76,000 Km",Trắng,Xăng	1.8 L,5 chỗ,4 cửa,Xe đã dùng,Lắp ráp trong nước
Hatchback,Xe	Kia Morning	X-Line	2022	- 439 Triệu,Số tự động,,0 Km,Xanh,Xăng	1.25 L,5 chỗ,5 cửa,Xe mới,Lắp ráp trong nước
SUV,Xe	Toyota Fortuner	2.7V 4x2 AT	2017	- 870 Triệu,Số tự động,,"35,000 Km",Trắng,Xăng	2.7 L,8 chỗ,5 cửa,Xe đã dùng,Nhập khẩu
Sedan,Xe	Toyota Vios	G 1.5 CVT	2022	- 541 Triệu,Số tự động,,0 Km,Bạc,Xăng	1.5 L,5 chỗ,4 cửa,Xe mới,Lắp ráp trong nước
Van/Minivan,Xe	Toyota Previa	2.0 MT	2002	- 360 Triệu,Số tay,,"88,000 Km",Bạc,Dầu	2.0 L,7 chỗ,5 cửa,Xe đã dùng,Nhập khẩu
SUV,Xe	Lexus GX	460	2013	- 2 Tỷ 650 Triệu,Số tự động,,"72,000 Km",Vàng,Xăng	4.6 L,7 chỗ,5 cửa,Xe đã dùng,Nhập khẩu
Bán tải / Pickup,Xe	Ford Ranger	Wildtrak 2.0L 4x4 AT	2022	- 937 Triệu,Số tự động,,0 Km,Cam,Dầu	2.0 L,5 chỗ,4 cửa,Xe mới,Lắp ráp trong nước
Sedan,Xe	Mercedes Benz S class	S450L	2018	- 3 Tỷ 420 Triệu,Số tự động,,"30,000 Km",Xanh,Xăng	3.0 L,5 chỗ,4 cửa,Xe đã dùng,Lắp ráp trong nước
SUV,Xe	Ford Explorer	Limited 2.3L EcoBoost	2022	- 2 Tỷ 366 Triệu,Số tự động,,0 Km,Trắng,Xăng	2.3 L,7 chỗ,5 cửa,Xe mới,Nhập khẩu
Bán tải / Pickup,Xe	Chevrolet Colorado	High Country 2.5L 4x4 AT	2019	- 660 Triệu,Số tự động,,"30,000 Km",Trắng,Dầu	2.5 L,5 chỗ,4 cửa,Xe đã dùng,Nhập khẩu
Sedan,Xe	Hyundai i10	Grand 1.2 AT	2019	- 335 Triệu,Số tự động,,"56,000 Km",Bạc,Xăng	1.25 L,5 chỗ,4 cửa,Xe đã dùng,Lắp ráp trong nước
Sedan,Xe	Lexus ES	250	2017	- 1 Tỷ 860 Triệu,Số tự động,,"38,000 Km",Trắng,Xăng	2.5 L,5 chỗ,4 cửa,Xe đã dùng,Nhập khẩu
Bán tải / Pickup,Xe	Ford Ranger	Raptor 2.0L 4x4 AT	2022	- 1 Tỷ 209 Triệu,Số tự động,,0 Km,Đỏ,Dầu	2.0 L,5 chỗ,4 cửa,Xe mới,Nhập khẩu
Van/Minivan,Xe	Hyundai	Universe	2012	- 800 Triệu,Số tay,,"300,000 Km",Đỏ,Dầu,40 chỗ,1 cửa,Xe đã dùng,Lắp ráp trong nước
SUV,Xe	Ford Everest	2.6L 4x2 MT	2005	- 179 Triệu,Số tay,,"120,000 Km",Đen,Xăng	2.6 L,8 chỗ,5 cửa,Xe đã dùng,Lắp ráp trong nước
Truck,Xe	Suzuki Super Carry Truck	1.0 MT	2022	- 238 Triệu,Số tay,,0 Km,Trắng,Xăng	1.0 L,2 chỗ,2 cửa,Xe mới,Lắp ráp trong nước
Crossover,Xe	MG ZS	Comfort 1.5 AT 2WD	2022	- 560 Triệu,Số tự động,,0 Km,Trắng,Xăng	1.5 L,5 chỗ,5 cửa,Xe mới,Nhập khẩu
SUV,Xe	Hyundai SantaFe	2.4L 4WD	2015	- 765 Triệu,Số tự động,,"70,000 Km",Đen,Xăng	2.4 L,7 chỗ,5 cửa,Xe đã dùng,Lắp ráp trong nước
SUV,Xe	Toyota Corolla Cross	1.8G	2022	- 746 Triệu,Số tự động,,0 Km,Trắng,Xăng	1.8 L,5 chỗ,5 cửa,Xe mới,Nhập khẩu
Sedan,Xe	Kia Cerato	1.6 AT Luxury	2019	- 585 Triệu,Số tự động,,"40,000 Km",Đỏ,Xăng	1.6 L,5 chỗ,4 cửa,Xe đã dùng,Lắp ráp trong nước
Bán tải / Pickup,Xe	Ford Ranger	XLS 2.2L 4x2 AT	2022	- 662 Triệu,Số tự động,,0 Km,Xanh,Dầu	2.2 L,5 chỗ,4 cửa,Xe mới,Lắp ráp trong nước
Bán tải / Pickup,Xe	Isuzu Dmax	LS 1.9L 4x2 AT	2022	- 660 Triệu,Số tự động,,0 Km,Xanh,Dầu	1.9 L,5 chỗ,4 cửa,Xe mới,Nhập khẩu
SUV,Xe	Mitsubishi Pajero Sport	3.0G 4x2 AT	2017	- 795 Triệu,Số tự động,,0 Km,Xám,Xăng	3.0 L,7 chỗ,5 cửa,Xe đã dùng,Nhập khẩu
SUV,Xe	Toyota Fortuner	2.7V 4x2 AT	2013	- 515 Triệu,Số tự động,,"90,000 Km",Đen,Xăng	2.7 L,8 chỗ,5 cửa,Xe đã dùng,Lắp ráp trong nước
Sedan,Xe	Mercedes Benz E class	E200	2019	- 1 Tỷ 789 Triệu,Số tự động,,"13,000 Km",Xanh,Xăng	2.0 L,5 chỗ,4 cửa,Xe đã dùng,Lắp ráp trong nước
Sedan,Xe	VinFast Lux A 2.0	Premium 2.0 AT	2020	- 870 Triệu,Số tự động,,"16,000 Km",Xanh,Xăng	2.0 L,5 chỗ,4 cửa,Xe đã dùng,Lắp ráp trong nước
SUV,Xe	Toyota Fortuner	TRD Sportivo 4x2 AT	2015	- 645 Triệu,Số tự động,,"78,000 Km",Trắng,Xăng	2.7 L,8 chỗ,5 cửa,Xe đã dùng,Lắp ráp trong nước
Sedan,Xe	Mazda 3	1.5 AT	2017	- 540 Triệu,Số tự động,,"39,000 Km",Đỏ,Xăng	1.5 L,5 chỗ,4 cửa,Xe đã dùng,Lắp ráp trong nước
SUV,Xe	Hyundai SantaFe	Premium 2.4L HTRAC	2020	- 1 Tỷ 115 Triệu,Số tự động,,"18,000 Km",Bạc,Xăng	2.4 L,7 chỗ,5 cửa,Xe đã dùng,Lắp ráp trong nước
SUV,Xe	Audi Q3	Sportback 35 TFSI	2022	- 2 Tỷ 220 Triệu,Số tự động,,0 Km,Cam,Xăng,5 chỗ,5 cửa,Xe mới,Nhập khẩu
Sedan,Xe	Mercedes Benz C class	C200 Exclusive	2021	- 1 Tỷ 630 Triệu,Số tự động,,"1,300 Km",Đỏ,Xăng	2.0 L,5 chỗ,4 cửa,Xe đã dùng,Lắp ráp trong nước
Sedan,Xe	Kia Cerato	1.6 AT Luxury	2021	- 650 Triệu,Số tự động,,"12,000 Km",Trắng,Xăng	1.6 L,5 chỗ,4 cửa,Xe đã dùng,Lắp ráp trong nước
Sedan,Xe	Mercedes Benz C class	C200	2011	- 490 Triệu,Số tự động,,0 Km,Đen,Xăng	1.8 L,5 chỗ,4 cửa,Xe đã dùng,Lắp ráp trong nước
SUV,Xe	Mitsubishi Xpander	Cross 1.5 AT	2021	- 688 Triệu,Số tự động,,"9,000 Km",Trắng,Xăng	1.5 L,7 chỗ,5 cửa,Xe đã dùng,Nhập khẩu
Hatchback,Xe	Kia Morning	X-Line	2021	- 755 Triệu,Số tự động,,"9,000 Km",Đỏ,Xăng	1.25 L,5 chỗ,5 cửa,Xe đã dùng,Lắp ráp trong nước
Sedan,Xe	Toyota Corolla altis	1.8G AT	2012	- 425 Triệu,Số tự động,,0 Km,Ghi,Xăng	1.8 L,5 chỗ,4 cửa,Xe đã dùng,Lắp ráp trong nước
Sedan,Xe	Toyota Camry	2.4G	2011	- 498 Triệu,Số tự động,,"86,000 Km",Đen,Xăng	2.4 L,5 chỗ,4 cửa,Xe đã dùng,Lắp ráp trong nước
Hatchback,Xe	Mazda 3	2.0L Sport Signature Premium	2020	- 779 Triệu,Số tự động,,"20,000 Km",Trắng,Xăng	2.0 L,5 chỗ,5 cửa,Xe đã dùng,Lắp ráp trong nước
SUV,Xe	Honda CRV	E	2022	- 998 Triệu,Số tự động,,0 Km,Xanh,Xăng	1.5 L,7 chỗ,5 cửa,Xe mới,Lắp ráp trong nước
Bán tải / Pickup,Xe	Ford Ranger	Raptor 2.0L 4x4 AT	2022	- 1 Tỷ 209 Triệu,Số tự động,,0 Km,Xám,Dầu	2.0 L,5 chỗ,4 cửa,Xe mới,Nhập khẩu
Sedan,Xe	Mercedes Benz C class	C300 AMG	2012	- 555 Triệu,Số tự động,,"67,000 Km",Đỏ,Xăng	3.0 L,5 chỗ,4 cửa,Xe đã dùng,Lắp ráp trong nước
Sedan,Xe	Mercedes Benz E class	E300	2011	- 670 Triệu,Số tự động,,"88,000 Km",Đen,Xăng	3.0 L,5 chỗ,4 cửa,Xe đã dùng,Lắp ráp trong nước
Van/Minivan,Xe	Kia Carnival	Signature 2.2D	2022	- 1 Tỷ 489 Triệu,Số tự động,,0 Km,Trắng,Dầu	2.2 L,7 chỗ,5 cửa,Xe mới,Lắp ráp trong nước
SUV,Xe	Ford Escape	XLS 2.3L 4x2 AT	2008	- 250 Triệu,Số tự động,,"92,168 Km",Đen,Xăng	2.3 L,5 chỗ,5 cửa,Xe đã dùng,Lắp ráp trong nước
Sedan,Xe	Maserati Ghibli	3.0 V6	2020	- 6 Tỷ 516 Triệu,Số tự động,,0 Km,Trắng,Xăng	3.0 L,5 chỗ,4 cửa,Xe mới,Nhập khẩu
SUV,Xe	Hyundai SantaFe	MLX 2.0L	2008	- 435 Triệu,Số tự động,,"170,000 Km",Đen,Dầu	2.0 L,7 chỗ,5 cửa,Xe đã dùng,Nhập khẩu
Sedan,Xe	VinFast Lux A 2.0	Tiêu chuẩn	2022	- 681 Triệu,Số tự động,,0 Km,Đỏ,Xăng	2.0 L,5 chỗ,4 cửa,Xe mới,Lắp ráp trong nước
Sedan,Xe	Toyota Corolla altis	1.8G MT	2008	- 298 Triệu,Số tay,,0 Km,Đen,Xăng	1.8 L,5 chỗ,4 cửa,Xe đã dùng,Lắp ráp trong nước
Crossover,Xe	Kia Seltos	Luxury 1.4 AT	2022	- 674 Triệu,Số tự động,,0 Km,Đỏ,Xăng	1.4 L,5 chỗ,5 cửa,Xe mới,Lắp ráp trong nước
Crossover,Xe	MG HS	Trophy 2.0 AT AWD	2022	- 799 Triệu,Số tự động,,0 Km,Trắng,Xăng	2.0 L,5 chỗ,5 cửa,Xe mới,Nhập khẩu
Sedan,Xe	Mazda 3	1.5 AT	2017	- 555 Triệu,Số tự động,,"50,000 Km",Trắng,Xăng	1.5 L,5 chỗ,4 cửa,Xe đã dùng,Lắp ráp trong nước
Crossover,Xe	Toyota Innova	2.0 Venturer	2018	- 740 Triệu,Số tự động,,"45,400 Km",Đỏ,Xăng	2.0 L,8 chỗ,5 cửa,Xe đã dùng,Lắp ráp trong nước
Hatchback,Xe	Mazda 3	1.5 AT	2017	- 545 Triệu,Số tự động,,"42,000 Km",Đỏ,Xăng	1.5 L,5 chỗ,5 cửa,Xe đã dùng,Lắp ráp trong nước
Crossover,Xe	Hyundai Tucson	2.0 AT Tiêu chuẩn	2022	- 825 Triệu,Số tự động,,0 Km,Trắng,Xăng	2.0 L,5 chỗ,5 cửa,Xe mới,Lắp ráp trong nước
Sedan,Xe	Daewoo Lanos	SX	2003	- 78 Triệu,Số tay,,"150,000 Km",Trắng,Xăng	1.5 L,5 chỗ,4 cửa,Xe đã dùng,Lắp ráp trong nước
Sedan,Xe	Toyota Camry	2.5Q	2013	- 650 Triệu,Số tự động,,"110,000 Km",Trắng,Xăng	2.5 L,5 chỗ,4 cửa,Xe đã dùng,Lắp ráp trong nước
SUV,Xe	Lexus LX	570 Super Sport	2018	- 9 Tỷ 200 Triệu,Số tự động,,"20,000 Km",Đen,Xăng	5.7 L,4 chỗ,5 cửa,Xe đã dùng,Nhập khẩu
Sedan,Xe	Toyota Corolla altis	1.8G MT	2014	- 445 Triệu,Số tay,,"70,000 Km",Đen,Xăng	1.8 L,5 chỗ,4 cửa,Xe đã dùng,Lắp ráp trong nước
Sedan,Xe	Mazda 3	1.5L Premium	2021	- 765 Triệu,Số tự động,,"15,000 Km",Đỏ,Xăng	1.5 L,5 chỗ,4 cửa,Xe đã dùng,Lắp ráp trong nước
Hatchback,Xe	Kia Morning	AT	2019	- 335 Triệu,Số tự động,,"20,000 Km",Trắng,Xăng	1.25 L,5 chỗ,5 cửa,Xe đã dùng,Lắp ráp trong nước
Sedan,Xe	Mercedes Benz C class	C200 Exclusive	2019	- 1 Tỷ 380 Triệu,Số tự động,,0 Km,Xanh,Xăng	2.0 L,5 chỗ,4 cửa,Xe đã dùng,Lắp ráp trong nước
Hatchback,Xe	Kia Morning	SLX 1.0 AT	2010	- 225 Triệu,Số tự động,,"120,000 Km",Xanh,Xăng	1.0 L,5 chỗ,5 cửa,Xe đã dùng,Nhập khẩu
SUV,Xe	Toyota Prado	TXL 2.7L	2015	- 1 Tỷ 550 Triệu,Số tự động,,"75,000 Km",Đen,Xăng	2.7 L,7 chỗ,5 cửa,Xe đã dùng,Nhập khẩu
SUV,Xe	Ford Explorer	Limited 2.3L EcoBoost	2017	- 1 Tỷ 420 Triệu,Số tự động,,"84,000 Km",Ghi,Xăng	2.3 L,7 chỗ,5 cửa,Xe đã dùng,Nhập khẩu
SUV,Xe	Mitsubishi Outlander	2.0 CVT	2019	- 700 Triệu,Số tự động,,"42,000 Km",Đỏ,Xăng	2.0 L,7 chỗ,5 cửa,Xe đã dùng,Lắp ráp trong nước
Hatchback,Xe	Kia Morning	Luxury	2019	- 375 Triệu,Số tự động,,"24,000 Km",Vàng,Xăng	1.25 L,5 chỗ,5 cửa,Xe đã dùng,Lắp ráp trong nước
Crossover,Xe	Hyundai Creta	1.6 AT GAS	2015	- 498 Triệu,Số tự động,,"91,000 Km",Đỏ,Xăng	1.6 L,5 chỗ,5 cửa,Xe đã dùng,Nhập khẩu
Sedan,Xe	Honda Civic	1.5G Vtec Turbo	2018	- 695 Triệu,Số tự động,,"40,000 Km",Đỏ,Xăng	1.5 L,5 chỗ,4 cửa,Xe đã dùng,Nhập khẩu
Sedan,Xe	Chevrolet Cruze	LT 1.6 MT	2016	- 320 Triệu,Số tay,,0 Km,Đen,Xăng	1.6 L,5 chỗ,4 cửa,Xe đã dùng,Lắp ráp trong nước
SUV,Xe	Toyota Prado	TXL 2.7L	2014	- 1 Tỷ 350 Triệu,Số tự động,,"100,000 Km",Vàng,Xăng	2.7 L,7 chỗ,5 cửa,Xe đã dùng,Nhập khẩu
Crossover,Xe	Honda HRV	G	2019	- 669 Triệu,Số tự động,,"16,568 Km",Trắng,Xăng	1.8 L,5 chỗ,5 cửa,Xe đã dùng,Nhập khẩu
SUV,Xe	Toyota Fortuner	2.7V 4x4 AT	2013	- 465 Triệu,Số tự động,,"90,000 Km",Bạc,Xăng	2.7 L,8 chỗ,5 cửa,Xe đã dùng,Lắp ráp trong nước
Sedan,Xe	Toyota Vios	G 1.5 CVT	2022	- 586 Triệu,Số tự động,,0 Km,Đỏ,Xăng	1.5 L,5 chỗ,4 cửa,Xe mới,Lắp ráp trong nước
Crossover,Xe	Toyota Venza	2.7	2009	- 535 Triệu,Số tự động,,"115,000 Km",Bạc,Xăng	2.7 L,5 chỗ,5 cửa,Xe đã dùng,Nhập khẩu
Crossover,Xe	Mazda CX 30	2.0L Luxury	2022	- 849 Triệu,Số tự động,,0 Km,Đỏ,Xăng,5 chỗ,5 cửa,Xe mới,Nhập khẩu
Van/Minivan,Xe	Ford Transit	Tiêu chuẩn	2022	- 800 Triệu,Số tay,,0 Km,Đen,Dầu	2.2 L,16 chỗ,4 cửa,Xe mới,Lắp ráp trong nước
SUV,Xe	Mazda CX5	Premium 2.0 AT	2021	- 938 Triệu,Số tự động,,"16,000 Km",Trắng,Xăng	2.0 L,5 chỗ,5 cửa,Xe đã dùng,Lắp ráp trong nước
Sedan,Xe	Hyundai Avante	1.6 MT	2015	- 285 Triệu,Số tay,,0 Km,Trắng,Xăng	1.6 L,5 chỗ,4 cửa,Xe đã dùng,Lắp ráp trong nước
SUV,Xe	Ford Everest	Titanium 2.0L 4x2 AT	2022	- 1 Tỷ 181 Triệu,Số tự động,,0 Km,Xanh,Dầu	2.0 L,7 chỗ,5 cửa,Xe mới,Nhập khẩu
Bán tải / Pickup,Xe	Ford Ranger	Wildtrak 3.2L 4x4 AT	2017	- 815 Triệu,Số tự động,,0 Km,Đen,Dầu	3.2 L,5 chỗ,4 cửa,Xe đã dùng,Nhập khẩu
Sedan,Xe	Toyota Corolla altis	1.8G MT	2014	- 420 Triệu,Số tay,,"60,000 Km",Đen,Xăng	1.8 L,5 chỗ,4 cửa,Xe đã dùng,Lắp ráp trong nước
Hatchback,Xe	Suzuki Swift	1.4 AT	2015	- 345 Triệu,Số tự động,,"63,000 Km",Xanh,Xăng	1.4 L,5 chỗ,5 cửa,Xe đã dùng,Lắp ráp trong nước
SUV,Xe	Isuzu Hi lander	V-spec 2.5 MT	2004	- 165 Triệu,Số tay,,"150,000 Km",Trắng,Dầu	2.5 L,8 chỗ,5 cửa,Xe đã dùng,Lắp ráp trong nước
Bán tải / Pickup,Xe	Toyota Hilux	3.0G 4x4 MT	2014	- 485 Triệu,Số tay,,0 Km,Xám,Dầu	3.0 L,5 chỗ,4 cửa,Xe đã dùng,Nhập khẩu
Sedan,Xe	Mazda 6	2.0L Premium	2016	- 699 Triệu,Số tự động,,0 Km,Trắng,Xăng	2.0 L,5 chỗ,4 cửa,Xe đã dùng,Lắp ráp trong nước
SUV,Xe	Jeep Wrangler	Sahara	2022	- 3 Tỷ 586 Triệu,Số tự động,,0 Km,Đỏ,Xăng,5 chỗ,5 cửa,Xe mới,Nhập khẩu
SUV,Xe	Mitsubishi Pajero Sport	D 4x4 MT	2012	- 490 Triệu,Số tay,,"86,000 Km",Cát,Dầu	2.5 L,7 chỗ,5 cửa,Xe đã dùng,Lắp ráp trong nước
Bán tải / Pickup,Xe	Ford Ranger	XL 2.2L 4x4 MT	2013	- 438 Triệu,Số tay,,"87,000 Km",Cát,Dầu	2.2 L,5 chỗ,4 cửa,Xe đã dùng,Nhập khẩu
Sedan,Xe	Toyota Vios	1.5E	2018	- 400 Triệu,Số tay,,"60,000 Km",Đen,Xăng	1.5 L,5 chỗ,4 cửa,Xe đã dùng,Lắp ráp trong nước
Crossover,Xe	Kia Seltos	Luxury 1.4 AT	2021	- 720 Triệu,Số tự động,,"15,000 Km",Trắng,Xăng	1.4 L,5 chỗ,5 cửa,Xe đã dùng,Lắp ráp trong nước
Truck,Xe	Hyundai Mighty	110SP	2022	- 910 Triệu,Số tay,,0 Km,Trắng,Dầu	3.9 L,3 chỗ,2 cửa,Xe mới,Nhập khẩu
Bán tải / Pickup,Xe	Ford Ranger	XLS 2.2L 4x2 AT	2022	- 660 Triệu,Số tự động,,0 Km,Đen,Dầu	2.2 L,5 chỗ,4 cửa,Xe mới,Lắp ráp trong nước
Sedan,Xe	Mazda 3	2.0L Signature Premium	2022	- 789 Triệu,Số tự động,,0 Km,Đỏ,Xăng	2.0 L,5 chỗ,4 cửa,Xe mới,Lắp ráp trong nước
Sedan,Xe	Mazda 3	1.6 AT	2005	- 215 Triệu,Số tự động,,"167,218 Km",Đen,Xăng	1.6 L,5 chỗ,4 cửa,Xe đã dùng,Lắp ráp trong nước
SUV,Xe	Mitsubishi Xpander	Cross 1.5 AT	2022	- 670 Triệu,Số tự động,,0 Km,Trắng,Xăng	1.5 L,7 chỗ,5 cửa,Xe mới,Nhập khẩu
SUV,Xe	Mercedes Benz GLC	200	2020	- 1 Tỷ 739 Triệu,Số tự động,,"6,000 Km",Trắng,Xăng	2.0 L,5 chỗ,5 cửa,Xe đã dùng,Lắp ráp trong nước
SUV,Xe	Toyota Fortuner	2.7V 4x4 AT	2009	- 373 Triệu,Số tự động,,"120,000 Km",Đen,Xăng	2.7 L,8 chỗ,5 cửa,Xe đã dùng,Lắp ráp trong nước
Sedan,Xe	Toyota Vios	1.5G	2020	- 539 Triệu,Số tự động,,"43,000 Km",Trắng,Xăng	1.5 L,5 chỗ,4 cửa,Xe đã dùng,Lắp ráp trong nước
Hatchback,Xe	Kia Morning	Si MT	2015	- 169 Triệu,Số tay,,"6,886 Km",Cát,Xăng	1.25 L,5 chỗ,5 cửa,Xe đã dùng,Lắp ráp trong nước
Bán tải / Pickup,Xe	Ford Ranger	Raptor 2.0L 4x4 AT	2019	- 1 Tỷ 285 Triệu,Số tự động,,"17,000 Km",Xanh,Dầu	2.0 L,5 chỗ,4 cửa,Xe đã dùng,Nhập khẩu
Sedan,Xe	Hyundai Accent	1.4 AT	2020	- 495 Triệu,Số tự động,,"28,000 Km",Đỏ,Xăng	1.4 L,5 chỗ,4 cửa,Xe đã dùng,Lắp ráp trong nước
Sedan,Xe	Honda City	1.5 AT	2017	- 445 Triệu,Số tự động,,"38,000 Km",Đỏ,Xăng	1.5 L,5 chỗ,4 cửa,Xe đã dùng,Lắp ráp trong nước
Sedan,Xe	VinFast Lux A 2.0	Nâng cao	2022	- 948 Triệu,Số tự động,,0 Km,Trắng,Xăng	2.0 L,5 chỗ,4 cửa,Xe mới,Lắp ráp trong nước
Van/Minivan,Xe	Kia Morning	Van 1.0 AT	2015	- 265 Triệu,Số tự động,,"47,000 Km",Kem,Xăng	1.0 L,2 chỗ,5 cửa,Xe đã dùng,Nhập khẩu
Bán tải / Pickup,Xe	Ford Ranger	Wildtrak 3.2L 4x4 AT	2017	- 809 Triệu,Số tự động,,"58,000 Km",Đỏ,Dầu	3.2 L,5 chỗ,4 cửa,Xe đã dùng,Nhập khẩu
Van/Minivan,Xe	Suzuki Super Carry Van	Blind Van	2022	- 260 Triệu,Số tay,,0 Km,Trắng,Xăng	1.0 L,2 chỗ,5 cửa,Xe mới,Lắp ráp trong nước
Sedan,Xe	Toyota Camry	2.5Q	2019	- 1 Tỷ 165 Triệu,Số tự động,,"30,000 Km",Nâu,Xăng	2.5 L,5 chỗ,4 cửa,Xe đã dùng,Nhập khẩu
SUV,Xe	Kia Sorento	GAT 2.4L 4WD	2011	- 448 Triệu,Số tự động,,"68,000 Km",Bạc,Xăng	2.4 L,7 chỗ,5 cửa,Xe đã dùng,Nhập khẩu
Sedan,Xe	Toyota Camry	2.5Q	2022	- 1 Tỷ 370 Triệu,Số tự động,,0 Km,Trắng,Xăng	2.5 L,5 chỗ,4 cửa,Xe mới,Nhập khẩu
SUV,Xe	Toyota Corolla Cross	1.8V	2022	- 825 Triệu,Số tự động,,0 Km,Đỏ,Xăng	1.8 L,5 chỗ,5 cửa,Xe mới,Nhập khẩu
Sedan,Xe	Kia K3	Premium 2.0 AT	2022	- 725 Triệu,Số tự động,,"5,000 Km",Đỏ,Xăng	2.0 L,5 chỗ,4 cửa,Xe đã dùng,Lắp ráp trong nước
Hatchback,Xe	Mini Cooper	Clubman S	2022	- 2 Tỷ 459 Triệu,Số tự động,,0 Km,Xanh,Xăng	2.0 L,5 chỗ,3 cửa,Xe mới,Nhập khẩu
Sedan,Xe	Mercedes Benz E class	E250 AMG	2015	- 1 Tỷ 90 Triệu,Số tự động,,"67,000 Km",Đen,Xăng	2.0 L,5 chỗ,4 cửa,Xe đã dùng,Lắp ráp trong nước
Sedan,Xe	Toyota Vios	1.5G	2008	- 289 Triệu,Số tự động,,"80,000 Km",Bạc,Xăng	1.5 L,5 chỗ,4 cửa,Xe đã dùng,Lắp ráp trong nước
SUV,Xe	Audi Q5	2.0 AT	2018	- 1 Tỷ 885 Triệu,Số tự động,,"33,000 Km",Xanh,Xăng	2.0 L,5 chỗ,5 cửa,Xe đã dùng,Nhập khẩu
Sedan,Xe	MG 5	Luxury 1.5 AT	2022	- 504 Triệu,Số tự động,,0 Km,Đỏ,Xăng	1.5 L,5 chỗ,4 cửa,Xe mới,Nhập khẩu
SUV,Xe	Mazda CX5	Luxury 2.0 AT	2021	- 880 Triệu,Số tự động,,"6,000 Km",Trắng,Xăng	2.0 L,5 chỗ,5 cửa,Xe đã dùng,Lắp ráp trong nước
Bán tải / Pickup,Xe	Chevrolet Colorado	LTZ 2.8L 4x4 AT	2017	- 645 Triệu,Số tự động,,"70,000 Km",Bạc,Dầu	2.8 L,5 chỗ,4 cửa,Xe đã dùng,Nhập khẩu
SUV,Xe	Ford Everest	Titanium 2.0L 4x4 AT	2020	- 1 Tỷ 279 Triệu,Số tự động,,"20,000 Km",Đỏ,Dầu	2.0 L,7 chỗ,5 cửa,Xe đã dùng,Nhập khẩu
Sedan,Xe	Porsche Panamera	3.0 V6	2019	- 5 Tỷ 950 Triệu,Số tự động,,"18,000 Km",Trắng,Xăng	3.0 L,4 chỗ,4 cửa,Xe đã dùng,Nhập khẩu
Hatchback,Xe	VinFast Fadil	1.4 AT Plus	2019	- 335 Triệu,Số tự động,,"32,817 Km",Ghi,Xăng	1.4 L,5 chỗ,5 cửa,Xe đã dùng,Lắp ráp trong nước
Van/Minivan,Xe	Ford Transit	Tiêu chuẩn	2022	- 845 Triệu,Số tay,,0 Km,Bạc,Dầu	2.2 L,16 chỗ,4 cửa,Xe mới,Lắp ráp trong nước
Truck,Xe	Isuzu QKR	1.9T	2022	- 590 Triệu,Số tay,,0 Km,Trắng,Dầu,3 chỗ,2 cửa,Xe mới,Lắp ráp trong nước
Hatchback,Xe	Kia Morning	MT	2022	- 289 Triệu,Số tay,,0 Km,Trắng,Xăng	1.25 L,5 chỗ,5 cửa,Xe mới,Lắp ráp trong nước
Sedan,Xe	Hyundai i10	1.2 AT	2022	- 435 Triệu,Số tự động,,0 Km,Đỏ,Xăng	1.25 L,5 chỗ,4 cửa,Xe mới,Lắp ráp trong nước
Hatchback,Xe	Hyundai i10	1.2 AT	2022	- 435 Triệu,Số tự động,,0 Km,Cát,Xăng	1.25 L,5 chỗ,5 cửa,Xe mới,Lắp ráp trong nước
Sedan,Xe	Kia K7	2.4 AT	2010	- 479 Triệu,Số tự động,,0 Km,Nâu,Xăng	2.4 L,5 chỗ,4 cửa,Xe đã dùng,Nhập khẩu
SUV,Xe	Mercedes Benz GLC	200	2018	- 1 Tỷ 399 Triệu,Số tự động,,"40,000 Km",Đỏ,Xăng	2.0 L,5 chỗ,5 cửa,Xe đã dùng,Lắp ráp trong nước
SUV,Xe	Peugeot 5008	GT 1.6L	2022	- 1 Tỷ 273 Triệu,Số tự động,,0 Km,Xanh,Xăng	1.6 L,7 chỗ,5 cửa,Xe mới,Lắp ráp trong nước
Sedan,Xe	Toyota Corolla altis	1.8G AT	2008	- 300 Triệu,Số tự động,,1 Km,Đen,Xăng	1.8 L,5 chỗ,4 cửa,Xe đã dùng,Lắp ráp trong nước
Bán tải / Pickup,Xe	Ford Ranger	XLS 2.2L 4x2 MT	2022	- 642 Triệu,Số tay,,0 Km,Đen,Dầu	2.2 L,5 chỗ,4 cửa,Xe mới,Lắp ráp trong nước
Sedan,Xe	Honda City	L 1.5 AT	2022	- 569 Triệu,Số tự động,,0 Km,Đen,Xăng	1.5 L,5 chỗ,4 cửa,Xe mới,Lắp ráp trong nước
SUV,Xe	Hyundai SantaFe	2.4L HTRAC	2019	- 1 Tỷ 50 Triệu,Số tự động,,"24,000 Km",Trắng,Xăng	2.4 L,7 chỗ,5 cửa,Xe đã dùng,Lắp ráp trong nước
Crossover,Xe	Toyota Innova	G 2.0 AT	2022	- 870 Triệu,Số tự động,,0 Km,Trắng,Xăng	2.0 L,8 chỗ,5 cửa,Xe mới,Lắp ráp trong nước
SUV,Xe	Nissan X trail	2.0 SL 2WD	2017	- 680 Triệu,Số tự động,,0 Km,Trắng,Xăng	2.0 L,7 chỗ,5 cửa,Xe đã dùng,Lắp ráp trong nước
SUV,Xe	Mitsubishi Outlander	2.4 CVT	2016	- 725 Triệu,Số tự động,,"45,000 Km",Đỏ,Xăng	2.4 L,7 chỗ,5 cửa,Xe đã dùng,Nhập khẩu
SUV,Xe	Nissan X trail	2.0 2WD	2017	- 635 Triệu,Số tự động,,0 Km,Xanh,Xăng	2.0 L,7 chỗ,5 cửa,Xe đã dùng,Lắp ráp trong nước
SUV,Xe	Lexus RX	350 AWD	2009	- 1 Tỷ 180 Triệu,Số tự động,,"130,000 Km",Bạc,Xăng	3.5 L,5 chỗ,5 cửa,Xe đã dùng,Nhập khẩu
Sedan,Xe	Mercedes Benz S class	S400L	2015	- 2 Tỷ 199 Triệu,Số tự động,,"40,000 Km",Đen,Xăng	3.0 L,5 chỗ,4 cửa,Xe đã dùng,Lắp ráp trong nước
Sedan,Xe	Toyota Camry	2.0E	2018	- 770 Triệu,Số tự động,,"42,000 Km",Cát,Xăng	2.0 L,5 chỗ,4 cửa,Xe đã dùng,Lắp ráp trong nước
Sedan,Xe	Kia Cerato	2.0 AT Premium	2020	- 665 Triệu,Số tự động,,"22,000 Km",Xanh,Xăng	2.0 L,5 chỗ,4 cửa,Xe đã dùng,Lắp ráp trong nước
SUV,Xe	Mitsubishi Pajero Sport	3.0G STD 4x4 AT	2017	- 830 Triệu,Số tự động,,"60,000 Km",Đen,Xăng	3.0 L,7 chỗ,5 cửa,Xe đã dùng,Nhập khẩu
SUV,Xe	LandRover Range Rover	HSE 3.0	2014	- 3 Tỷ 750 Triệu,Số tự động,,"70,000 Km",Vàng,Xăng	3.0 L,5 chỗ,5 cửa,Xe đã dùng,Nhập khẩu
SUV,Xe	Mazda CX5	2.5 AT 2WD	2018	- 818 Triệu,Số tự động,,"48,000 Km",Trắng,Xăng	2.5 L,5 chỗ,5 cửa,Xe đã dùng,Lắp ráp trong nước
Crossover,Xe	Hyundai Creta	Đặc biệt 1.5 AT	2022	- 670 Triệu,Số tự động,,0 Km,Đỏ,Xăng	1.5 L,5 chỗ,5 cửa,Xe mới,Nhập khẩu
SUV,Xe	Lexus RX	350	2017	- 3 Tỷ 250 Triệu,Số tự động,,"25,000 Km",Trắng,Xăng	3.5 L,5 chỗ,5 cửa,Xe đã dùng,Nhập khẩu
Sedan,Xe	Ford Mondeo	2.5 AT	2003	- 139 Triệu,Số tự động,,"123,000 Km",Đen,Xăng	2.5 L,5 chỗ,4 cửa,Xe đã dùng,Lắp ráp trong nước
Crossover,Xe	Kia Seltos	Luxury 1.4 AT	2022	- 704 Triệu,Số tự động,,0 Km,Đỏ,Xăng	1.4 L,5 chỗ,5 cửa,Xe mới,Lắp ráp trong nước
Sedan,Xe	Toyota Vios	1.5G	2019	- 492 Triệu,Số tự động,,"38,000 Km",Vàng,Xăng	1.5 L,5 chỗ,4 cửa,Xe đã dùng,Lắp ráp trong nước
SUV,Xe	Kia Sorento	Signature 2.2 AT AWD	2021	- 1 Tỷ 299 Triệu,Số tự động,,"20,000 Km",Trắng,Dầu	2.2 L,6 chỗ,5 cửa,Xe đã dùng,Lắp ráp trong nước
Van/Minivan,Xe	Dongben SRM X30	2021	- 220 Triệu,Số tay,,"22,000 Km",Đen,Xăng,2 chỗ,5 cửa,Xe đã dùng,Lắp ráp trong nước
Sedan,Xe	Mercedes Benz E class	E200	2018	- 1 Tỷ 715 Triệu,Số tự động,,0 Km,Đen,Xăng	2.0 L,5 chỗ,4 cửa,Xe đã dùng,Lắp ráp trong nước
Sedan,Xe	Honda City	RS 1.5 AT	2021	- 616 Triệu,Số tự động,,"17,000 Km",Đỏ,Xăng	1.5 L,5 chỗ,4 cửa,Xe đã dùng,Lắp ráp trong nước
SUV,Xe	Toyota Fortuner	2.4G 4x2 MT	2020	- 1 Tỷ 40 Triệu,Số tay,,"16,000 Km",Nâu,Dầu	2.4 L,8 chỗ,5 cửa,Xe đã dùng,Lắp ráp trong nước
SUV,Xe	Peugeot 5008	GT 1.6 AT	2022	- 1 Tỷ 312 Triệu,Số tự động,,0 Km,Nâu,Xăng	1.6 L,7 chỗ,5 cửa,Xe mới,Lắp ráp trong nước
SUV,Xe	Nissan X trail	V Series 2.5 SV Premium 4WD	2019	- 850 Triệu,Số tự động,,"40,000 Km",Đen,Xăng	2.5 L,7 chỗ,5 cửa,Xe đã dùng,Lắp ráp trong nước
SUV,Xe	Toyota Corolla Cross	1.8HV	2021	- 1 Tỷ ,Số tự động,,"5,100 Km",Xanh,Hybrid	1.8 L,5 chỗ,5 cửa,Xe đã dùng,Nhập khẩu
Sedan,Xe	Mazda 2	Luxury	2022	- 559 Triệu,Số tự động,,0 Km,Đỏ,Xăng	1.5 L,5 chỗ,4 cửa,Xe mới,Nhập khẩu
Sedan,Xe	Mazda 6	2.0L Premium	2018	- 699 Triệu,Số tự động,,"60,000 Km",Trắng,Xăng	2.0 L,5 chỗ,4 cửa,Xe đã dùng,Lắp ráp trong nước
Sedan,Xe	Toyota Camry	2.5Q	2019	- 1 Tỷ 130 Triệu,Số tự động,,0 Km,Đen,Xăng	2.5 L,5 chỗ,4 cửa,Xe đã dùng,Nhập khẩu
Sedan,Xe	Mercedes Benz C class	C200 Exclusive	2020	- 1 Tỷ 589 Triệu,Số tự động,,"10,000 Km",Trắng,Xăng	2.0 L,5 chỗ,4 cửa,Xe đã dùng,Lắp ráp trong nước
SUV,Xe	Peugeot 5008	GT 1.6 AT	2022	- 1 Tỷ 289 Triệu,Số tự động,,0 Km,Đen,Xăng	1.6 L,7 chỗ,5 cửa,Xe mới,Lắp ráp trong nước
Van/Minivan,Xe	Ford Transit	Tiêu chuẩn	2022	- 800 Triệu,Số tay,,0 Km,Nâu,Dầu	2.2 L,16 chỗ,4 cửa,Xe mới,Lắp ráp trong nước
Crossover,Xe	Hyundai Tucson	2.0 AT	2019	- 780 Triệu,Số tự động,,"26,292 Km",Đỏ,Xăng	2.0 L,5 chỗ,5 cửa,Xe đã dùng,Lắp ráp trong nước
SUV,Xe	Mazda CX5	2.0 Deluxe	2020	- 815 Triệu,Số tự động,,"25,000 Km",Trắng,Xăng	2.0 L,5 chỗ,5 cửa,Xe đã dùng,Lắp ráp trong nước
SUV,Xe	Porsche Macan	2.0	2016	- 2 Tỷ 850 Triệu,Số tự động,,"34,000 Km",Trắng,Xăng	2.0 L,5 chỗ,5 cửa,Xe đã dùng,Nhập khẩu
SUV,Xe	Ford EcoSport	Titanium 1.5L AT	2014	- 396 Triệu,Số tự động,,"82,000 Km",Cam,Xăng	1.5 L,5 chỗ,5 cửa,Xe đã dùng,Lắp ráp trong nước
Crossover,Xe	Hyundai Creta	Tiêu chuẩn 1.5 AT	2022	- 620 Triệu,Số tự động,,0 Km,Trắng,Xăng	1.5 L,5 chỗ,4 cửa,Xe mới,Nhập khẩu
